DName,DType,DN_DT,Jahr,Stromverbrauch(Haushalt)
Alb-Donau-Kreis,Landkreis,Alb-Donau-Kreis (Landkreis),1991,1007
Alb-Donau-Kreis,Landkreis,Alb-Donau-Kreis (Landkreis),1992,1030
Alb-Donau-Kreis,Landkreis,Alb-Donau-Kreis (Landkreis),1993,1062
Alb-Donau-Kreis,Landkreis,Alb-Donau-Kreis (Landkreis),1994,1051
Alb-Donau-Kreis,Landkreis,Alb-Donau-Kreis (Landkreis),1995,1096
Alb-Donau-Kreis,Landkreis,Alb-Donau-Kreis (Landkreis),1996,1161
Alb-Donau-Kreis,Landkreis,Alb-Donau-Kreis (Landkreis),1997,1127
Alb-Donau-Kreis,Landkreis,Alb-Donau-Kreis (Landkreis),1998,1142
Alb-Donau-Kreis,Landkreis,Alb-Donau-Kreis (Landkreis),1999,1159
Alb-Donau-Kreis,Landkreis,Alb-Donau-Kreis (Landkreis),2000,1149
Alb-Donau-Kreis,Landkreis,Alb-Donau-Kreis (Landkreis),2001,1169
Alb-Donau-Kreis,Landkreis,Alb-Donau-Kreis (Landkreis),2002,1210
Alb-Donau-Kreis,Landkreis,Alb-Donau-Kreis (Landkreis),2003,1248
Alb-Donau-Kreis,Landkreis,Alb-Donau-Kreis (Landkreis),2004,1279
Alb-Donau-Kreis,Landkreis,Alb-Donau-Kreis (Landkreis),2005,1360
Alb-Donau-Kreis,Landkreis,Alb-Donau-Kreis (Landkreis),2006,1347
Alb-Donau-Kreis,Landkreis,Alb-Donau-Kreis (Landkreis),2007,1318
Alb-Donau-Kreis,Landkreis,Alb-Donau-Kreis (Landkreis),2008,1314
Alb-Donau-Kreis,Landkreis,Alb-Donau-Kreis (Landkreis),2009,1301
Alb-Donau-Kreis,Landkreis,Alb-Donau-Kreis (Landkreis),2010,1326
Alb-Donau-Kreis,Landkreis,Alb-Donau-Kreis (Landkreis),2011,1117
Alb-Donau-Kreis,Landkreis,Alb-Donau-Kreis (Landkreis),2012,1100
Alb-Donau-Kreis,Landkreis,Alb-Donau-Kreis (Landkreis),2013,1084
Alb-Donau-Kreis,Landkreis,Alb-Donau-Kreis (Landkreis),2014,1048
Alb-Donau-Kreis,Landkreis,Alb-Donau-Kreis (Landkreis),2015,1068
Alb-Donau-Kreis,Landkreis,Alb-Donau-Kreis (Landkreis),2016,1050
Alb-Donau-Kreis,Landkreis,Alb-Donau-Kreis (Landkreis),2017,1041
Alb-Donau-Kreis,Landkreis,Alb-Donau-Kreis (Landkreis),2018,1012
Alb-Donau-Kreis,Landkreis,Alb-Donau-Kreis (Landkreis),2019,1084
Alb-Donau-Kreis,Landkreis,Alb-Donau-Kreis (Landkreis),2020,1076
Alb-Donau-Kreis,Landkreis,Alb-Donau-Kreis (Landkreis),2021,1138
Alb-Donau-Kreis,Landkreis,Alb-Donau-Kreis (Landkreis),2022,1098
Alb-Donau-Kreis,Landkreis,Alb-Donau-Kreis (Landkreis),2023,1001
Baden-Baden,kreisfreie Stadt,Baden-Baden (kreisfreie Stadt),1991,307
Baden-Baden,kreisfreie Stadt,Baden-Baden (kreisfreie Stadt),1992,311
Baden-Baden,kreisfreie Stadt,Baden-Baden (kreisfreie Stadt),1993,315
Baden-Baden,kreisfreie Stadt,Baden-Baden (kreisfreie Stadt),1994,309
Baden-Baden,kreisfreie Stadt,Baden-Baden (kreisfreie Stadt),1995,321
Baden-Baden,kreisfreie Stadt,Baden-Baden (kreisfreie Stadt),1996,339
Baden-Baden,kreisfreie Stadt,Baden-Baden (kreisfreie Stadt),1997,326
Baden-Baden,kreisfreie Stadt,Baden-Baden (kreisfreie Stadt),1998,327
Baden-Baden,kreisfreie Stadt,Baden-Baden (kreisfreie Stadt),1999,330
Baden-Baden,kreisfreie Stadt,Baden-Baden (kreisfreie Stadt),2000,326
Baden-Baden,kreisfreie Stadt,Baden-Baden (kreisfreie Stadt),2001,332
Baden-Baden,kreisfreie Stadt,Baden-Baden (kreisfreie Stadt),2002,345
Baden-Baden,kreisfreie Stadt,Baden-Baden (kreisfreie Stadt),2003,356
Baden-Baden,kreisfreie Stadt,Baden-Baden (kreisfreie Stadt),2004,366
Baden-Baden,kreisfreie Stadt,Baden-Baden (kreisfreie Stadt),2005,390
Baden-Baden,kreisfreie Stadt,Baden-Baden (kreisfreie Stadt),2006,388
Baden-Baden,kreisfreie Stadt,Baden-Baden (kreisfreie Stadt),2007,380
Baden-Baden,kreisfreie Stadt,Baden-Baden (kreisfreie Stadt),2008,378
Baden-Baden,kreisfreie Stadt,Baden-Baden (kreisfreie Stadt),2009,373
Baden-Baden,kreisfreie Stadt,Baden-Baden (kreisfreie Stadt),2010,381
Baden-Baden,kreisfreie Stadt,Baden-Baden (kreisfreie Stadt),2011,314
Baden-Baden,kreisfreie Stadt,Baden-Baden (kreisfreie Stadt),2012,309
Baden-Baden,kreisfreie Stadt,Baden-Baden (kreisfreie Stadt),2013,306
Baden-Baden,kreisfreie Stadt,Baden-Baden (kreisfreie Stadt),2014,296
Baden-Baden,kreisfreie Stadt,Baden-Baden (kreisfreie Stadt),2015,301
Baden-Baden,kreisfreie Stadt,Baden-Baden (kreisfreie Stadt),2016,295
Baden-Baden,kreisfreie Stadt,Baden-Baden (kreisfreie Stadt),2017,293
Baden-Baden,kreisfreie Stadt,Baden-Baden (kreisfreie Stadt),2018,284
Baden-Baden,kreisfreie Stadt,Baden-Baden (kreisfreie Stadt),2019,304
Baden-Baden,kreisfreie Stadt,Baden-Baden (kreisfreie Stadt),2020,301
Baden-Baden,kreisfreie Stadt,Baden-Baden (kreisfreie Stadt),2021,317
Baden-Baden,kreisfreie Stadt,Baden-Baden (kreisfreie Stadt),2022,307
Baden-Baden,kreisfreie Stadt,Baden-Baden (kreisfreie Stadt),2023,280
Biberach,Landkreis,Biberach (Landkreis),1991,971
Biberach,Landkreis,Biberach (Landkreis),1992,998
Biberach,Landkreis,Biberach (Landkreis),1993,1026
Biberach,Landkreis,Biberach (Landkreis),1994,1019
Biberach,Landkreis,Biberach (Landkreis),1995,1068
Biberach,Landkreis,Biberach (Landkreis),1996,1135
Biberach,Landkreis,Biberach (Landkreis),1997,1106
Biberach,Landkreis,Biberach (Landkreis),1998,1123
Biberach,Landkreis,Biberach (Landkreis),1999,1137
Biberach,Landkreis,Biberach (Landkreis),2000,1131
Biberach,Landkreis,Biberach (Landkreis),2001,1153
Biberach,Landkreis,Biberach (Landkreis),2002,1196
Biberach,Landkreis,Biberach (Landkreis),2003,1235
Biberach,Landkreis,Biberach (Landkreis),2004,1266
Biberach,Landkreis,Biberach (Landkreis),2005,1348
Biberach,Landkreis,Biberach (Landkreis),2006,1337
Biberach,Landkreis,Biberach (Landkreis),2007,1310
Biberach,Landkreis,Biberach (Landkreis),2008,1306
Biberach,Landkreis,Biberach (Landkreis),2009,1297
Biberach,Landkreis,Biberach (Landkreis),2010,1323
Biberach,Landkreis,Biberach (Landkreis),2011,1123
Biberach,Landkreis,Biberach (Landkreis),2012,1104
Biberach,Landkreis,Biberach (Landkreis),2013,1089
Biberach,Landkreis,Biberach (Landkreis),2014,1055
Biberach,Landkreis,Biberach (Landkreis),2015,1079
Biberach,Landkreis,Biberach (Landkreis),2016,1065
Biberach,Landkreis,Biberach (Landkreis),2017,1061
Biberach,Landkreis,Biberach (Landkreis),2018,1031
Biberach,Landkreis,Biberach (Landkreis),2019,1107
Biberach,Landkreis,Biberach (Landkreis),2020,1098
Biberach,Landkreis,Biberach (Landkreis),2021,1158
Biberach,Landkreis,Biberach (Landkreis),2022,1124
Biberach,Landkreis,Biberach (Landkreis),2023,1026
Bodenseekreis,Landkreis,Bodenseekreis (Landkreis),1991,1095
Bodenseekreis,Landkreis,Bodenseekreis (Landkreis),1992,1116
Bodenseekreis,Landkreis,Bodenseekreis (Landkreis),1993,1143
Bodenseekreis,Landkreis,Bodenseekreis (Landkreis),1994,1125
Bodenseekreis,Landkreis,Bodenseekreis (Landkreis),1995,1173
Bodenseekreis,Landkreis,Bodenseekreis (Landkreis),1996,1243
Bodenseekreis,Landkreis,Bodenseekreis (Landkreis),1997,1208
Bodenseekreis,Landkreis,Bodenseekreis (Landkreis),1998,1223
Bodenseekreis,Landkreis,Bodenseekreis (Landkreis),1999,1242
Bodenseekreis,Landkreis,Bodenseekreis (Landkreis),2000,1231
Bodenseekreis,Landkreis,Bodenseekreis (Landkreis),2001,1256
Bodenseekreis,Landkreis,Bodenseekreis (Landkreis),2002,1302
Bodenseekreis,Landkreis,Bodenseekreis (Landkreis),2003,1343
Bodenseekreis,Landkreis,Bodenseekreis (Landkreis),2004,1378
Bodenseekreis,Landkreis,Bodenseekreis (Landkreis),2005,1469
Bodenseekreis,Landkreis,Bodenseekreis (Landkreis),2006,1457
Bodenseekreis,Landkreis,Bodenseekreis (Landkreis),2007,1433
Bodenseekreis,Landkreis,Bodenseekreis (Landkreis),2008,1434
Bodenseekreis,Landkreis,Bodenseekreis (Landkreis),2009,1423
Bodenseekreis,Landkreis,Bodenseekreis (Landkreis),2010,1456
Bodenseekreis,Landkreis,Bodenseekreis (Landkreis),2011,1225
Bodenseekreis,Landkreis,Bodenseekreis (Landkreis),2012,1210
Bodenseekreis,Landkreis,Bodenseekreis (Landkreis),2013,1197
Bodenseekreis,Landkreis,Bodenseekreis (Landkreis),2014,1160
Bodenseekreis,Landkreis,Bodenseekreis (Landkreis),2015,1180
Bodenseekreis,Landkreis,Bodenseekreis (Landkreis),2016,1157
Bodenseekreis,Landkreis,Bodenseekreis (Landkreis),2017,1148
Bodenseekreis,Landkreis,Bodenseekreis (Landkreis),2018,1116
Bodenseekreis,Landkreis,Bodenseekreis (Landkreis),2019,1196
Bodenseekreis,Landkreis,Bodenseekreis (Landkreis),2020,1183
Bodenseekreis,Landkreis,Bodenseekreis (Landkreis),2021,1248
Bodenseekreis,Landkreis,Bodenseekreis (Landkreis),2022,1204
Bodenseekreis,Landkreis,Bodenseekreis (Landkreis),2023,1097
Breisgau-Hochschwarzwald,Landkreis,Breisgau-Hochschwarzwald (Landkreis),1991,1294
Breisgau-Hochschwarzwald,Landkreis,Breisgau-Hochschwarzwald (Landkreis),1992,1318
Breisgau-Hochschwarzwald,Landkreis,Breisgau-Hochschwarzwald (Landkreis),1993,1353
Breisgau-Hochschwarzwald,Landkreis,Breisgau-Hochschwarzwald (Landkreis),1994,1338
Breisgau-Hochschwarzwald,Landkreis,Breisgau-Hochschwarzwald (Landkreis),1995,1404
Breisgau-Hochschwarzwald,Landkreis,Breisgau-Hochschwarzwald (Landkreis),1996,1492
Breisgau-Hochschwarzwald,Landkreis,Breisgau-Hochschwarzwald (Landkreis),1997,1454
Breisgau-Hochschwarzwald,Landkreis,Breisgau-Hochschwarzwald (Landkreis),1998,1478
Breisgau-Hochschwarzwald,Landkreis,Breisgau-Hochschwarzwald (Landkreis),1999,1497
Breisgau-Hochschwarzwald,Landkreis,Breisgau-Hochschwarzwald (Landkreis),2000,1487
Breisgau-Hochschwarzwald,Landkreis,Breisgau-Hochschwarzwald (Landkreis),2001,1519
Breisgau-Hochschwarzwald,Landkreis,Breisgau-Hochschwarzwald (Landkreis),2002,1578
Breisgau-Hochschwarzwald,Landkreis,Breisgau-Hochschwarzwald (Landkreis),2003,1630
Breisgau-Hochschwarzwald,Landkreis,Breisgau-Hochschwarzwald (Landkreis),2004,1674
Breisgau-Hochschwarzwald,Landkreis,Breisgau-Hochschwarzwald (Landkreis),2005,1784
Breisgau-Hochschwarzwald,Landkreis,Breisgau-Hochschwarzwald (Landkreis),2006,1770
Breisgau-Hochschwarzwald,Landkreis,Breisgau-Hochschwarzwald (Landkreis),2007,1734
Breisgau-Hochschwarzwald,Landkreis,Breisgau-Hochschwarzwald (Landkreis),2008,1726
Breisgau-Hochschwarzwald,Landkreis,Breisgau-Hochschwarzwald (Landkreis),2009,1715
Breisgau-Hochschwarzwald,Landkreis,Breisgau-Hochschwarzwald (Landkreis),2010,1756
Breisgau-Hochschwarzwald,Landkreis,Breisgau-Hochschwarzwald (Landkreis),2011,1476
Breisgau-Hochschwarzwald,Landkreis,Breisgau-Hochschwarzwald (Landkreis),2012,1457
Breisgau-Hochschwarzwald,Landkreis,Breisgau-Hochschwarzwald (Landkreis),2013,1443
Breisgau-Hochschwarzwald,Landkreis,Breisgau-Hochschwarzwald (Landkreis),2014,1400
Breisgau-Hochschwarzwald,Landkreis,Breisgau-Hochschwarzwald (Landkreis),2015,1431
Breisgau-Hochschwarzwald,Landkreis,Breisgau-Hochschwarzwald (Landkreis),2016,1414
Breisgau-Hochschwarzwald,Landkreis,Breisgau-Hochschwarzwald (Landkreis),2017,1404
Breisgau-Hochschwarzwald,Landkreis,Breisgau-Hochschwarzwald (Landkreis),2018,1356
Breisgau-Hochschwarzwald,Landkreis,Breisgau-Hochschwarzwald (Landkreis),2019,1450
Breisgau-Hochschwarzwald,Landkreis,Breisgau-Hochschwarzwald (Landkreis),2020,1438
Breisgau-Hochschwarzwald,Landkreis,Breisgau-Hochschwarzwald (Landkreis),2021,1515
Breisgau-Hochschwarzwald,Landkreis,Breisgau-Hochschwarzwald (Landkreis),2022,1478
Breisgau-Hochschwarzwald,Landkreis,Breisgau-Hochschwarzwald (Landkreis),2023,1349
Böblingen,Landkreis,Böblingen (Landkreis),1991,1999
Böblingen,Landkreis,Böblingen (Landkreis),1992,2035
Böblingen,Landkreis,Böblingen (Landkreis),1993,2076
Böblingen,Landkreis,Böblingen (Landkreis),1994,2044
Böblingen,Landkreis,Böblingen (Landkreis),1995,2134
Böblingen,Landkreis,Böblingen (Landkreis),1996,2266
Böblingen,Landkreis,Böblingen (Landkreis),1997,2201
Böblingen,Landkreis,Böblingen (Landkreis),1998,2238
Böblingen,Landkreis,Böblingen (Landkreis),1999,2270
Böblingen,Landkreis,Böblingen (Landkreis),2000,2256
Böblingen,Landkreis,Böblingen (Landkreis),2001,2299
Böblingen,Landkreis,Böblingen (Landkreis),2002,2381
Böblingen,Landkreis,Böblingen (Landkreis),2003,2453
Böblingen,Landkreis,Böblingen (Landkreis),2004,2508
Böblingen,Landkreis,Böblingen (Landkreis),2005,2661
Böblingen,Landkreis,Böblingen (Landkreis),2006,2635
Böblingen,Landkreis,Böblingen (Landkreis),2007,2583
Böblingen,Landkreis,Böblingen (Landkreis),2008,2573
Böblingen,Landkreis,Böblingen (Landkreis),2009,2546
Böblingen,Landkreis,Böblingen (Landkreis),2010,2596
Böblingen,Landkreis,Böblingen (Landkreis),2011,2183
Böblingen,Landkreis,Böblingen (Landkreis),2012,2159
Böblingen,Landkreis,Böblingen (Landkreis),2013,2137
Böblingen,Landkreis,Böblingen (Landkreis),2014,2074
Böblingen,Landkreis,Böblingen (Landkreis),2015,2120
Böblingen,Landkreis,Böblingen (Landkreis),2016,2095
Böblingen,Landkreis,Böblingen (Landkreis),2017,2084
Böblingen,Landkreis,Böblingen (Landkreis),2018,2021
Böblingen,Landkreis,Böblingen (Landkreis),2019,2160
Böblingen,Landkreis,Böblingen (Landkreis),2020,2133
Böblingen,Landkreis,Böblingen (Landkreis),2021,2241
Böblingen,Landkreis,Böblingen (Landkreis),2022,2145
Böblingen,Landkreis,Böblingen (Landkreis),2023,1956
Calw,Landkreis,Calw (Landkreis),1991,891
Calw,Landkreis,Calw (Landkreis),1992,914
Calw,Landkreis,Calw (Landkreis),1993,936
Calw,Landkreis,Calw (Landkreis),1994,923
Calw,Landkreis,Calw (Landkreis),1995,956
Calw,Landkreis,Calw (Landkreis),1996,1005
Calw,Landkreis,Calw (Landkreis),1997,972
Calw,Landkreis,Calw (Landkreis),1998,980
Calw,Landkreis,Calw (Landkreis),1999,993
Calw,Landkreis,Calw (Landkreis),2000,982
Calw,Landkreis,Calw (Landkreis),2001,1001
Calw,Landkreis,Calw (Landkreis),2002,1037
Calw,Landkreis,Calw (Landkreis),2003,1066
Calw,Landkreis,Calw (Landkreis),2004,1089
Calw,Landkreis,Calw (Landkreis),2005,1152
Calw,Landkreis,Calw (Landkreis),2006,1135
Calw,Landkreis,Calw (Landkreis),2007,1106
Calw,Landkreis,Calw (Landkreis),2008,1095
Calw,Landkreis,Calw (Landkreis),2009,1083
Calw,Landkreis,Calw (Landkreis),2010,1099
Calw,Landkreis,Calw (Landkreis),2011,904
Calw,Landkreis,Calw (Landkreis),2012,886
Calw,Landkreis,Calw (Landkreis),2013,874
Calw,Landkreis,Calw (Landkreis),2014,846
Calw,Landkreis,Calw (Landkreis),2015,864
Calw,Landkreis,Calw (Landkreis),2016,847
Calw,Landkreis,Calw (Landkreis),2017,842
Calw,Landkreis,Calw (Landkreis),2018,817
Calw,Landkreis,Calw (Landkreis),2019,876
Calw,Landkreis,Calw (Landkreis),2020,870
Calw,Landkreis,Calw (Landkreis),2021,916
Calw,Landkreis,Calw (Landkreis),2022,878
Calw,Landkreis,Calw (Landkreis),2023,799
Emmendingen,Landkreis,Emmendingen (Landkreis),1991,825
Emmendingen,Landkreis,Emmendingen (Landkreis),1992,840
Emmendingen,Landkreis,Emmendingen (Landkreis),1993,860
Emmendingen,Landkreis,Emmendingen (Landkreis),1994,850
Emmendingen,Landkreis,Emmendingen (Landkreis),1995,890
Emmendingen,Landkreis,Emmendingen (Landkreis),1996,942
Emmendingen,Landkreis,Emmendingen (Landkreis),1997,917
Emmendingen,Landkreis,Emmendingen (Landkreis),1998,929
Emmendingen,Landkreis,Emmendingen (Landkreis),1999,943
Emmendingen,Landkreis,Emmendingen (Landkreis),2000,936
Emmendingen,Landkreis,Emmendingen (Landkreis),2001,956
Emmendingen,Landkreis,Emmendingen (Landkreis),2002,993
Emmendingen,Landkreis,Emmendingen (Landkreis),2003,1024
Emmendingen,Landkreis,Emmendingen (Landkreis),2004,1052
Emmendingen,Landkreis,Emmendingen (Landkreis),2005,1121
Emmendingen,Landkreis,Emmendingen (Landkreis),2006,1113
Emmendingen,Landkreis,Emmendingen (Landkreis),2007,1092
Emmendingen,Landkreis,Emmendingen (Landkreis),2008,1088
Emmendingen,Landkreis,Emmendingen (Landkreis),2009,1081
Emmendingen,Landkreis,Emmendingen (Landkreis),2010,1107
Emmendingen,Landkreis,Emmendingen (Landkreis),2011,939
Emmendingen,Landkreis,Emmendingen (Landkreis),2012,926
Emmendingen,Landkreis,Emmendingen (Landkreis),2013,913
Emmendingen,Landkreis,Emmendingen (Landkreis),2014,885
Emmendingen,Landkreis,Emmendingen (Landkreis),2015,901
Emmendingen,Landkreis,Emmendingen (Landkreis),2016,886
Emmendingen,Landkreis,Emmendingen (Landkreis),2017,881
Emmendingen,Landkreis,Emmendingen (Landkreis),2018,853
Emmendingen,Landkreis,Emmendingen (Landkreis),2019,915
Emmendingen,Landkreis,Emmendingen (Landkreis),2020,906
Emmendingen,Landkreis,Emmendingen (Landkreis),2021,957
Emmendingen,Landkreis,Emmendingen (Landkreis),2022,921
Emmendingen,Landkreis,Emmendingen (Landkreis),2023,841
Enzkreis,Landkreis,Enzkreis (Landkreis),1991,1051
Enzkreis,Landkreis,Enzkreis (Landkreis),1992,1075
Enzkreis,Landkreis,Enzkreis (Landkreis),1993,1102
Enzkreis,Landkreis,Enzkreis (Landkreis),1994,1089
Enzkreis,Landkreis,Enzkreis (Landkreis),1995,1136
Enzkreis,Landkreis,Enzkreis (Landkreis),1996,1200
Enzkreis,Landkreis,Enzkreis (Landkreis),1997,1166
Enzkreis,Landkreis,Enzkreis (Landkreis),1998,1184
Enzkreis,Landkreis,Enzkreis (Landkreis),1999,1201
Enzkreis,Landkreis,Enzkreis (Landkreis),2000,1192
Enzkreis,Landkreis,Enzkreis (Landkreis),2001,1212
Enzkreis,Landkreis,Enzkreis (Landkreis),2002,1253
Enzkreis,Landkreis,Enzkreis (Landkreis),2003,1290
Enzkreis,Landkreis,Enzkreis (Landkreis),2004,1322
Enzkreis,Landkreis,Enzkreis (Landkreis),2005,1404
Enzkreis,Landkreis,Enzkreis (Landkreis),2006,1389
Enzkreis,Landkreis,Enzkreis (Landkreis),2007,1355
Enzkreis,Landkreis,Enzkreis (Landkreis),2008,1348
Enzkreis,Landkreis,Enzkreis (Landkreis),2009,1333
Enzkreis,Landkreis,Enzkreis (Landkreis),2010,1355
Enzkreis,Landkreis,Enzkreis (Landkreis),2011,1147
Enzkreis,Landkreis,Enzkreis (Landkreis),2012,1130
Enzkreis,Landkreis,Enzkreis (Landkreis),2013,1113
Enzkreis,Landkreis,Enzkreis (Landkreis),2014,1073
Enzkreis,Landkreis,Enzkreis (Landkreis),2015,1090
Enzkreis,Landkreis,Enzkreis (Landkreis),2016,1071
Enzkreis,Landkreis,Enzkreis (Landkreis),2017,1061
Enzkreis,Landkreis,Enzkreis (Landkreis),2018,1026
Enzkreis,Landkreis,Enzkreis (Landkreis),2019,1098
Enzkreis,Landkreis,Enzkreis (Landkreis),2020,1085
Enzkreis,Landkreis,Enzkreis (Landkreis),2021,1141
Enzkreis,Landkreis,Enzkreis (Landkreis),2022,1090
Enzkreis,Landkreis,Enzkreis (Landkreis),2023,991
Esslingen,Landkreis,Esslingen (Landkreis),1991,2844
Esslingen,Landkreis,Esslingen (Landkreis),1992,2886
Esslingen,Landkreis,Esslingen (Landkreis),1993,2930
Esslingen,Landkreis,Esslingen (Landkreis),1994,2874
Esslingen,Landkreis,Esslingen (Landkreis),1995,2980
Esslingen,Landkreis,Esslingen (Landkreis),1996,3149
Esslingen,Landkreis,Esslingen (Landkreis),1997,3048
Esslingen,Landkreis,Esslingen (Landkreis),1998,3082
Esslingen,Landkreis,Esslingen (Landkreis),1999,3121
Esslingen,Landkreis,Esslingen (Landkreis),2000,3094
Esslingen,Landkreis,Esslingen (Landkreis),2001,3158
Esslingen,Landkreis,Esslingen (Landkreis),2002,3276
Esslingen,Landkreis,Esslingen (Landkreis),2003,3376
Esslingen,Landkreis,Esslingen (Landkreis),2004,3458
Esslingen,Landkreis,Esslingen (Landkreis),2005,3677
Esslingen,Landkreis,Esslingen (Landkreis),2006,3640
Esslingen,Landkreis,Esslingen (Landkreis),2007,3566
Esslingen,Landkreis,Esslingen (Landkreis),2008,3551
Esslingen,Landkreis,Esslingen (Landkreis),2009,3522
Esslingen,Landkreis,Esslingen (Landkreis),2010,3599
Esslingen,Landkreis,Esslingen (Landkreis),2011,3025
Esslingen,Landkreis,Esslingen (Landkreis),2012,2990
Esslingen,Landkreis,Esslingen (Landkreis),2013,2956
Esslingen,Landkreis,Esslingen (Landkreis),2014,2863
Esslingen,Landkreis,Esslingen (Landkreis),2015,2914
Esslingen,Landkreis,Esslingen (Landkreis),2016,2871
Esslingen,Landkreis,Esslingen (Landkreis),2017,2849
Esslingen,Landkreis,Esslingen (Landkreis),2018,2755
Esslingen,Landkreis,Esslingen (Landkreis),2019,2943
Esslingen,Landkreis,Esslingen (Landkreis),2020,2898
Esslingen,Landkreis,Esslingen (Landkreis),2021,3040
Esslingen,Landkreis,Esslingen (Landkreis),2022,2923
Esslingen,Landkreis,Esslingen (Landkreis),2023,2659
Freiburg im Breisgau,kreisfreie Stadt,Freiburg im Breisgau (kreisfreie Stadt),1991,1134
Freiburg im Breisgau,kreisfreie Stadt,Freiburg im Breisgau (kreisfreie Stadt),1992,1151
Freiburg im Breisgau,kreisfreie Stadt,Freiburg im Breisgau (kreisfreie Stadt),1993,1178
Freiburg im Breisgau,kreisfreie Stadt,Freiburg im Breisgau (kreisfreie Stadt),1994,1165
Freiburg im Breisgau,kreisfreie Stadt,Freiburg im Breisgau (kreisfreie Stadt),1995,1212
Freiburg im Breisgau,kreisfreie Stadt,Freiburg im Breisgau (kreisfreie Stadt),1996,1281
Freiburg im Breisgau,kreisfreie Stadt,Freiburg im Breisgau (kreisfreie Stadt),1997,1239
Freiburg im Breisgau,kreisfreie Stadt,Freiburg im Breisgau (kreisfreie Stadt),1998,1252
Freiburg im Breisgau,kreisfreie Stadt,Freiburg im Breisgau (kreisfreie Stadt),1999,1269
Freiburg im Breisgau,kreisfreie Stadt,Freiburg im Breisgau (kreisfreie Stadt),2000,1268
Freiburg im Breisgau,kreisfreie Stadt,Freiburg im Breisgau (kreisfreie Stadt),2001,1302
Freiburg im Breisgau,kreisfreie Stadt,Freiburg im Breisgau (kreisfreie Stadt),2002,1352
Freiburg im Breisgau,kreisfreie Stadt,Freiburg im Breisgau (kreisfreie Stadt),2003,1402
Freiburg im Breisgau,kreisfreie Stadt,Freiburg im Breisgau (kreisfreie Stadt),2004,1442
Freiburg im Breisgau,kreisfreie Stadt,Freiburg im Breisgau (kreisfreie Stadt),2005,1544
Freiburg im Breisgau,kreisfreie Stadt,Freiburg im Breisgau (kreisfreie Stadt),2006,1540
Freiburg im Breisgau,kreisfreie Stadt,Freiburg im Breisgau (kreisfreie Stadt),2007,1521
Freiburg im Breisgau,kreisfreie Stadt,Freiburg im Breisgau (kreisfreie Stadt),2008,1516
Freiburg im Breisgau,kreisfreie Stadt,Freiburg im Breisgau (kreisfreie Stadt),2009,1520
Freiburg im Breisgau,kreisfreie Stadt,Freiburg im Breisgau (kreisfreie Stadt),2010,1567
Freiburg im Breisgau,kreisfreie Stadt,Freiburg im Breisgau (kreisfreie Stadt),2011,1283
Freiburg im Breisgau,kreisfreie Stadt,Freiburg im Breisgau (kreisfreie Stadt),2012,1282
Freiburg im Breisgau,kreisfreie Stadt,Freiburg im Breisgau (kreisfreie Stadt),2013,1271
Freiburg im Breisgau,kreisfreie Stadt,Freiburg im Breisgau (kreisfreie Stadt),2014,1231
Freiburg im Breisgau,kreisfreie Stadt,Freiburg im Breisgau (kreisfreie Stadt),2015,1259
Freiburg im Breisgau,kreisfreie Stadt,Freiburg im Breisgau (kreisfreie Stadt),2016,1236
Freiburg im Breisgau,kreisfreie Stadt,Freiburg im Breisgau (kreisfreie Stadt),2017,1229
Freiburg im Breisgau,kreisfreie Stadt,Freiburg im Breisgau (kreisfreie Stadt),2018,1188
Freiburg im Breisgau,kreisfreie Stadt,Freiburg im Breisgau (kreisfreie Stadt),2019,1272
Freiburg im Breisgau,kreisfreie Stadt,Freiburg im Breisgau (kreisfreie Stadt),2020,1254
Freiburg im Breisgau,kreisfreie Stadt,Freiburg im Breisgau (kreisfreie Stadt),2021,1322
Freiburg im Breisgau,kreisfreie Stadt,Freiburg im Breisgau (kreisfreie Stadt),2022,1288
Freiburg im Breisgau,kreisfreie Stadt,Freiburg im Breisgau (kreisfreie Stadt),2023,1172
Freudenstadt,Landkreis,Freudenstadt (Landkreis),1991,656
Freudenstadt,Landkreis,Freudenstadt (Landkreis),1992,675
Freudenstadt,Landkreis,Freudenstadt (Landkreis),1993,719
Freudenstadt,Landkreis,Freudenstadt (Landkreis),1994,705
Freudenstadt,Landkreis,Freudenstadt (Landkreis),1995,725
Freudenstadt,Landkreis,Freudenstadt (Landkreis),1996,762
Freudenstadt,Landkreis,Freudenstadt (Landkreis),1997,739
Freudenstadt,Landkreis,Freudenstadt (Landkreis),1998,749
Freudenstadt,Landkreis,Freudenstadt (Landkreis),1999,759
Freudenstadt,Landkreis,Freudenstadt (Landkreis),2000,747
Freudenstadt,Landkreis,Freudenstadt (Landkreis),2001,761
Freudenstadt,Landkreis,Freudenstadt (Landkreis),2002,786
Freudenstadt,Landkreis,Freudenstadt (Landkreis),2003,808
Freudenstadt,Landkreis,Freudenstadt (Landkreis),2004,825
Freudenstadt,Landkreis,Freudenstadt (Landkreis),2005,876
Freudenstadt,Landkreis,Freudenstadt (Landkreis),2006,866
Freudenstadt,Landkreis,Freudenstadt (Landkreis),2007,845
Freudenstadt,Landkreis,Freudenstadt (Landkreis),2008,837
Freudenstadt,Landkreis,Freudenstadt (Landkreis),2009,826
Freudenstadt,Landkreis,Freudenstadt (Landkreis),2010,838
Freudenstadt,Landkreis,Freudenstadt (Landkreis),2011,690
Freudenstadt,Landkreis,Freudenstadt (Landkreis),2012,677
Freudenstadt,Landkreis,Freudenstadt (Landkreis),2013,662
Freudenstadt,Landkreis,Freudenstadt (Landkreis),2014,638
Freudenstadt,Landkreis,Freudenstadt (Landkreis),2015,646
Freudenstadt,Landkreis,Freudenstadt (Landkreis),2016,634
Freudenstadt,Landkreis,Freudenstadt (Landkreis),2017,628
Freudenstadt,Landkreis,Freudenstadt (Landkreis),2018,609
Freudenstadt,Landkreis,Freudenstadt (Landkreis),2019,650
Freudenstadt,Landkreis,Freudenstadt (Landkreis),2020,643
Freudenstadt,Landkreis,Freudenstadt (Landkreis),2021,679
Freudenstadt,Landkreis,Freudenstadt (Landkreis),2022,666
Freudenstadt,Landkreis,Freudenstadt (Landkreis),2023,605
Göppingen,Landkreis,Göppingen (Landkreis),1991,1449
Göppingen,Landkreis,Göppingen (Landkreis),1992,1473
Göppingen,Landkreis,Göppingen (Landkreis),1993,1506
Göppingen,Landkreis,Göppingen (Landkreis),1994,1492
Göppingen,Landkreis,Göppingen (Landkreis),1995,1552
Göppingen,Landkreis,Göppingen (Landkreis),1996,1634
Göppingen,Landkreis,Göppingen (Landkreis),1997,1575
Göppingen,Landkreis,Göppingen (Landkreis),1998,1590
Göppingen,Landkreis,Göppingen (Landkreis),1999,1606
Göppingen,Landkreis,Göppingen (Landkreis),2000,1587
Göppingen,Landkreis,Göppingen (Landkreis),2001,1610
Göppingen,Landkreis,Göppingen (Landkreis),2002,1662
Göppingen,Landkreis,Göppingen (Landkreis),2003,1707
Göppingen,Landkreis,Göppingen (Landkreis),2004,1742
Göppingen,Landkreis,Göppingen (Landkreis),2005,1843
Göppingen,Landkreis,Göppingen (Landkreis),2006,1819
Göppingen,Landkreis,Göppingen (Landkreis),2007,1773
Göppingen,Landkreis,Göppingen (Landkreis),2008,1758
Göppingen,Landkreis,Göppingen (Landkreis),2009,1737
Göppingen,Landkreis,Göppingen (Landkreis),2010,1765
Göppingen,Landkreis,Göppingen (Landkreis),2011,1481
Göppingen,Landkreis,Göppingen (Landkreis),2012,1457
Göppingen,Landkreis,Göppingen (Landkreis),2013,1436
Göppingen,Landkreis,Göppingen (Landkreis),2014,1386
Göppingen,Landkreis,Göppingen (Landkreis),2015,1405
Göppingen,Landkreis,Göppingen (Landkreis),2016,1383
Göppingen,Landkreis,Göppingen (Landkreis),2017,1371
Göppingen,Landkreis,Göppingen (Landkreis),2018,1327
Göppingen,Landkreis,Göppingen (Landkreis),2019,1420
Göppingen,Landkreis,Göppingen (Landkreis),2020,1405
Göppingen,Landkreis,Göppingen (Landkreis),2021,1477
Göppingen,Landkreis,Göppingen (Landkreis),2022,1410
Göppingen,Landkreis,Göppingen (Landkreis),2023,1286
Heidelberg,kreisfreie Stadt,Heidelberg (kreisfreie Stadt),1991,815
Heidelberg,kreisfreie Stadt,Heidelberg (kreisfreie Stadt),1992,825
Heidelberg,kreisfreie Stadt,Heidelberg (kreisfreie Stadt),1993,832
Heidelberg,kreisfreie Stadt,Heidelberg (kreisfreie Stadt),1994,816
Heidelberg,kreisfreie Stadt,Heidelberg (kreisfreie Stadt),1995,844
Heidelberg,kreisfreie Stadt,Heidelberg (kreisfreie Stadt),1996,887
Heidelberg,kreisfreie Stadt,Heidelberg (kreisfreie Stadt),1997,865
Heidelberg,kreisfreie Stadt,Heidelberg (kreisfreie Stadt),1998,868
Heidelberg,kreisfreie Stadt,Heidelberg (kreisfreie Stadt),1999,876
Heidelberg,kreisfreie Stadt,Heidelberg (kreisfreie Stadt),2000,867
Heidelberg,kreisfreie Stadt,Heidelberg (kreisfreie Stadt),2001,884
Heidelberg,kreisfreie Stadt,Heidelberg (kreisfreie Stadt),2002,917
Heidelberg,kreisfreie Stadt,Heidelberg (kreisfreie Stadt),2003,944
Heidelberg,kreisfreie Stadt,Heidelberg (kreisfreie Stadt),2004,965
Heidelberg,kreisfreie Stadt,Heidelberg (kreisfreie Stadt),2005,1022
Heidelberg,kreisfreie Stadt,Heidelberg (kreisfreie Stadt),2006,1024
Heidelberg,kreisfreie Stadt,Heidelberg (kreisfreie Stadt),2007,1007
Heidelberg,kreisfreie Stadt,Heidelberg (kreisfreie Stadt),2008,1005
Heidelberg,kreisfreie Stadt,Heidelberg (kreisfreie Stadt),2009,1003
Heidelberg,kreisfreie Stadt,Heidelberg (kreisfreie Stadt),2010,1030
Heidelberg,kreisfreie Stadt,Heidelberg (kreisfreie Stadt),2011,889
Heidelberg,kreisfreie Stadt,Heidelberg (kreisfreie Stadt),2012,884
Heidelberg,kreisfreie Stadt,Heidelberg (kreisfreie Stadt),2013,878
Heidelberg,kreisfreie Stadt,Heidelberg (kreisfreie Stadt),2014,857
Heidelberg,kreisfreie Stadt,Heidelberg (kreisfreie Stadt),2015,869
Heidelberg,kreisfreie Stadt,Heidelberg (kreisfreie Stadt),2016,868
Heidelberg,kreisfreie Stadt,Heidelberg (kreisfreie Stadt),2017,859
Heidelberg,kreisfreie Stadt,Heidelberg (kreisfreie Stadt),2018,827
Heidelberg,kreisfreie Stadt,Heidelberg (kreisfreie Stadt),2019,888
Heidelberg,kreisfreie Stadt,Heidelberg (kreisfreie Stadt),2020,862
Heidelberg,kreisfreie Stadt,Heidelberg (kreisfreie Stadt),2021,908
Heidelberg,kreisfreie Stadt,Heidelberg (kreisfreie Stadt),2022,847
Heidelberg,kreisfreie Stadt,Heidelberg (kreisfreie Stadt),2023,770
Heidenheim,Landkreis,Heidenheim (Landkreis),1991,777
Heidenheim,Landkreis,Heidenheim (Landkreis),1992,792
Heidenheim,Landkreis,Heidenheim (Landkreis),1993,813
Heidenheim,Landkreis,Heidenheim (Landkreis),1994,802
Heidenheim,Landkreis,Heidenheim (Landkreis),1995,835
Heidenheim,Landkreis,Heidenheim (Landkreis),1996,880
Heidenheim,Landkreis,Heidenheim (Landkreis),1997,850
Heidenheim,Landkreis,Heidenheim (Landkreis),1998,855
Heidenheim,Landkreis,Heidenheim (Landkreis),1999,858
Heidenheim,Landkreis,Heidenheim (Landkreis),2000,847
Heidenheim,Landkreis,Heidenheim (Landkreis),2001,857
Heidenheim,Landkreis,Heidenheim (Landkreis),2002,881
Heidenheim,Landkreis,Heidenheim (Landkreis),2003,900
Heidenheim,Landkreis,Heidenheim (Landkreis),2004,915
Heidenheim,Landkreis,Heidenheim (Landkreis),2005,966
Heidenheim,Landkreis,Heidenheim (Landkreis),2006,950
Heidenheim,Landkreis,Heidenheim (Landkreis),2007,925
Heidenheim,Landkreis,Heidenheim (Landkreis),2008,916
Heidenheim,Landkreis,Heidenheim (Landkreis),2009,903
Heidenheim,Landkreis,Heidenheim (Landkreis),2010,917
Heidenheim,Landkreis,Heidenheim (Landkreis),2011,765
Heidenheim,Landkreis,Heidenheim (Landkreis),2012,750
Heidenheim,Landkreis,Heidenheim (Landkreis),2013,738
Heidenheim,Landkreis,Heidenheim (Landkreis),2014,714
Heidenheim,Landkreis,Heidenheim (Landkreis),2015,726
Heidenheim,Landkreis,Heidenheim (Landkreis),2016,714
Heidenheim,Landkreis,Heidenheim (Landkreis),2017,706
Heidenheim,Landkreis,Heidenheim (Landkreis),2018,684
Heidenheim,Landkreis,Heidenheim (Landkreis),2019,730
Heidenheim,Landkreis,Heidenheim (Landkreis),2020,721
Heidenheim,Landkreis,Heidenheim (Landkreis),2021,758
Heidenheim,Landkreis,Heidenheim (Landkreis),2022,739
Heidenheim,Landkreis,Heidenheim (Landkreis),2023,671
Heilbronn,Landkreis,Heilbronn (Landkreis),1991,1637
Heilbronn,Landkreis,Heilbronn (Landkreis),1992,1690
Heilbronn,Landkreis,Heilbronn (Landkreis),1993,1755
Heilbronn,Landkreis,Heilbronn (Landkreis),1994,1752
Heilbronn,Landkreis,Heilbronn (Landkreis),1995,1845
Heilbronn,Landkreis,Heilbronn (Landkreis),1996,1964
Heilbronn,Landkreis,Heilbronn (Landkreis),1997,1920
Heilbronn,Landkreis,Heilbronn (Landkreis),1998,1955
Heilbronn,Landkreis,Heilbronn (Landkreis),1999,1991
Heilbronn,Landkreis,Heilbronn (Landkreis),2000,1984
Heilbronn,Landkreis,Heilbronn (Landkreis),2001,2025
Heilbronn,Landkreis,Heilbronn (Landkreis),2002,2098
Heilbronn,Landkreis,Heilbronn (Landkreis),2003,2162
Heilbronn,Landkreis,Heilbronn (Landkreis),2004,2217
Heilbronn,Landkreis,Heilbronn (Landkreis),2005,2356
Heilbronn,Landkreis,Heilbronn (Landkreis),2006,2336
Heilbronn,Landkreis,Heilbronn (Landkreis),2007,2289
Heilbronn,Landkreis,Heilbronn (Landkreis),2008,2275
Heilbronn,Landkreis,Heilbronn (Landkreis),2009,2254
Heilbronn,Landkreis,Heilbronn (Landkreis),2010,2295
Heilbronn,Landkreis,Heilbronn (Landkreis),2011,1936
Heilbronn,Landkreis,Heilbronn (Landkreis),2012,1908
Heilbronn,Landkreis,Heilbronn (Landkreis),2013,1881
Heilbronn,Landkreis,Heilbronn (Landkreis),2014,1824
Heilbronn,Landkreis,Heilbronn (Landkreis),2015,1859
Heilbronn,Landkreis,Heilbronn (Landkreis),2016,1833
Heilbronn,Landkreis,Heilbronn (Landkreis),2017,1823
Heilbronn,Landkreis,Heilbronn (Landkreis),2018,1770
Heilbronn,Landkreis,Heilbronn (Landkreis),2019,1895
Heilbronn,Landkreis,Heilbronn (Landkreis),2020,1881
Heilbronn,Landkreis,Heilbronn (Landkreis),2021,1982
Heilbronn,Landkreis,Heilbronn (Landkreis),2022,1926
Heilbronn,Landkreis,Heilbronn (Landkreis),2023,1754
Heilbronn,kreisfreie Stadt,Heilbronn (kreisfreie Stadt),1991,687
Heilbronn,kreisfreie Stadt,Heilbronn (kreisfreie Stadt),1992,712
Heilbronn,kreisfreie Stadt,Heilbronn (kreisfreie Stadt),1993,731
Heilbronn,kreisfreie Stadt,Heilbronn (kreisfreie Stadt),1994,718
Heilbronn,kreisfreie Stadt,Heilbronn (kreisfreie Stadt),1995,739
Heilbronn,kreisfreie Stadt,Heilbronn (kreisfreie Stadt),1996,777
Heilbronn,kreisfreie Stadt,Heilbronn (kreisfreie Stadt),1997,748
Heilbronn,kreisfreie Stadt,Heilbronn (kreisfreie Stadt),1998,748
Heilbronn,kreisfreie Stadt,Heilbronn (kreisfreie Stadt),1999,749
Heilbronn,kreisfreie Stadt,Heilbronn (kreisfreie Stadt),2000,737
Heilbronn,kreisfreie Stadt,Heilbronn (kreisfreie Stadt),2001,751
Heilbronn,kreisfreie Stadt,Heilbronn (kreisfreie Stadt),2002,776
Heilbronn,kreisfreie Stadt,Heilbronn (kreisfreie Stadt),2003,797
Heilbronn,kreisfreie Stadt,Heilbronn (kreisfreie Stadt),2004,818
Heilbronn,kreisfreie Stadt,Heilbronn (kreisfreie Stadt),2005,870
Heilbronn,kreisfreie Stadt,Heilbronn (kreisfreie Stadt),2006,859
Heilbronn,kreisfreie Stadt,Heilbronn (kreisfreie Stadt),2007,843
Heilbronn,kreisfreie Stadt,Heilbronn (kreisfreie Stadt),2008,842
Heilbronn,kreisfreie Stadt,Heilbronn (kreisfreie Stadt),2009,839
Heilbronn,kreisfreie Stadt,Heilbronn (kreisfreie Stadt),2010,859
Heilbronn,kreisfreie Stadt,Heilbronn (kreisfreie Stadt),2011,699
Heilbronn,kreisfreie Stadt,Heilbronn (kreisfreie Stadt),2012,691
Heilbronn,kreisfreie Stadt,Heilbronn (kreisfreie Stadt),2013,682
Heilbronn,kreisfreie Stadt,Heilbronn (kreisfreie Stadt),2014,664
Heilbronn,kreisfreie Stadt,Heilbronn (kreisfreie Stadt),2015,681
Heilbronn,kreisfreie Stadt,Heilbronn (kreisfreie Stadt),2016,672
Heilbronn,kreisfreie Stadt,Heilbronn (kreisfreie Stadt),2017,669
Heilbronn,kreisfreie Stadt,Heilbronn (kreisfreie Stadt),2018,650
Heilbronn,kreisfreie Stadt,Heilbronn (kreisfreie Stadt),2019,696
Heilbronn,kreisfreie Stadt,Heilbronn (kreisfreie Stadt),2020,687
Heilbronn,kreisfreie Stadt,Heilbronn (kreisfreie Stadt),2021,716
Heilbronn,kreisfreie Stadt,Heilbronn (kreisfreie Stadt),2022,712
Heilbronn,kreisfreie Stadt,Heilbronn (kreisfreie Stadt),2023,653
Hohenlohekreis,Landkreis,Hohenlohekreis (Landkreis),1991,556
Hohenlohekreis,Landkreis,Hohenlohekreis (Landkreis),1992,572
Hohenlohekreis,Landkreis,Hohenlohekreis (Landkreis),1993,596
Hohenlohekreis,Landkreis,Hohenlohekreis (Landkreis),1994,599
Hohenlohekreis,Landkreis,Hohenlohekreis (Landkreis),1995,634
Hohenlohekreis,Landkreis,Hohenlohekreis (Landkreis),1996,673
Hohenlohekreis,Landkreis,Hohenlohekreis (Landkreis),1997,652
Hohenlohekreis,Landkreis,Hohenlohekreis (Landkreis),1998,661
Hohenlohekreis,Landkreis,Hohenlohekreis (Landkreis),1999,670
Hohenlohekreis,Landkreis,Hohenlohekreis (Landkreis),2000,666
Hohenlohekreis,Landkreis,Hohenlohekreis (Landkreis),2001,681
Hohenlohekreis,Landkreis,Hohenlohekreis (Landkreis),2002,704
Hohenlohekreis,Landkreis,Hohenlohekreis (Landkreis),2003,724
Hohenlohekreis,Landkreis,Hohenlohekreis (Landkreis),2004,740
Hohenlohekreis,Landkreis,Hohenlohekreis (Landkreis),2005,784
Hohenlohekreis,Landkreis,Hohenlohekreis (Landkreis),2006,777
Hohenlohekreis,Landkreis,Hohenlohekreis (Landkreis),2007,762
Hohenlohekreis,Landkreis,Hohenlohekreis (Landkreis),2008,756
Hohenlohekreis,Landkreis,Hohenlohekreis (Landkreis),2009,747
Hohenlohekreis,Landkreis,Hohenlohekreis (Landkreis),2010,761
Hohenlohekreis,Landkreis,Hohenlohekreis (Landkreis),2011,642
Hohenlohekreis,Landkreis,Hohenlohekreis (Landkreis),2012,632
Hohenlohekreis,Landkreis,Hohenlohekreis (Landkreis),2013,622
Hohenlohekreis,Landkreis,Hohenlohekreis (Landkreis),2014,603
Hohenlohekreis,Landkreis,Hohenlohekreis (Landkreis),2015,613
Hohenlohekreis,Landkreis,Hohenlohekreis (Landkreis),2016,601
Hohenlohekreis,Landkreis,Hohenlohekreis (Landkreis),2017,596
Hohenlohekreis,Landkreis,Hohenlohekreis (Landkreis),2018,578
Hohenlohekreis,Landkreis,Hohenlohekreis (Landkreis),2019,620
Hohenlohekreis,Landkreis,Hohenlohekreis (Landkreis),2020,612
Hohenlohekreis,Landkreis,Hohenlohekreis (Landkreis),2021,646
Hohenlohekreis,Landkreis,Hohenlohekreis (Landkreis),2022,628
Hohenlohekreis,Landkreis,Hohenlohekreis (Landkreis),2023,572
Karlsruhe,Landkreis,Karlsruhe (Landkreis),1991,2276
Karlsruhe,Landkreis,Karlsruhe (Landkreis),1992,2326
Karlsruhe,Landkreis,Karlsruhe (Landkreis),1993,2384
Karlsruhe,Landkreis,Karlsruhe (Landkreis),1994,2359
Karlsruhe,Landkreis,Karlsruhe (Landkreis),1995,2467
Karlsruhe,Landkreis,Karlsruhe (Landkreis),1996,2611
Karlsruhe,Landkreis,Karlsruhe (Landkreis),1997,2537
Karlsruhe,Landkreis,Karlsruhe (Landkreis),1998,2575
Karlsruhe,Landkreis,Karlsruhe (Landkreis),1999,2611
Karlsruhe,Landkreis,Karlsruhe (Landkreis),2000,2593
Karlsruhe,Landkreis,Karlsruhe (Landkreis),2001,2643
Karlsruhe,Landkreis,Karlsruhe (Landkreis),2002,2738
Karlsruhe,Landkreis,Karlsruhe (Landkreis),2003,2819
Karlsruhe,Landkreis,Karlsruhe (Landkreis),2004,2887
Karlsruhe,Landkreis,Karlsruhe (Landkreis),2005,3072
Karlsruhe,Landkreis,Karlsruhe (Landkreis),2006,3047
Karlsruhe,Landkreis,Karlsruhe (Landkreis),2007,2990
Karlsruhe,Landkreis,Karlsruhe (Landkreis),2008,2977
Karlsruhe,Landkreis,Karlsruhe (Landkreis),2009,2957
Karlsruhe,Landkreis,Karlsruhe (Landkreis),2010,3022
Karlsruhe,Landkreis,Karlsruhe (Landkreis),2011,2543
Karlsruhe,Landkreis,Karlsruhe (Landkreis),2012,2511
Karlsruhe,Landkreis,Karlsruhe (Landkreis),2013,2476
Karlsruhe,Landkreis,Karlsruhe (Landkreis),2014,2389
Karlsruhe,Landkreis,Karlsruhe (Landkreis),2015,2423
Karlsruhe,Landkreis,Karlsruhe (Landkreis),2016,2391
Karlsruhe,Landkreis,Karlsruhe (Landkreis),2017,2368
Karlsruhe,Landkreis,Karlsruhe (Landkreis),2018,2292
Karlsruhe,Landkreis,Karlsruhe (Landkreis),2019,2448
Karlsruhe,Landkreis,Karlsruhe (Landkreis),2020,2426
Karlsruhe,Landkreis,Karlsruhe (Landkreis),2021,2556
Karlsruhe,Landkreis,Karlsruhe (Landkreis),2022,2485
Karlsruhe,Landkreis,Karlsruhe (Landkreis),2023,2259
Karlsruhe,kreisfreie Stadt,Karlsruhe (kreisfreie Stadt),1991,1630
Karlsruhe,kreisfreie Stadt,Karlsruhe (kreisfreie Stadt),1992,1642
Karlsruhe,kreisfreie Stadt,Karlsruhe (kreisfreie Stadt),1993,1660
Karlsruhe,kreisfreie Stadt,Karlsruhe (kreisfreie Stadt),1994,1626
Karlsruhe,kreisfreie Stadt,Karlsruhe (kreisfreie Stadt),1995,1676
Karlsruhe,kreisfreie Stadt,Karlsruhe (kreisfreie Stadt),1996,1771
Karlsruhe,kreisfreie Stadt,Karlsruhe (kreisfreie Stadt),1997,1709
Karlsruhe,kreisfreie Stadt,Karlsruhe (kreisfreie Stadt),1998,1723
Karlsruhe,kreisfreie Stadt,Karlsruhe (kreisfreie Stadt),1999,1738
Karlsruhe,kreisfreie Stadt,Karlsruhe (kreisfreie Stadt),2000,1721
Karlsruhe,kreisfreie Stadt,Karlsruhe (kreisfreie Stadt),2001,1747
Karlsruhe,kreisfreie Stadt,Karlsruhe (kreisfreie Stadt),2002,1809
Karlsruhe,kreisfreie Stadt,Karlsruhe (kreisfreie Stadt),2003,1865
Karlsruhe,kreisfreie Stadt,Karlsruhe (kreisfreie Stadt),2004,1915
Karlsruhe,kreisfreie Stadt,Karlsruhe (kreisfreie Stadt),2005,2040
Karlsruhe,kreisfreie Stadt,Karlsruhe (kreisfreie Stadt),2006,2027
Karlsruhe,kreisfreie Stadt,Karlsruhe (kreisfreie Stadt),2007,2002
Karlsruhe,kreisfreie Stadt,Karlsruhe (kreisfreie Stadt),2008,2006
Karlsruhe,kreisfreie Stadt,Karlsruhe (kreisfreie Stadt),2009,2000
Karlsruhe,kreisfreie Stadt,Karlsruhe (kreisfreie Stadt),2010,2060
Karlsruhe,kreisfreie Stadt,Karlsruhe (kreisfreie Stadt),2011,1749
Karlsruhe,kreisfreie Stadt,Karlsruhe (kreisfreie Stadt),2012,1741
Karlsruhe,kreisfreie Stadt,Karlsruhe (kreisfreie Stadt),2013,1726
Karlsruhe,kreisfreie Stadt,Karlsruhe (kreisfreie Stadt),2014,1662
Karlsruhe,kreisfreie Stadt,Karlsruhe (kreisfreie Stadt),2015,1711
Karlsruhe,kreisfreie Stadt,Karlsruhe (kreisfreie Stadt),2016,1683
Karlsruhe,kreisfreie Stadt,Karlsruhe (kreisfreie Stadt),2017,1669
Karlsruhe,kreisfreie Stadt,Karlsruhe (kreisfreie Stadt),2018,1616
Karlsruhe,kreisfreie Stadt,Karlsruhe (kreisfreie Stadt),2019,1716
Karlsruhe,kreisfreie Stadt,Karlsruhe (kreisfreie Stadt),2020,1675
Karlsruhe,kreisfreie Stadt,Karlsruhe (kreisfreie Stadt),2021,1747
Karlsruhe,kreisfreie Stadt,Karlsruhe (kreisfreie Stadt),2022,1680
Karlsruhe,kreisfreie Stadt,Karlsruhe (kreisfreie Stadt),2023,1529
Konstanz,Landkreis,Konstanz (Landkreis),1991,1468
Konstanz,Landkreis,Konstanz (Landkreis),1992,1492
Konstanz,Landkreis,Konstanz (Landkreis),1993,1524
Konstanz,Landkreis,Konstanz (Landkreis),1994,1508
Konstanz,Landkreis,Konstanz (Landkreis),1995,1573
Konstanz,Landkreis,Konstanz (Landkreis),1996,1664
Konstanz,Landkreis,Konstanz (Landkreis),1997,1619
Konstanz,Landkreis,Konstanz (Landkreis),1998,1640
Konstanz,Landkreis,Konstanz (Landkreis),1999,1659
Konstanz,Landkreis,Konstanz (Landkreis),2000,1645
Konstanz,Landkreis,Konstanz (Landkreis),2001,1680
Konstanz,Landkreis,Konstanz (Landkreis),2002,1745
Konstanz,Landkreis,Konstanz (Landkreis),2003,1802
Konstanz,Landkreis,Konstanz (Landkreis),2004,1847
Konstanz,Landkreis,Konstanz (Landkreis),2005,1964
Konstanz,Landkreis,Konstanz (Landkreis),2006,1945
Konstanz,Landkreis,Konstanz (Landkreis),2007,1907
Konstanz,Landkreis,Konstanz (Landkreis),2008,1906
Konstanz,Landkreis,Konstanz (Landkreis),2009,1901
Konstanz,Landkreis,Konstanz (Landkreis),2010,1950
Konstanz,Landkreis,Konstanz (Landkreis),2011,1607
Konstanz,Landkreis,Konstanz (Landkreis),2012,1591
Konstanz,Landkreis,Konstanz (Landkreis),2013,1578
Konstanz,Landkreis,Konstanz (Landkreis),2014,1528
Konstanz,Landkreis,Konstanz (Landkreis),2015,1558
Konstanz,Landkreis,Konstanz (Landkreis),2016,1532
Konstanz,Landkreis,Konstanz (Landkreis),2017,1519
Konstanz,Landkreis,Konstanz (Landkreis),2018,1472
Konstanz,Landkreis,Konstanz (Landkreis),2019,1575
Konstanz,Landkreis,Konstanz (Landkreis),2020,1558
Konstanz,Landkreis,Konstanz (Landkreis),2021,1642
Konstanz,Landkreis,Konstanz (Landkreis),2022,1587
Konstanz,Landkreis,Konstanz (Landkreis),2023,1445
Ludwigsburg,Landkreis,Ludwigsburg (Landkreis),1991,2767
Ludwigsburg,Landkreis,Ludwigsburg (Landkreis),1992,2817
Ludwigsburg,Landkreis,Ludwigsburg (Landkreis),1993,2878
Ludwigsburg,Landkreis,Ludwigsburg (Landkreis),1994,2836
Ludwigsburg,Landkreis,Ludwigsburg (Landkreis),1995,2954
Ludwigsburg,Landkreis,Ludwigsburg (Landkreis),1996,3117
Ludwigsburg,Landkreis,Ludwigsburg (Landkreis),1997,3022
Ludwigsburg,Landkreis,Ludwigsburg (Landkreis),1998,3063
Ludwigsburg,Landkreis,Ludwigsburg (Landkreis),1999,3106
Ludwigsburg,Landkreis,Ludwigsburg (Landkreis),2000,3076
Ludwigsburg,Landkreis,Ludwigsburg (Landkreis),2001,3145
Ludwigsburg,Landkreis,Ludwigsburg (Landkreis),2002,3260
Ludwigsburg,Landkreis,Ludwigsburg (Landkreis),2003,3364
Ludwigsburg,Landkreis,Ludwigsburg (Landkreis),2004,3450
Ludwigsburg,Landkreis,Ludwigsburg (Landkreis),2005,3670
Ludwigsburg,Landkreis,Ludwigsburg (Landkreis),2006,3639
Ludwigsburg,Landkreis,Ludwigsburg (Landkreis),2007,3570
Ludwigsburg,Landkreis,Ludwigsburg (Landkreis),2008,3560
Ludwigsburg,Landkreis,Ludwigsburg (Landkreis),2009,3541
Ludwigsburg,Landkreis,Ludwigsburg (Landkreis),2010,3621
Ludwigsburg,Landkreis,Ludwigsburg (Landkreis),2011,3067
Ludwigsburg,Landkreis,Ludwigsburg (Landkreis),2012,3038
Ludwigsburg,Landkreis,Ludwigsburg (Landkreis),2013,3010
Ludwigsburg,Landkreis,Ludwigsburg (Landkreis),2014,2916
Ludwigsburg,Landkreis,Ludwigsburg (Landkreis),2015,2969
Ludwigsburg,Landkreis,Ludwigsburg (Landkreis),2016,2921
Ludwigsburg,Landkreis,Ludwigsburg (Landkreis),2017,2903
Ludwigsburg,Landkreis,Ludwigsburg (Landkreis),2018,2807
Ludwigsburg,Landkreis,Ludwigsburg (Landkreis),2019,3000
Ludwigsburg,Landkreis,Ludwigsburg (Landkreis),2020,2959
Ludwigsburg,Landkreis,Ludwigsburg (Landkreis),2021,3105
Ludwigsburg,Landkreis,Ludwigsburg (Landkreis),2022,2916
Ludwigsburg,Landkreis,Ludwigsburg (Landkreis),2023,2653
Lörrach,Landkreis,Lörrach (Landkreis),1991,1197
Lörrach,Landkreis,Lörrach (Landkreis),1992,1222
Lörrach,Landkreis,Lörrach (Landkreis),1993,1250
Lörrach,Landkreis,Lörrach (Landkreis),1994,1236
Lörrach,Landkreis,Lörrach (Landkreis),1995,1290
Lörrach,Landkreis,Lörrach (Landkreis),1996,1364
Lörrach,Landkreis,Lörrach (Landkreis),1997,1324
Lörrach,Landkreis,Lörrach (Landkreis),1998,1340
Lörrach,Landkreis,Lörrach (Landkreis),1999,1355
Lörrach,Landkreis,Lörrach (Landkreis),2000,1342
Lörrach,Landkreis,Lörrach (Landkreis),2001,1370
Lörrach,Landkreis,Lörrach (Landkreis),2002,1418
Lörrach,Landkreis,Lörrach (Landkreis),2003,1459
Lörrach,Landkreis,Lörrach (Landkreis),2004,1487
Lörrach,Landkreis,Lörrach (Landkreis),2005,1583
Lörrach,Landkreis,Lörrach (Landkreis),2006,1570
Lörrach,Landkreis,Lörrach (Landkreis),2007,1542
Lörrach,Landkreis,Lörrach (Landkreis),2008,1536
Lörrach,Landkreis,Lörrach (Landkreis),2009,1523
Lörrach,Landkreis,Lörrach (Landkreis),2010,1556
Lörrach,Landkreis,Lörrach (Landkreis),2011,1315
Lörrach,Landkreis,Lörrach (Landkreis),2012,1297
Lörrach,Landkreis,Lörrach (Landkreis),2013,1281
Lörrach,Landkreis,Lörrach (Landkreis),2014,1239
Lörrach,Landkreis,Lörrach (Landkreis),2015,1260
Lörrach,Landkreis,Lörrach (Landkreis),2016,1236
Lörrach,Landkreis,Lörrach (Landkreis),2017,1221
Lörrach,Landkreis,Lörrach (Landkreis),2018,1180
Lörrach,Landkreis,Lörrach (Landkreis),2019,1258
Lörrach,Landkreis,Lörrach (Landkreis),2020,1243
Lörrach,Landkreis,Lörrach (Landkreis),2021,1308
Lörrach,Landkreis,Lörrach (Landkreis),2022,1289
Lörrach,Landkreis,Lörrach (Landkreis),2023,1177
Main-Tauber-Kreis,Landkreis,Main-Tauber-Kreis (Landkreis),1991,760
Main-Tauber-Kreis,Landkreis,Main-Tauber-Kreis (Landkreis),1992,777
Main-Tauber-Kreis,Landkreis,Main-Tauber-Kreis (Landkreis),1993,799
Main-Tauber-Kreis,Landkreis,Main-Tauber-Kreis (Landkreis),1994,793
Main-Tauber-Kreis,Landkreis,Main-Tauber-Kreis (Landkreis),1995,832
Main-Tauber-Kreis,Landkreis,Main-Tauber-Kreis (Landkreis),1996,877
Main-Tauber-Kreis,Landkreis,Main-Tauber-Kreis (Landkreis),1997,847
Main-Tauber-Kreis,Landkreis,Main-Tauber-Kreis (Landkreis),1998,854
Main-Tauber-Kreis,Landkreis,Main-Tauber-Kreis (Landkreis),1999,860
Main-Tauber-Kreis,Landkreis,Main-Tauber-Kreis (Landkreis),2000,847
Main-Tauber-Kreis,Landkreis,Main-Tauber-Kreis (Landkreis),2001,859
Main-Tauber-Kreis,Landkreis,Main-Tauber-Kreis (Landkreis),2002,883
Main-Tauber-Kreis,Landkreis,Main-Tauber-Kreis (Landkreis),2003,907
Main-Tauber-Kreis,Landkreis,Main-Tauber-Kreis (Landkreis),2004,928
Main-Tauber-Kreis,Landkreis,Main-Tauber-Kreis (Landkreis),2005,981
Main-Tauber-Kreis,Landkreis,Main-Tauber-Kreis (Landkreis),2006,965
Main-Tauber-Kreis,Landkreis,Main-Tauber-Kreis (Landkreis),2007,938
Main-Tauber-Kreis,Landkreis,Main-Tauber-Kreis (Landkreis),2008,931
Main-Tauber-Kreis,Landkreis,Main-Tauber-Kreis (Landkreis),2009,919
Main-Tauber-Kreis,Landkreis,Main-Tauber-Kreis (Landkreis),2010,932
Main-Tauber-Kreis,Landkreis,Main-Tauber-Kreis (Landkreis),2011,781
Main-Tauber-Kreis,Landkreis,Main-Tauber-Kreis (Landkreis),2012,763
Main-Tauber-Kreis,Landkreis,Main-Tauber-Kreis (Landkreis),2013,749
Main-Tauber-Kreis,Landkreis,Main-Tauber-Kreis (Landkreis),2014,722
Main-Tauber-Kreis,Landkreis,Main-Tauber-Kreis (Landkreis),2015,735
Main-Tauber-Kreis,Landkreis,Main-Tauber-Kreis (Landkreis),2016,718
Main-Tauber-Kreis,Landkreis,Main-Tauber-Kreis (Landkreis),2017,707
Main-Tauber-Kreis,Landkreis,Main-Tauber-Kreis (Landkreis),2018,683
Main-Tauber-Kreis,Landkreis,Main-Tauber-Kreis (Landkreis),2019,728
Main-Tauber-Kreis,Landkreis,Main-Tauber-Kreis (Landkreis),2020,720
Main-Tauber-Kreis,Landkreis,Main-Tauber-Kreis (Landkreis),2021,758
Main-Tauber-Kreis,Landkreis,Main-Tauber-Kreis (Landkreis),2022,728
Main-Tauber-Kreis,Landkreis,Main-Tauber-Kreis (Landkreis),2023,662
Mannheim,kreisfreie Stadt,Mannheim (kreisfreie Stadt),1991,1841
Mannheim,kreisfreie Stadt,Mannheim (kreisfreie Stadt),1992,1872
Mannheim,kreisfreie Stadt,Mannheim (kreisfreie Stadt),1993,1899
Mannheim,kreisfreie Stadt,Mannheim (kreisfreie Stadt),1994,1856
Mannheim,kreisfreie Stadt,Mannheim (kreisfreie Stadt),1995,1893
Mannheim,kreisfreie Stadt,Mannheim (kreisfreie Stadt),1996,1995
Mannheim,kreisfreie Stadt,Mannheim (kreisfreie Stadt),1997,1919
Mannheim,kreisfreie Stadt,Mannheim (kreisfreie Stadt),1998,1924
Mannheim,kreisfreie Stadt,Mannheim (kreisfreie Stadt),1999,1929
Mannheim,kreisfreie Stadt,Mannheim (kreisfreie Stadt),2000,1896
Mannheim,kreisfreie Stadt,Mannheim (kreisfreie Stadt),2001,1927
Mannheim,kreisfreie Stadt,Mannheim (kreisfreie Stadt),2002,1985
Mannheim,kreisfreie Stadt,Mannheim (kreisfreie Stadt),2003,2035
Mannheim,kreisfreie Stadt,Mannheim (kreisfreie Stadt),2004,2073
Mannheim,kreisfreie Stadt,Mannheim (kreisfreie Stadt),2005,2201
Mannheim,kreisfreie Stadt,Mannheim (kreisfreie Stadt),2006,2180
Mannheim,kreisfreie Stadt,Mannheim (kreisfreie Stadt),2007,2147
Mannheim,kreisfreie Stadt,Mannheim (kreisfreie Stadt),2008,2148
Mannheim,kreisfreie Stadt,Mannheim (kreisfreie Stadt),2009,2137
Mannheim,kreisfreie Stadt,Mannheim (kreisfreie Stadt),2010,2189
Mannheim,kreisfreie Stadt,Mannheim (kreisfreie Stadt),2011,1746
Mannheim,kreisfreie Stadt,Mannheim (kreisfreie Stadt),2012,1732
Mannheim,kreisfreie Stadt,Mannheim (kreisfreie Stadt),2013,1712
Mannheim,kreisfreie Stadt,Mannheim (kreisfreie Stadt),2014,1661
Mannheim,kreisfreie Stadt,Mannheim (kreisfreie Stadt),2015,1700
Mannheim,kreisfreie Stadt,Mannheim (kreisfreie Stadt),2016,1655
Mannheim,kreisfreie Stadt,Mannheim (kreisfreie Stadt),2017,1648
Mannheim,kreisfreie Stadt,Mannheim (kreisfreie Stadt),2018,1596
Mannheim,kreisfreie Stadt,Mannheim (kreisfreie Stadt),2019,1709
Mannheim,kreisfreie Stadt,Mannheim (kreisfreie Stadt),2020,1682
Mannheim,kreisfreie Stadt,Mannheim (kreisfreie Stadt),2021,1777
Mannheim,kreisfreie Stadt,Mannheim (kreisfreie Stadt),2022,1726
Mannheim,kreisfreie Stadt,Mannheim (kreisfreie Stadt),2023,1569
Neckar-Odenwald-Kreis,Landkreis,Neckar-Odenwald-Kreis (Landkreis),1991,822
Neckar-Odenwald-Kreis,Landkreis,Neckar-Odenwald-Kreis (Landkreis),1992,838
Neckar-Odenwald-Kreis,Landkreis,Neckar-Odenwald-Kreis (Landkreis),1993,861
Neckar-Odenwald-Kreis,Landkreis,Neckar-Odenwald-Kreis (Landkreis),1994,856
Neckar-Odenwald-Kreis,Landkreis,Neckar-Odenwald-Kreis (Landkreis),1995,892
Neckar-Odenwald-Kreis,Landkreis,Neckar-Odenwald-Kreis (Landkreis),1996,944
Neckar-Odenwald-Kreis,Landkreis,Neckar-Odenwald-Kreis (Landkreis),1997,917
Neckar-Odenwald-Kreis,Landkreis,Neckar-Odenwald-Kreis (Landkreis),1998,926
Neckar-Odenwald-Kreis,Landkreis,Neckar-Odenwald-Kreis (Landkreis),1999,934
Neckar-Odenwald-Kreis,Landkreis,Neckar-Odenwald-Kreis (Landkreis),2000,923
Neckar-Odenwald-Kreis,Landkreis,Neckar-Odenwald-Kreis (Landkreis),2001,938
Neckar-Odenwald-Kreis,Landkreis,Neckar-Odenwald-Kreis (Landkreis),2002,971
Neckar-Odenwald-Kreis,Landkreis,Neckar-Odenwald-Kreis (Landkreis),2003,996
Neckar-Odenwald-Kreis,Landkreis,Neckar-Odenwald-Kreis (Landkreis),2004,1019
Neckar-Odenwald-Kreis,Landkreis,Neckar-Odenwald-Kreis (Landkreis),2005,1077
Neckar-Odenwald-Kreis,Landkreis,Neckar-Odenwald-Kreis (Landkreis),2006,1062
Neckar-Odenwald-Kreis,Landkreis,Neckar-Odenwald-Kreis (Landkreis),2007,1037
Neckar-Odenwald-Kreis,Landkreis,Neckar-Odenwald-Kreis (Landkreis),2008,1026
Neckar-Odenwald-Kreis,Landkreis,Neckar-Odenwald-Kreis (Landkreis),2009,1012
Neckar-Odenwald-Kreis,Landkreis,Neckar-Odenwald-Kreis (Landkreis),2010,1028
Neckar-Odenwald-Kreis,Landkreis,Neckar-Odenwald-Kreis (Landkreis),2011,853
Neckar-Odenwald-Kreis,Landkreis,Neckar-Odenwald-Kreis (Landkreis),2012,834
Neckar-Odenwald-Kreis,Landkreis,Neckar-Odenwald-Kreis (Landkreis),2013,817
Neckar-Odenwald-Kreis,Landkreis,Neckar-Odenwald-Kreis (Landkreis),2014,785
Neckar-Odenwald-Kreis,Landkreis,Neckar-Odenwald-Kreis (Landkreis),2015,795
Neckar-Odenwald-Kreis,Landkreis,Neckar-Odenwald-Kreis (Landkreis),2016,778
Neckar-Odenwald-Kreis,Landkreis,Neckar-Odenwald-Kreis (Landkreis),2017,767
Neckar-Odenwald-Kreis,Landkreis,Neckar-Odenwald-Kreis (Landkreis),2018,741
Neckar-Odenwald-Kreis,Landkreis,Neckar-Odenwald-Kreis (Landkreis),2019,790
Neckar-Odenwald-Kreis,Landkreis,Neckar-Odenwald-Kreis (Landkreis),2020,781
Neckar-Odenwald-Kreis,Landkreis,Neckar-Odenwald-Kreis (Landkreis),2021,820
Neckar-Odenwald-Kreis,Landkreis,Neckar-Odenwald-Kreis (Landkreis),2022,795
Neckar-Odenwald-Kreis,Landkreis,Neckar-Odenwald-Kreis (Landkreis),2023,723
Ortenaukreis,Landkreis,Ortenaukreis (Landkreis),1991,2211
Ortenaukreis,Landkreis,Ortenaukreis (Landkreis),1992,2266
Ortenaukreis,Landkreis,Ortenaukreis (Landkreis),1993,2331
Ortenaukreis,Landkreis,Ortenaukreis (Landkreis),1994,2319
Ortenaukreis,Landkreis,Ortenaukreis (Landkreis),1995,2427
Ortenaukreis,Landkreis,Ortenaukreis (Landkreis),1996,2564
Ortenaukreis,Landkreis,Ortenaukreis (Landkreis),1997,2486
Ortenaukreis,Landkreis,Ortenaukreis (Landkreis),1998,2515
Ortenaukreis,Landkreis,Ortenaukreis (Landkreis),1999,2543
Ortenaukreis,Landkreis,Ortenaukreis (Landkreis),2000,2522
Ortenaukreis,Landkreis,Ortenaukreis (Landkreis),2001,2572
Ortenaukreis,Landkreis,Ortenaukreis (Landkreis),2002,2656
Ortenaukreis,Landkreis,Ortenaukreis (Landkreis),2003,2734
Ortenaukreis,Landkreis,Ortenaukreis (Landkreis),2004,2800
Ortenaukreis,Landkreis,Ortenaukreis (Landkreis),2005,2977
Ortenaukreis,Landkreis,Ortenaukreis (Landkreis),2006,2952
Ortenaukreis,Landkreis,Ortenaukreis (Landkreis),2007,2895
Ortenaukreis,Landkreis,Ortenaukreis (Landkreis),2008,2882
Ortenaukreis,Landkreis,Ortenaukreis (Landkreis),2009,2858
Ortenaukreis,Landkreis,Ortenaukreis (Landkreis),2010,2918
Ortenaukreis,Landkreis,Ortenaukreis (Landkreis),2011,2458
Ortenaukreis,Landkreis,Ortenaukreis (Landkreis),2012,2421
Ortenaukreis,Landkreis,Ortenaukreis (Landkreis),2013,2381
Ortenaukreis,Landkreis,Ortenaukreis (Landkreis),2014,2303
Ortenaukreis,Landkreis,Ortenaukreis (Landkreis),2015,2336
Ortenaukreis,Landkreis,Ortenaukreis (Landkreis),2016,2299
Ortenaukreis,Landkreis,Ortenaukreis (Landkreis),2017,2279
Ortenaukreis,Landkreis,Ortenaukreis (Landkreis),2018,2216
Ortenaukreis,Landkreis,Ortenaukreis (Landkreis),2019,2370
Ortenaukreis,Landkreis,Ortenaukreis (Landkreis),2020,2349
Ortenaukreis,Landkreis,Ortenaukreis (Landkreis),2021,2477
Ortenaukreis,Landkreis,Ortenaukreis (Landkreis),2022,2415
Ortenaukreis,Landkreis,Ortenaukreis (Landkreis),2023,2200
Ostalbkreis,Landkreis,Ostalbkreis (Landkreis),1991,1754
Ostalbkreis,Landkreis,Ostalbkreis (Landkreis),1992,1788
Ostalbkreis,Landkreis,Ostalbkreis (Landkreis),1993,1836
Ostalbkreis,Landkreis,Ostalbkreis (Landkreis),1994,1815
Ostalbkreis,Landkreis,Ostalbkreis (Landkreis),1995,1892
Ostalbkreis,Landkreis,Ostalbkreis (Landkreis),1996,1995
Ostalbkreis,Landkreis,Ostalbkreis (Landkreis),1997,1928
Ostalbkreis,Landkreis,Ostalbkreis (Landkreis),1998,1949
Ostalbkreis,Landkreis,Ostalbkreis (Landkreis),1999,1965
Ostalbkreis,Landkreis,Ostalbkreis (Landkreis),2000,1942
Ostalbkreis,Landkreis,Ostalbkreis (Landkreis),2001,1971
Ostalbkreis,Landkreis,Ostalbkreis (Landkreis),2002,2035
Ostalbkreis,Landkreis,Ostalbkreis (Landkreis),2003,2091
Ostalbkreis,Landkreis,Ostalbkreis (Landkreis),2004,2137
Ostalbkreis,Landkreis,Ostalbkreis (Landkreis),2005,2265
Ostalbkreis,Landkreis,Ostalbkreis (Landkreis),2006,2235
Ostalbkreis,Landkreis,Ostalbkreis (Landkreis),2007,2180
Ostalbkreis,Landkreis,Ostalbkreis (Landkreis),2008,2164
Ostalbkreis,Landkreis,Ostalbkreis (Landkreis),2009,2138
Ostalbkreis,Landkreis,Ostalbkreis (Landkreis),2010,2172
Ostalbkreis,Landkreis,Ostalbkreis (Landkreis),2011,1835
Ostalbkreis,Landkreis,Ostalbkreis (Landkreis),2012,1802
Ostalbkreis,Landkreis,Ostalbkreis (Landkreis),2013,1771
Ostalbkreis,Landkreis,Ostalbkreis (Landkreis),2014,1707
Ostalbkreis,Landkreis,Ostalbkreis (Landkreis),2015,1738
Ostalbkreis,Landkreis,Ostalbkreis (Landkreis),2016,1692
Ostalbkreis,Landkreis,Ostalbkreis (Landkreis),2017,1671
Ostalbkreis,Landkreis,Ostalbkreis (Landkreis),2018,1620
Ostalbkreis,Landkreis,Ostalbkreis (Landkreis),2019,1727
Ostalbkreis,Landkreis,Ostalbkreis (Landkreis),2020,1707
Ostalbkreis,Landkreis,Ostalbkreis (Landkreis),2021,1796
Ostalbkreis,Landkreis,Ostalbkreis (Landkreis),2022,1734
Ostalbkreis,Landkreis,Ostalbkreis (Landkreis),2023,1574
Pforzheim,kreisfreie Stadt,Pforzheim (kreisfreie Stadt),1991,676
Pforzheim,kreisfreie Stadt,Pforzheim (kreisfreie Stadt),1992,686
Pforzheim,kreisfreie Stadt,Pforzheim (kreisfreie Stadt),1993,701
Pforzheim,kreisfreie Stadt,Pforzheim (kreisfreie Stadt),1994,692
Pforzheim,kreisfreie Stadt,Pforzheim (kreisfreie Stadt),1995,722
Pforzheim,kreisfreie Stadt,Pforzheim (kreisfreie Stadt),1996,759
Pforzheim,kreisfreie Stadt,Pforzheim (kreisfreie Stadt),1997,730
Pforzheim,kreisfreie Stadt,Pforzheim (kreisfreie Stadt),1998,733
Pforzheim,kreisfreie Stadt,Pforzheim (kreisfreie Stadt),1999,735
Pforzheim,kreisfreie Stadt,Pforzheim (kreisfreie Stadt),2000,724
Pforzheim,kreisfreie Stadt,Pforzheim (kreisfreie Stadt),2001,738
Pforzheim,kreisfreie Stadt,Pforzheim (kreisfreie Stadt),2002,764
Pforzheim,kreisfreie Stadt,Pforzheim (kreisfreie Stadt),2003,786
Pforzheim,kreisfreie Stadt,Pforzheim (kreisfreie Stadt),2004,801
Pforzheim,kreisfreie Stadt,Pforzheim (kreisfreie Stadt),2005,851
Pforzheim,kreisfreie Stadt,Pforzheim (kreisfreie Stadt),2006,844
Pforzheim,kreisfreie Stadt,Pforzheim (kreisfreie Stadt),2007,828
Pforzheim,kreisfreie Stadt,Pforzheim (kreisfreie Stadt),2008,827
Pforzheim,kreisfreie Stadt,Pforzheim (kreisfreie Stadt),2009,821
Pforzheim,kreisfreie Stadt,Pforzheim (kreisfreie Stadt),2010,837
Pforzheim,kreisfreie Stadt,Pforzheim (kreisfreie Stadt),2011,690
Pforzheim,kreisfreie Stadt,Pforzheim (kreisfreie Stadt),2012,685
Pforzheim,kreisfreie Stadt,Pforzheim (kreisfreie Stadt),2013,679
Pforzheim,kreisfreie Stadt,Pforzheim (kreisfreie Stadt),2014,661
Pforzheim,kreisfreie Stadt,Pforzheim (kreisfreie Stadt),2015,680
Pforzheim,kreisfreie Stadt,Pforzheim (kreisfreie Stadt),2016,671
Pforzheim,kreisfreie Stadt,Pforzheim (kreisfreie Stadt),2017,665
Pforzheim,kreisfreie Stadt,Pforzheim (kreisfreie Stadt),2018,648
Pforzheim,kreisfreie Stadt,Pforzheim (kreisfreie Stadt),2019,693
Pforzheim,kreisfreie Stadt,Pforzheim (kreisfreie Stadt),2020,684
Pforzheim,kreisfreie Stadt,Pforzheim (kreisfreie Stadt),2021,716
Pforzheim,kreisfreie Stadt,Pforzheim (kreisfreie Stadt),2022,734
Pforzheim,kreisfreie Stadt,Pforzheim (kreisfreie Stadt),2023,670
Rastatt,Landkreis,Rastatt (Landkreis),1991,1211
Rastatt,Landkreis,Rastatt (Landkreis),1992,1236
Rastatt,Landkreis,Rastatt (Landkreis),1993,1301
Rastatt,Landkreis,Rastatt (Landkreis),1994,1305
Rastatt,Landkreis,Rastatt (Landkreis),1995,1331
Rastatt,Landkreis,Rastatt (Landkreis),1996,1407
Rastatt,Landkreis,Rastatt (Landkreis),1997,1367
Rastatt,Landkreis,Rastatt (Landkreis),1998,1384
Rastatt,Landkreis,Rastatt (Landkreis),1999,1402
Rastatt,Landkreis,Rastatt (Landkreis),2000,1380
Rastatt,Landkreis,Rastatt (Landkreis),2001,1402
Rastatt,Landkreis,Rastatt (Landkreis),2002,1453
Rastatt,Landkreis,Rastatt (Landkreis),2003,1496
Rastatt,Landkreis,Rastatt (Landkreis),2004,1534
Rastatt,Landkreis,Rastatt (Landkreis),2005,1633
Rastatt,Landkreis,Rastatt (Landkreis),2006,1614
Rastatt,Landkreis,Rastatt (Landkreis),2007,1580
Rastatt,Landkreis,Rastatt (Landkreis),2008,1567
Rastatt,Landkreis,Rastatt (Landkreis),2009,1554
Rastatt,Landkreis,Rastatt (Landkreis),2010,1585
Rastatt,Landkreis,Rastatt (Landkreis),2011,1331
Rastatt,Landkreis,Rastatt (Landkreis),2012,1308
Rastatt,Landkreis,Rastatt (Landkreis),2013,1289
Rastatt,Landkreis,Rastatt (Landkreis),2014,1245
Rastatt,Landkreis,Rastatt (Landkreis),2015,1265
Rastatt,Landkreis,Rastatt (Landkreis),2016,1243
Rastatt,Landkreis,Rastatt (Landkreis),2017,1232
Rastatt,Landkreis,Rastatt (Landkreis),2018,1192
Rastatt,Landkreis,Rastatt (Landkreis),2019,1273
Rastatt,Landkreis,Rastatt (Landkreis),2020,1260
Rastatt,Landkreis,Rastatt (Landkreis),2021,1324
Rastatt,Landkreis,Rastatt (Landkreis),2022,1264
Rastatt,Landkreis,Rastatt (Landkreis),2023,1148
Ravensburg,Landkreis,Ravensburg (Landkreis),1991,1477
Ravensburg,Landkreis,Ravensburg (Landkreis),1992,1509
Ravensburg,Landkreis,Ravensburg (Landkreis),1993,1545
Ravensburg,Landkreis,Ravensburg (Landkreis),1994,1526
Ravensburg,Landkreis,Ravensburg (Landkreis),1995,1590
Ravensburg,Landkreis,Ravensburg (Landkreis),1996,1684
Ravensburg,Landkreis,Ravensburg (Landkreis),1997,1633
Ravensburg,Landkreis,Ravensburg (Landkreis),1998,1656
Ravensburg,Landkreis,Ravensburg (Landkreis),1999,1675
Ravensburg,Landkreis,Ravensburg (Landkreis),2000,1661
Ravensburg,Landkreis,Ravensburg (Landkreis),2001,1691
Ravensburg,Landkreis,Ravensburg (Landkreis),2002,1751
Ravensburg,Landkreis,Ravensburg (Landkreis),2003,1806
Ravensburg,Landkreis,Ravensburg (Landkreis),2004,1854
Ravensburg,Landkreis,Ravensburg (Landkreis),2005,1971
Ravensburg,Landkreis,Ravensburg (Landkreis),2006,1953
Ravensburg,Landkreis,Ravensburg (Landkreis),2007,1916
Ravensburg,Landkreis,Ravensburg (Landkreis),2008,1908
Ravensburg,Landkreis,Ravensburg (Landkreis),2009,1893
Ravensburg,Landkreis,Ravensburg (Landkreis),2010,1936
Ravensburg,Landkreis,Ravensburg (Landkreis),2011,1618
Ravensburg,Landkreis,Ravensburg (Landkreis),2012,1602
Ravensburg,Landkreis,Ravensburg (Landkreis),2013,1578
Ravensburg,Landkreis,Ravensburg (Landkreis),2014,1525
Ravensburg,Landkreis,Ravensburg (Landkreis),2015,1553
Ravensburg,Landkreis,Ravensburg (Landkreis),2016,1529
Ravensburg,Landkreis,Ravensburg (Landkreis),2017,1515
Ravensburg,Landkreis,Ravensburg (Landkreis),2018,1467
Ravensburg,Landkreis,Ravensburg (Landkreis),2019,1570
Ravensburg,Landkreis,Ravensburg (Landkreis),2020,1552
Ravensburg,Landkreis,Ravensburg (Landkreis),2021,1636
Ravensburg,Landkreis,Ravensburg (Landkreis),2022,1575
Ravensburg,Landkreis,Ravensburg (Landkreis),2023,1437
Rems-Murr-Kreis,Landkreis,Rems-Murr-Kreis (Landkreis),1991,2269
Rems-Murr-Kreis,Landkreis,Rems-Murr-Kreis (Landkreis),1992,2311
Rems-Murr-Kreis,Landkreis,Rems-Murr-Kreis (Landkreis),1993,2363
Rems-Murr-Kreis,Landkreis,Rems-Murr-Kreis (Landkreis),1994,2327
Rems-Murr-Kreis,Landkreis,Rems-Murr-Kreis (Landkreis),1995,2427
Rems-Murr-Kreis,Landkreis,Rems-Murr-Kreis (Landkreis),1996,2566
Rems-Murr-Kreis,Landkreis,Rems-Murr-Kreis (Landkreis),1997,2491
Rems-Murr-Kreis,Landkreis,Rems-Murr-Kreis (Landkreis),1998,2519
Rems-Murr-Kreis,Landkreis,Rems-Murr-Kreis (Landkreis),1999,2553
Rems-Murr-Kreis,Landkreis,Rems-Murr-Kreis (Landkreis),2000,2529
Rems-Murr-Kreis,Landkreis,Rems-Murr-Kreis (Landkreis),2001,2581
Rems-Murr-Kreis,Landkreis,Rems-Murr-Kreis (Landkreis),2002,2673
Rems-Murr-Kreis,Landkreis,Rems-Murr-Kreis (Landkreis),2003,2750
Rems-Murr-Kreis,Landkreis,Rems-Murr-Kreis (Landkreis),2004,2814
Rems-Murr-Kreis,Landkreis,Rems-Murr-Kreis (Landkreis),2005,2987
Rems-Murr-Kreis,Landkreis,Rems-Murr-Kreis (Landkreis),2006,2957
Rems-Murr-Kreis,Landkreis,Rems-Murr-Kreis (Landkreis),2007,2891
Rems-Murr-Kreis,Landkreis,Rems-Murr-Kreis (Landkreis),2008,2872
Rems-Murr-Kreis,Landkreis,Rems-Murr-Kreis (Landkreis),2009,2848
Rems-Murr-Kreis,Landkreis,Rems-Murr-Kreis (Landkreis),2010,2904
Rems-Murr-Kreis,Landkreis,Rems-Murr-Kreis (Landkreis),2011,2439
Rems-Murr-Kreis,Landkreis,Rems-Murr-Kreis (Landkreis),2012,2404
Rems-Murr-Kreis,Landkreis,Rems-Murr-Kreis (Landkreis),2013,2372
Rems-Murr-Kreis,Landkreis,Rems-Murr-Kreis (Landkreis),2014,2294
Rems-Murr-Kreis,Landkreis,Rems-Murr-Kreis (Landkreis),2015,2332
Rems-Murr-Kreis,Landkreis,Rems-Murr-Kreis (Landkreis),2016,2295
Rems-Murr-Kreis,Landkreis,Rems-Murr-Kreis (Landkreis),2017,2273
Rems-Murr-Kreis,Landkreis,Rems-Murr-Kreis (Landkreis),2018,2199
Rems-Murr-Kreis,Landkreis,Rems-Murr-Kreis (Landkreis),2019,2350
Rems-Murr-Kreis,Landkreis,Rems-Murr-Kreis (Landkreis),2020,2320
Rems-Murr-Kreis,Landkreis,Rems-Murr-Kreis (Landkreis),2021,2436
Rems-Murr-Kreis,Landkreis,Rems-Murr-Kreis (Landkreis),2022,2401
Rems-Murr-Kreis,Landkreis,Rems-Murr-Kreis (Landkreis),2023,2183
Reutlingen,Landkreis,Reutlingen (Landkreis),1991,1542
Reutlingen,Landkreis,Reutlingen (Landkreis),1992,1570
Reutlingen,Landkreis,Reutlingen (Landkreis),1993,1608
Reutlingen,Landkreis,Reutlingen (Landkreis),1994,1585
Reutlingen,Landkreis,Reutlingen (Landkreis),1995,1654
Reutlingen,Landkreis,Reutlingen (Landkreis),1996,1748
Reutlingen,Landkreis,Reutlingen (Landkreis),1997,1698
Reutlingen,Landkreis,Reutlingen (Landkreis),1998,1715
Reutlingen,Landkreis,Reutlingen (Landkreis),1999,1735
Reutlingen,Landkreis,Reutlingen (Landkreis),2000,1718
Reutlingen,Landkreis,Reutlingen (Landkreis),2001,1745
Reutlingen,Landkreis,Reutlingen (Landkreis),2002,1804
Reutlingen,Landkreis,Reutlingen (Landkreis),2003,1859
Reutlingen,Landkreis,Reutlingen (Landkreis),2004,1899
Reutlingen,Landkreis,Reutlingen (Landkreis),2005,2017
Reutlingen,Landkreis,Reutlingen (Landkreis),2006,1996
Reutlingen,Landkreis,Reutlingen (Landkreis),2007,1951
Reutlingen,Landkreis,Reutlingen (Landkreis),2008,1939
Reutlingen,Landkreis,Reutlingen (Landkreis),2009,1924
Reutlingen,Landkreis,Reutlingen (Landkreis),2010,1964
Reutlingen,Landkreis,Reutlingen (Landkreis),2011,1639
Reutlingen,Landkreis,Reutlingen (Landkreis),2012,1615
Reutlingen,Landkreis,Reutlingen (Landkreis),2013,1593
Reutlingen,Landkreis,Reutlingen (Landkreis),2014,1540
Reutlingen,Landkreis,Reutlingen (Landkreis),2015,1569
Reutlingen,Landkreis,Reutlingen (Landkreis),2016,1543
Reutlingen,Landkreis,Reutlingen (Landkreis),2017,1529
Reutlingen,Landkreis,Reutlingen (Landkreis),2018,1480
Reutlingen,Landkreis,Reutlingen (Landkreis),2019,1579
Reutlingen,Landkreis,Reutlingen (Landkreis),2020,1561
Reutlingen,Landkreis,Reutlingen (Landkreis),2021,1643
Reutlingen,Landkreis,Reutlingen (Landkreis),2022,1597
Reutlingen,Landkreis,Reutlingen (Landkreis),2023,1455
Rhein-Neckar-Kreis,Landkreis,Rhein-Neckar-Kreis (Landkreis),1991,2901
Rhein-Neckar-Kreis,Landkreis,Rhein-Neckar-Kreis (Landkreis),1992,2962
Rhein-Neckar-Kreis,Landkreis,Rhein-Neckar-Kreis (Landkreis),1993,3033
Rhein-Neckar-Kreis,Landkreis,Rhein-Neckar-Kreis (Landkreis),1994,2992
Rhein-Neckar-Kreis,Landkreis,Rhein-Neckar-Kreis (Landkreis),1995,3116
Rhein-Neckar-Kreis,Landkreis,Rhein-Neckar-Kreis (Landkreis),1996,3296
Rhein-Neckar-Kreis,Landkreis,Rhein-Neckar-Kreis (Landkreis),1997,3198
Rhein-Neckar-Kreis,Landkreis,Rhein-Neckar-Kreis (Landkreis),1998,3237
Rhein-Neckar-Kreis,Landkreis,Rhein-Neckar-Kreis (Landkreis),1999,3273
Rhein-Neckar-Kreis,Landkreis,Rhein-Neckar-Kreis (Landkreis),2000,3238
Rhein-Neckar-Kreis,Landkreis,Rhein-Neckar-Kreis (Landkreis),2001,3299
Rhein-Neckar-Kreis,Landkreis,Rhein-Neckar-Kreis (Landkreis),2002,3412
Rhein-Neckar-Kreis,Landkreis,Rhein-Neckar-Kreis (Landkreis),2003,3509
Rhein-Neckar-Kreis,Landkreis,Rhein-Neckar-Kreis (Landkreis),2004,3591
Rhein-Neckar-Kreis,Landkreis,Rhein-Neckar-Kreis (Landkreis),2005,3818
Rhein-Neckar-Kreis,Landkreis,Rhein-Neckar-Kreis (Landkreis),2006,3782
Rhein-Neckar-Kreis,Landkreis,Rhein-Neckar-Kreis (Landkreis),2007,3707
Rhein-Neckar-Kreis,Landkreis,Rhein-Neckar-Kreis (Landkreis),2008,3693
Rhein-Neckar-Kreis,Landkreis,Rhein-Neckar-Kreis (Landkreis),2009,3674
Rhein-Neckar-Kreis,Landkreis,Rhein-Neckar-Kreis (Landkreis),2010,3758
Rhein-Neckar-Kreis,Landkreis,Rhein-Neckar-Kreis (Landkreis),2011,3146
Rhein-Neckar-Kreis,Landkreis,Rhein-Neckar-Kreis (Landkreis),2012,3100
Rhein-Neckar-Kreis,Landkreis,Rhein-Neckar-Kreis (Landkreis),2013,3064
Rhein-Neckar-Kreis,Landkreis,Rhein-Neckar-Kreis (Landkreis),2014,2962
Rhein-Neckar-Kreis,Landkreis,Rhein-Neckar-Kreis (Landkreis),2015,3013
Rhein-Neckar-Kreis,Landkreis,Rhein-Neckar-Kreis (Landkreis),2016,2956
Rhein-Neckar-Kreis,Landkreis,Rhein-Neckar-Kreis (Landkreis),2017,2925
Rhein-Neckar-Kreis,Landkreis,Rhein-Neckar-Kreis (Landkreis),2018,2826
Rhein-Neckar-Kreis,Landkreis,Rhein-Neckar-Kreis (Landkreis),2019,3016
Rhein-Neckar-Kreis,Landkreis,Rhein-Neckar-Kreis (Landkreis),2020,2977
Rhein-Neckar-Kreis,Landkreis,Rhein-Neckar-Kreis (Landkreis),2021,3129
Rhein-Neckar-Kreis,Landkreis,Rhein-Neckar-Kreis (Landkreis),2022,3049
Rhein-Neckar-Kreis,Landkreis,Rhein-Neckar-Kreis (Landkreis),2023,2767
Rottweil,Landkreis,Rottweil (Landkreis),1991,792
Rottweil,Landkreis,Rottweil (Landkreis),1992,805
Rottweil,Landkreis,Rottweil (Landkreis),1993,821
Rottweil,Landkreis,Rottweil (Landkreis),1994,810
Rottweil,Landkreis,Rottweil (Landkreis),1995,845
Rottweil,Landkreis,Rottweil (Landkreis),1996,893
Rottweil,Landkreis,Rottweil (Landkreis),1997,865
Rottweil,Landkreis,Rottweil (Landkreis),1998,873
Rottweil,Landkreis,Rottweil (Landkreis),1999,882
Rottweil,Landkreis,Rottweil (Landkreis),2000,871
Rottweil,Landkreis,Rottweil (Landkreis),2001,886
Rottweil,Landkreis,Rottweil (Landkreis),2002,915
Rottweil,Landkreis,Rottweil (Landkreis),2003,939
Rottweil,Landkreis,Rottweil (Landkreis),2004,959
Rottweil,Landkreis,Rottweil (Landkreis),2005,1016
Rottweil,Landkreis,Rottweil (Landkreis),2006,1004
Rottweil,Landkreis,Rottweil (Landkreis),2007,981
Rottweil,Landkreis,Rottweil (Landkreis),2008,973
Rottweil,Landkreis,Rottweil (Landkreis),2009,961
Rottweil,Landkreis,Rottweil (Landkreis),2010,974
Rottweil,Landkreis,Rottweil (Landkreis),2011,815
Rottweil,Landkreis,Rottweil (Landkreis),2012,797
Rottweil,Landkreis,Rottweil (Landkreis),2013,781
Rottweil,Landkreis,Rottweil (Landkreis),2014,753
Rottweil,Landkreis,Rottweil (Landkreis),2015,765
Rottweil,Landkreis,Rottweil (Landkreis),2016,751
Rottweil,Landkreis,Rottweil (Landkreis),2017,743
Rottweil,Landkreis,Rottweil (Landkreis),2018,720
Rottweil,Landkreis,Rottweil (Landkreis),2019,769
Rottweil,Landkreis,Rottweil (Landkreis),2020,761
Rottweil,Landkreis,Rottweil (Landkreis),2021,801
Rottweil,Landkreis,Rottweil (Landkreis),2022,767
Rottweil,Landkreis,Rottweil (Landkreis),2023,696
Schwarzwald-Baar-Kreis,Landkreis,Schwarzwald-Baar-Kreis (Landkreis),1991,1206
Schwarzwald-Baar-Kreis,Landkreis,Schwarzwald-Baar-Kreis (Landkreis),1992,1224
Schwarzwald-Baar-Kreis,Landkreis,Schwarzwald-Baar-Kreis (Landkreis),1993,1246
Schwarzwald-Baar-Kreis,Landkreis,Schwarzwald-Baar-Kreis (Landkreis),1994,1225
Schwarzwald-Baar-Kreis,Landkreis,Schwarzwald-Baar-Kreis (Landkreis),1995,1270
Schwarzwald-Baar-Kreis,Landkreis,Schwarzwald-Baar-Kreis (Landkreis),1996,1336
Schwarzwald-Baar-Kreis,Landkreis,Schwarzwald-Baar-Kreis (Landkreis),1997,1292
Schwarzwald-Baar-Kreis,Landkreis,Schwarzwald-Baar-Kreis (Landkreis),1998,1303
Schwarzwald-Baar-Kreis,Landkreis,Schwarzwald-Baar-Kreis (Landkreis),1999,1314
Schwarzwald-Baar-Kreis,Landkreis,Schwarzwald-Baar-Kreis (Landkreis),2000,1300
Schwarzwald-Baar-Kreis,Landkreis,Schwarzwald-Baar-Kreis (Landkreis),2001,1321
Schwarzwald-Baar-Kreis,Landkreis,Schwarzwald-Baar-Kreis (Landkreis),2002,1363
Schwarzwald-Baar-Kreis,Landkreis,Schwarzwald-Baar-Kreis (Landkreis),2003,1398
Schwarzwald-Baar-Kreis,Landkreis,Schwarzwald-Baar-Kreis (Landkreis),2004,1427
Schwarzwald-Baar-Kreis,Landkreis,Schwarzwald-Baar-Kreis (Landkreis),2005,1511
Schwarzwald-Baar-Kreis,Landkreis,Schwarzwald-Baar-Kreis (Landkreis),2006,1491
Schwarzwald-Baar-Kreis,Landkreis,Schwarzwald-Baar-Kreis (Landkreis),2007,1453
Schwarzwald-Baar-Kreis,Landkreis,Schwarzwald-Baar-Kreis (Landkreis),2008,1440
Schwarzwald-Baar-Kreis,Landkreis,Schwarzwald-Baar-Kreis (Landkreis),2009,1420
Schwarzwald-Baar-Kreis,Landkreis,Schwarzwald-Baar-Kreis (Landkreis),2010,1444
Schwarzwald-Baar-Kreis,Landkreis,Schwarzwald-Baar-Kreis (Landkreis),2011,1222
Schwarzwald-Baar-Kreis,Landkreis,Schwarzwald-Baar-Kreis (Landkreis),2012,1203
Schwarzwald-Baar-Kreis,Landkreis,Schwarzwald-Baar-Kreis (Landkreis),2013,1183
Schwarzwald-Baar-Kreis,Landkreis,Schwarzwald-Baar-Kreis (Landkreis),2014,1142
Schwarzwald-Baar-Kreis,Landkreis,Schwarzwald-Baar-Kreis (Landkreis),2015,1166
Schwarzwald-Baar-Kreis,Landkreis,Schwarzwald-Baar-Kreis (Landkreis),2016,1141
Schwarzwald-Baar-Kreis,Landkreis,Schwarzwald-Baar-Kreis (Landkreis),2017,1130
Schwarzwald-Baar-Kreis,Landkreis,Schwarzwald-Baar-Kreis (Landkreis),2018,1096
Schwarzwald-Baar-Kreis,Landkreis,Schwarzwald-Baar-Kreis (Landkreis),2019,1169
Schwarzwald-Baar-Kreis,Landkreis,Schwarzwald-Baar-Kreis (Landkreis),2020,1156
Schwarzwald-Baar-Kreis,Landkreis,Schwarzwald-Baar-Kreis (Landkreis),2021,1216
Schwarzwald-Baar-Kreis,Landkreis,Schwarzwald-Baar-Kreis (Landkreis),2022,1163
Schwarzwald-Baar-Kreis,Landkreis,Schwarzwald-Baar-Kreis (Landkreis),2023,1061
Schwäbisch Hall,Landkreis,Schwäbisch Hall (Landkreis),1991,981
Schwäbisch Hall,Landkreis,Schwäbisch Hall (Landkreis),1992,1011
Schwäbisch Hall,Landkreis,Schwäbisch Hall (Landkreis),1993,1046
Schwäbisch Hall,Landkreis,Schwäbisch Hall (Landkreis),1994,1045
Schwäbisch Hall,Landkreis,Schwäbisch Hall (Landkreis),1995,1098
Schwäbisch Hall,Landkreis,Schwäbisch Hall (Landkreis),1996,1166
Schwäbisch Hall,Landkreis,Schwäbisch Hall (Landkreis),1997,1133
Schwäbisch Hall,Landkreis,Schwäbisch Hall (Landkreis),1998,1146
Schwäbisch Hall,Landkreis,Schwäbisch Hall (Landkreis),1999,1159
Schwäbisch Hall,Landkreis,Schwäbisch Hall (Landkreis),2000,1148
Schwäbisch Hall,Landkreis,Schwäbisch Hall (Landkreis),2001,1169
Schwäbisch Hall,Landkreis,Schwäbisch Hall (Landkreis),2002,1210
Schwäbisch Hall,Landkreis,Schwäbisch Hall (Landkreis),2003,1245
Schwäbisch Hall,Landkreis,Schwäbisch Hall (Landkreis),2004,1274
Schwäbisch Hall,Landkreis,Schwäbisch Hall (Landkreis),2005,1355
Schwäbisch Hall,Landkreis,Schwäbisch Hall (Landkreis),2006,1341
Schwäbisch Hall,Landkreis,Schwäbisch Hall (Landkreis),2007,1312
Schwäbisch Hall,Landkreis,Schwäbisch Hall (Landkreis),2008,1305
Schwäbisch Hall,Landkreis,Schwäbisch Hall (Landkreis),2009,1293
Schwäbisch Hall,Landkreis,Schwäbisch Hall (Landkreis),2010,1317
Schwäbisch Hall,Landkreis,Schwäbisch Hall (Landkreis),2011,1117
Schwäbisch Hall,Landkreis,Schwäbisch Hall (Landkreis),2012,1099
Schwäbisch Hall,Landkreis,Schwäbisch Hall (Landkreis),2013,1083
Schwäbisch Hall,Landkreis,Schwäbisch Hall (Landkreis),2014,1047
Schwäbisch Hall,Landkreis,Schwäbisch Hall (Landkreis),2015,1065
Schwäbisch Hall,Landkreis,Schwäbisch Hall (Landkreis),2016,1048
Schwäbisch Hall,Landkreis,Schwäbisch Hall (Landkreis),2017,1039
Schwäbisch Hall,Landkreis,Schwäbisch Hall (Landkreis),2018,1011
Schwäbisch Hall,Landkreis,Schwäbisch Hall (Landkreis),2019,1082
Schwäbisch Hall,Landkreis,Schwäbisch Hall (Landkreis),2020,1074
Schwäbisch Hall,Landkreis,Schwäbisch Hall (Landkreis),2021,1137
Schwäbisch Hall,Landkreis,Schwäbisch Hall (Landkreis),2022,1089
Schwäbisch Hall,Landkreis,Schwäbisch Hall (Landkreis),2023,995
Sigmaringen,Landkreis,Sigmaringen (Landkreis),1991,719
Sigmaringen,Landkreis,Sigmaringen (Landkreis),1992,735
Sigmaringen,Landkreis,Sigmaringen (Landkreis),1993,760
Sigmaringen,Landkreis,Sigmaringen (Landkreis),1994,758
Sigmaringen,Landkreis,Sigmaringen (Landkreis),1995,794
Sigmaringen,Landkreis,Sigmaringen (Landkreis),1996,839
Sigmaringen,Landkreis,Sigmaringen (Landkreis),1997,814
Sigmaringen,Landkreis,Sigmaringen (Landkreis),1998,824
Sigmaringen,Landkreis,Sigmaringen (Landkreis),1999,833
Sigmaringen,Landkreis,Sigmaringen (Landkreis),2000,825
Sigmaringen,Landkreis,Sigmaringen (Landkreis),2001,835
Sigmaringen,Landkreis,Sigmaringen (Landkreis),2002,861
Sigmaringen,Landkreis,Sigmaringen (Landkreis),2003,884
Sigmaringen,Landkreis,Sigmaringen (Landkreis),2004,901
Sigmaringen,Landkreis,Sigmaringen (Landkreis),2005,954
Sigmaringen,Landkreis,Sigmaringen (Landkreis),2006,942
Sigmaringen,Landkreis,Sigmaringen (Landkreis),2007,918
Sigmaringen,Landkreis,Sigmaringen (Landkreis),2008,909
Sigmaringen,Landkreis,Sigmaringen (Landkreis),2009,898
Sigmaringen,Landkreis,Sigmaringen (Landkreis),2010,910
Sigmaringen,Landkreis,Sigmaringen (Landkreis),2011,763
Sigmaringen,Landkreis,Sigmaringen (Landkreis),2012,748
Sigmaringen,Landkreis,Sigmaringen (Landkreis),2013,733
Sigmaringen,Landkreis,Sigmaringen (Landkreis),2014,708
Sigmaringen,Landkreis,Sigmaringen (Landkreis),2015,727
Sigmaringen,Landkreis,Sigmaringen (Landkreis),2016,707
Sigmaringen,Landkreis,Sigmaringen (Landkreis),2017,697
Sigmaringen,Landkreis,Sigmaringen (Landkreis),2018,675
Sigmaringen,Landkreis,Sigmaringen (Landkreis),2019,720
Sigmaringen,Landkreis,Sigmaringen (Landkreis),2020,711
Sigmaringen,Landkreis,Sigmaringen (Landkreis),2021,751
Sigmaringen,Landkreis,Sigmaringen (Landkreis),2022,726
Sigmaringen,Landkreis,Sigmaringen (Landkreis),2023,658
Stuttgart,kreisfreie Stadt,Stuttgart (kreisfreie Stadt),1991,3463
Stuttgart,kreisfreie Stadt,Stuttgart (kreisfreie Stadt),1992,3525
Stuttgart,kreisfreie Stadt,Stuttgart (kreisfreie Stadt),1993,3549
Stuttgart,kreisfreie Stadt,Stuttgart (kreisfreie Stadt),1994,3454
Stuttgart,kreisfreie Stadt,Stuttgart (kreisfreie Stadt),1995,3560
Stuttgart,kreisfreie Stadt,Stuttgart (kreisfreie Stadt),1996,3742
Stuttgart,kreisfreie Stadt,Stuttgart (kreisfreie Stadt),1997,3617
Stuttgart,kreisfreie Stadt,Stuttgart (kreisfreie Stadt),1998,3626
Stuttgart,kreisfreie Stadt,Stuttgart (kreisfreie Stadt),1999,3652
Stuttgart,kreisfreie Stadt,Stuttgart (kreisfreie Stadt),2000,3608
Stuttgart,kreisfreie Stadt,Stuttgart (kreisfreie Stadt),2001,3670
Stuttgart,kreisfreie Stadt,Stuttgart (kreisfreie Stadt),2002,3784
Stuttgart,kreisfreie Stadt,Stuttgart (kreisfreie Stadt),2003,3888
Stuttgart,kreisfreie Stadt,Stuttgart (kreisfreie Stadt),2004,3981
Stuttgart,kreisfreie Stadt,Stuttgart (kreisfreie Stadt),2005,4237
Stuttgart,kreisfreie Stadt,Stuttgart (kreisfreie Stadt),2006,4205
Stuttgart,kreisfreie Stadt,Stuttgart (kreisfreie Stadt),2007,4138
Stuttgart,kreisfreie Stadt,Stuttgart (kreisfreie Stadt),2008,4140
Stuttgart,kreisfreie Stadt,Stuttgart (kreisfreie Stadt),2009,4121
Stuttgart,kreisfreie Stadt,Stuttgart (kreisfreie Stadt),2010,4240
Stuttgart,kreisfreie Stadt,Stuttgart (kreisfreie Stadt),2011,3540
Stuttgart,kreisfreie Stadt,Stuttgart (kreisfreie Stadt),2012,3516
Stuttgart,kreisfreie Stadt,Stuttgart (kreisfreie Stadt),2013,3487
Stuttgart,kreisfreie Stadt,Stuttgart (kreisfreie Stadt),2014,3393
Stuttgart,kreisfreie Stadt,Stuttgart (kreisfreie Stadt),2015,3468
Stuttgart,kreisfreie Stadt,Stuttgart (kreisfreie Stadt),2016,3410
Stuttgart,kreisfreie Stadt,Stuttgart (kreisfreie Stadt),2017,3385
Stuttgart,kreisfreie Stadt,Stuttgart (kreisfreie Stadt),2018,3276
Stuttgart,kreisfreie Stadt,Stuttgart (kreisfreie Stadt),2019,3498
Stuttgart,kreisfreie Stadt,Stuttgart (kreisfreie Stadt),2020,3423
Stuttgart,kreisfreie Stadt,Stuttgart (kreisfreie Stadt),2021,3570
Stuttgart,kreisfreie Stadt,Stuttgart (kreisfreie Stadt),2022,3354
Stuttgart,kreisfreie Stadt,Stuttgart (kreisfreie Stadt),2023,3041
Tuttlingen,Landkreis,Tuttlingen (Landkreis),1991,721
Tuttlingen,Landkreis,Tuttlingen (Landkreis),1992,737
Tuttlingen,Landkreis,Tuttlingen (Landkreis),1993,759
Tuttlingen,Landkreis,Tuttlingen (Landkreis),1994,753
Tuttlingen,Landkreis,Tuttlingen (Landkreis),1995,787
Tuttlingen,Landkreis,Tuttlingen (Landkreis),1996,834
Tuttlingen,Landkreis,Tuttlingen (Landkreis),1997,808
Tuttlingen,Landkreis,Tuttlingen (Landkreis),1998,819
Tuttlingen,Landkreis,Tuttlingen (Landkreis),1999,829
Tuttlingen,Landkreis,Tuttlingen (Landkreis),2000,821
Tuttlingen,Landkreis,Tuttlingen (Landkreis),2001,837
Tuttlingen,Landkreis,Tuttlingen (Landkreis),2002,864
Tuttlingen,Landkreis,Tuttlingen (Landkreis),2003,888
Tuttlingen,Landkreis,Tuttlingen (Landkreis),2004,910
Tuttlingen,Landkreis,Tuttlingen (Landkreis),2005,967
Tuttlingen,Landkreis,Tuttlingen (Landkreis),2006,958
Tuttlingen,Landkreis,Tuttlingen (Landkreis),2007,938
Tuttlingen,Landkreis,Tuttlingen (Landkreis),2008,932
Tuttlingen,Landkreis,Tuttlingen (Landkreis),2009,923
Tuttlingen,Landkreis,Tuttlingen (Landkreis),2010,938
Tuttlingen,Landkreis,Tuttlingen (Landkreis),2011,792
Tuttlingen,Landkreis,Tuttlingen (Landkreis),2012,779
Tuttlingen,Landkreis,Tuttlingen (Landkreis),2013,769
Tuttlingen,Landkreis,Tuttlingen (Landkreis),2014,746
Tuttlingen,Landkreis,Tuttlingen (Landkreis),2015,760
Tuttlingen,Landkreis,Tuttlingen (Landkreis),2016,750
Tuttlingen,Landkreis,Tuttlingen (Landkreis),2017,746
Tuttlingen,Landkreis,Tuttlingen (Landkreis),2018,723
Tuttlingen,Landkreis,Tuttlingen (Landkreis),2019,774
Tuttlingen,Landkreis,Tuttlingen (Landkreis),2020,769
Tuttlingen,Landkreis,Tuttlingen (Landkreis),2021,812
Tuttlingen,Landkreis,Tuttlingen (Landkreis),2022,787
Tuttlingen,Landkreis,Tuttlingen (Landkreis),2023,719
Tübingen,Landkreis,Tübingen (Landkreis),1991,1161
Tübingen,Landkreis,Tübingen (Landkreis),1992,1184
Tübingen,Landkreis,Tübingen (Landkreis),1993,1215
Tübingen,Landkreis,Tübingen (Landkreis),1994,1195
Tübingen,Landkreis,Tübingen (Landkreis),1995,1240
Tübingen,Landkreis,Tübingen (Landkreis),1996,1310
Tübingen,Landkreis,Tübingen (Landkreis),1997,1268
Tübingen,Landkreis,Tübingen (Landkreis),1998,1281
Tübingen,Landkreis,Tübingen (Landkreis),1999,1298
Tübingen,Landkreis,Tübingen (Landkreis),2000,1289
Tübingen,Landkreis,Tübingen (Landkreis),2001,1319
Tübingen,Landkreis,Tübingen (Landkreis),2002,1370
Tübingen,Landkreis,Tübingen (Landkreis),2003,1415
Tübingen,Landkreis,Tübingen (Landkreis),2004,1455
Tübingen,Landkreis,Tübingen (Landkreis),2005,1548
Tübingen,Landkreis,Tübingen (Landkreis),2006,1538
Tübingen,Landkreis,Tübingen (Landkreis),2007,1507
Tübingen,Landkreis,Tübingen (Landkreis),2008,1509
Tübingen,Landkreis,Tübingen (Landkreis),2009,1512
Tübingen,Landkreis,Tübingen (Landkreis),2010,1547
Tübingen,Landkreis,Tübingen (Landkreis),2011,1275
Tübingen,Landkreis,Tübingen (Landkreis),2012,1264
Tübingen,Landkreis,Tübingen (Landkreis),2013,1249
Tübingen,Landkreis,Tübingen (Landkreis),2014,1210
Tübingen,Landkreis,Tübingen (Landkreis),2015,1233
Tübingen,Landkreis,Tübingen (Landkreis),2016,1220
Tübingen,Landkreis,Tübingen (Landkreis),2017,1208
Tübingen,Landkreis,Tübingen (Landkreis),2018,1173
Tübingen,Landkreis,Tübingen (Landkreis),2019,1258
Tübingen,Landkreis,Tübingen (Landkreis),2020,1241
Tübingen,Landkreis,Tübingen (Landkreis),2021,1310
Tübingen,Landkreis,Tübingen (Landkreis),2022,1266
Tübingen,Landkreis,Tübingen (Landkreis),2023,1155
Ulm,kreisfreie Stadt,Ulm (kreisfreie Stadt),1991,656
Ulm,kreisfreie Stadt,Ulm (kreisfreie Stadt),1992,671
Ulm,kreisfreie Stadt,Ulm (kreisfreie Stadt),1993,686
Ulm,kreisfreie Stadt,Ulm (kreisfreie Stadt),1994,676
Ulm,kreisfreie Stadt,Ulm (kreisfreie Stadt),1995,704
Ulm,kreisfreie Stadt,Ulm (kreisfreie Stadt),1996,741
Ulm,kreisfreie Stadt,Ulm (kreisfreie Stadt),1997,715
Ulm,kreisfreie Stadt,Ulm (kreisfreie Stadt),1998,721
Ulm,kreisfreie Stadt,Ulm (kreisfreie Stadt),1999,728
Ulm,kreisfreie Stadt,Ulm (kreisfreie Stadt),2000,724
Ulm,kreisfreie Stadt,Ulm (kreisfreie Stadt),2001,740
Ulm,kreisfreie Stadt,Ulm (kreisfreie Stadt),2002,766
Ulm,kreisfreie Stadt,Ulm (kreisfreie Stadt),2003,791
Ulm,kreisfreie Stadt,Ulm (kreisfreie Stadt),2004,810
Ulm,kreisfreie Stadt,Ulm (kreisfreie Stadt),2005,862
Ulm,kreisfreie Stadt,Ulm (kreisfreie Stadt),2006,856
Ulm,kreisfreie Stadt,Ulm (kreisfreie Stadt),2007,842
Ulm,kreisfreie Stadt,Ulm (kreisfreie Stadt),2008,839
Ulm,kreisfreie Stadt,Ulm (kreisfreie Stadt),2009,836
Ulm,kreisfreie Stadt,Ulm (kreisfreie Stadt),2010,858
Ulm,kreisfreie Stadt,Ulm (kreisfreie Stadt),2011,704
Ulm,kreisfreie Stadt,Ulm (kreisfreie Stadt),2012,694
Ulm,kreisfreie Stadt,Ulm (kreisfreie Stadt),2013,688
Ulm,kreisfreie Stadt,Ulm (kreisfreie Stadt),2014,669
Ulm,kreisfreie Stadt,Ulm (kreisfreie Stadt),2015,682
Ulm,kreisfreie Stadt,Ulm (kreisfreie Stadt),2016,673
Ulm,kreisfreie Stadt,Ulm (kreisfreie Stadt),2017,672
Ulm,kreisfreie Stadt,Ulm (kreisfreie Stadt),2018,652
Ulm,kreisfreie Stadt,Ulm (kreisfreie Stadt),2019,697
Ulm,kreisfreie Stadt,Ulm (kreisfreie Stadt),2020,686
Ulm,kreisfreie Stadt,Ulm (kreisfreie Stadt),2021,724
Ulm,kreisfreie Stadt,Ulm (kreisfreie Stadt),2022,701
Ulm,kreisfreie Stadt,Ulm (kreisfreie Stadt),2023,640
Waldshut,Landkreis,Waldshut (Landkreis),1991,927
Waldshut,Landkreis,Waldshut (Landkreis),1992,947
Waldshut,Landkreis,Waldshut (Landkreis),1993,968
Waldshut,Landkreis,Waldshut (Landkreis),1994,953
Waldshut,Landkreis,Waldshut (Landkreis),1995,993
Waldshut,Landkreis,Waldshut (Landkreis),1996,1049
Waldshut,Landkreis,Waldshut (Landkreis),1997,1015
Waldshut,Landkreis,Waldshut (Landkreis),1998,1026
Waldshut,Landkreis,Waldshut (Landkreis),1999,1034
Waldshut,Landkreis,Waldshut (Landkreis),2000,1019
Waldshut,Landkreis,Waldshut (Landkreis),2001,1038
Waldshut,Landkreis,Waldshut (Landkreis),2002,1073
Waldshut,Landkreis,Waldshut (Landkreis),2003,1103
Waldshut,Landkreis,Waldshut (Landkreis),2004,1127
Waldshut,Landkreis,Waldshut (Landkreis),2005,1196
Waldshut,Landkreis,Waldshut (Landkreis),2006,1184
Waldshut,Landkreis,Waldshut (Landkreis),2007,1159
Waldshut,Landkreis,Waldshut (Landkreis),2008,1151
Waldshut,Landkreis,Waldshut (Landkreis),2009,1140
Waldshut,Landkreis,Waldshut (Landkreis),2010,1161
Waldshut,Landkreis,Waldshut (Landkreis),2011,977
Waldshut,Landkreis,Waldshut (Landkreis),2012,963
Waldshut,Landkreis,Waldshut (Landkreis),2013,948
Waldshut,Landkreis,Waldshut (Landkreis),2014,915
Waldshut,Landkreis,Waldshut (Landkreis),2015,933
Waldshut,Landkreis,Waldshut (Landkreis),2016,917
Waldshut,Landkreis,Waldshut (Landkreis),2017,911
Waldshut,Landkreis,Waldshut (Landkreis),2018,880
Waldshut,Landkreis,Waldshut (Landkreis),2019,941
Waldshut,Landkreis,Waldshut (Landkreis),2020,930
Waldshut,Landkreis,Waldshut (Landkreis),2021,976
Waldshut,Landkreis,Waldshut (Landkreis),2022,936
Waldshut,Landkreis,Waldshut (Landkreis),2023,852
Zollernalbkreis,Landkreis,Zollernalbkreis (Landkreis),1991,1085
Zollernalbkreis,Landkreis,Zollernalbkreis (Landkreis),1992,1109
Zollernalbkreis,Landkreis,Zollernalbkreis (Landkreis),1993,1142
Zollernalbkreis,Landkreis,Zollernalbkreis (Landkreis),1994,1128
Zollernalbkreis,Landkreis,Zollernalbkreis (Landkreis),1995,1173
Zollernalbkreis,Landkreis,Zollernalbkreis (Landkreis),1996,1232
Zollernalbkreis,Landkreis,Zollernalbkreis (Landkreis),1997,1190
Zollernalbkreis,Landkreis,Zollernalbkreis (Landkreis),1998,1200
Zollernalbkreis,Landkreis,Zollernalbkreis (Landkreis),1999,1210
Zollernalbkreis,Landkreis,Zollernalbkreis (Landkreis),2000,1192
Zollernalbkreis,Landkreis,Zollernalbkreis (Landkreis),2001,1207
Zollernalbkreis,Landkreis,Zollernalbkreis (Landkreis),2002,1245
Zollernalbkreis,Landkreis,Zollernalbkreis (Landkreis),2003,1276
Zollernalbkreis,Landkreis,Zollernalbkreis (Landkreis),2004,1301
Zollernalbkreis,Landkreis,Zollernalbkreis (Landkreis),2005,1378
Zollernalbkreis,Landkreis,Zollernalbkreis (Landkreis),2006,1360
Zollernalbkreis,Landkreis,Zollernalbkreis (Landkreis),2007,1327
Zollernalbkreis,Landkreis,Zollernalbkreis (Landkreis),2008,1313
Zollernalbkreis,Landkreis,Zollernalbkreis (Landkreis),2009,1297
Zollernalbkreis,Landkreis,Zollernalbkreis (Landkreis),2010,1317
Zollernalbkreis,Landkreis,Zollernalbkreis (Landkreis),2011,1109
Zollernalbkreis,Landkreis,Zollernalbkreis (Landkreis),2012,1086
Zollernalbkreis,Landkreis,Zollernalbkreis (Landkreis),2013,1065
Zollernalbkreis,Landkreis,Zollernalbkreis (Landkreis),2014,1032
Zollernalbkreis,Landkreis,Zollernalbkreis (Landkreis),2015,1049
Zollernalbkreis,Landkreis,Zollernalbkreis (Landkreis),2016,1018
Zollernalbkreis,Landkreis,Zollernalbkreis (Landkreis),2017,1007
Zollernalbkreis,Landkreis,Zollernalbkreis (Landkreis),2018,975
Zollernalbkreis,Landkreis,Zollernalbkreis (Landkreis),2019,1041
Zollernalbkreis,Landkreis,Zollernalbkreis (Landkreis),2020,1031
Zollernalbkreis,Landkreis,Zollernalbkreis (Landkreis),2021,1086
Zollernalbkreis,Landkreis,Zollernalbkreis (Landkreis),2022,1056
Zollernalbkreis,Landkreis,Zollernalbkreis (Landkreis),2023,959
