DName,DType,DN_DT,Jahr,Stromverbrauch(Industrie)
Stuttgart,kreisfreie Stadt,Stuttgart (kreisfreie Stadt),2022,3189
Böblingen,Landkreis,Böblingen (Landkreis),2022,2562
Esslingen,Landkreis,Esslingen (Landkreis),2022,2849
Göppingen,Landkreis,Göppingen (Landkreis),2022,1169
Ludwigsburg,Landkreis,Ludwigsburg (Landkreis),2022,2658
Rems-Murr-Kreis,Landkreis,Rems-Murr-Kreis (Landkreis),2022,1830
Heilbronn,kreisfreie Stadt,Heilbronn (kreisfreie Stadt),2022,873
Heilbronn,Landkreis,Heilbronn (Landkreis),2022,3601
Hohenlohekreis,Landkreis,Hohenlohekreis (Landkreis),2022,1185
Schwäbisch Hall,Landkreis,Schwäbisch Hall (Landkreis),2022,1798
Main-Tauber-Kreis,Landkreis,Main-Tauber-Kreis (Landkreis),2022,1069
Heidenheim,Landkreis,Heidenheim (Landkreis),2022,1556
Ostalbkreis,Landkreis,Ostalbkreis (Landkreis),2022,4367
Baden-Baden,kreisfreie Stadt,Baden-Baden (kreisfreie Stadt),2022,125
Karlsruhe,kreisfreie Stadt,Karlsruhe (kreisfreie Stadt),2022,4282
Karlsruhe,Landkreis,Karlsruhe (Landkreis),2022,2434
Rastatt,Landkreis,Rastatt (Landkreis),2022,3419
Heidelberg,kreisfreie Stadt,Heidelberg (kreisfreie Stadt),2022,339
Mannheim,kreisfreie Stadt,Mannheim (kreisfreie Stadt),2022,4533
Neckar-Odenwald-Kreis,Landkreis,Neckar-Odenwald-Kreis (Landkreis),2022,831
Rhein-Neckar-Kreis,Landkreis,Rhein-Neckar-Kreis (Landkreis),2022,2626
Pforzheim,kreisfreie Stadt,Pforzheim (kreisfreie Stadt),2022,702
Calw,Landkreis,Calw (Landkreis),2022,680
Enzkreis,Landkreis,Enzkreis (Landkreis),2022,1615
Freudenstadt,Landkreis,Freudenstadt (Landkreis),2022,1396
Freiburg im Breisgau,kreisfreie Stadt,Freiburg im Breisgau (kreisfreie Stadt),2022,938
Breisgau-Hochschwarzwald,Landkreis,Breisgau-Hochschwarzwald (Landkreis),2022,1549
Emmendingen,Landkreis,Emmendingen (Landkreis),2022,798
Ortenaukreis,Landkreis,Ortenaukreis (Landkreis),2022,8379
Rottweil,Landkreis,Rottweil (Landkreis),2022,1677
Schwarzwald-Baar-Kreis,Landkreis,Schwarzwald-Baar-Kreis (Landkreis),2022,1720
Tuttlingen,Landkreis,Tuttlingen (Landkreis),2022,2119
Konstanz,Landkreis,Konstanz (Landkreis),2022,2016
Lörrach,Landkreis,Lörrach (Landkreis),2022,2061
Waldshut,Landkreis,Waldshut (Landkreis),2022,1219
Reutlingen,Landkreis,Reutlingen (Landkreis),2022,2255
Tübingen,Landkreis,Tübingen (Landkreis),2022,749
Zollernalbkreis,Landkreis,Zollernalbkreis (Landkreis),2022,1466
Ulm,kreisfreie Stadt,Ulm (kreisfreie Stadt),2022,1111
Alb-Donau-Kreis,Landkreis,Alb-Donau-Kreis (Landkreis),2022,3509
Biberach,Landkreis,Biberach (Landkreis),2022,2154
Bodenseekreis,Landkreis,Bodenseekreis (Landkreis),2022,2005
Ravensburg,Landkreis,Ravensburg (Landkreis),2022,2162
Sigmaringen,Landkreis,Sigmaringen (Landkreis),2022,1007
Stuttgart,kreisfreie Stadt,Stuttgart (kreisfreie Stadt),2021,3448
Böblingen,Landkreis,Böblingen (Landkreis),2021,2582
Esslingen,Landkreis,Esslingen (Landkreis),2021,3032
Göppingen,Landkreis,Göppingen (Landkreis),2021,1188
Ludwigsburg,Landkreis,Ludwigsburg (Landkreis),2021,2670
Rems-Murr-Kreis,Landkreis,Rems-Murr-Kreis (Landkreis),2021,1861
Heilbronn,kreisfreie Stadt,Heilbronn (kreisfreie Stadt),2021,914
Heilbronn,Landkreis,Heilbronn (Landkreis),2021,3654
Hohenlohekreis,Landkreis,Hohenlohekreis (Landkreis),2021,1238
Schwäbisch Hall,Landkreis,Schwäbisch Hall (Landkreis),2021,1861
Main-Tauber-Kreis,Landkreis,Main-Tauber-Kreis (Landkreis),2021,1087
Heidenheim,Landkreis,Heidenheim (Landkreis),2021,1637
Ostalbkreis,Landkreis,Ostalbkreis (Landkreis),2021,4232
Baden-Baden,kreisfreie Stadt,Baden-Baden (kreisfreie Stadt),2021,116
Karlsruhe,kreisfreie Stadt,Karlsruhe (kreisfreie Stadt),2021,4360
Karlsruhe,Landkreis,Karlsruhe (Landkreis),2021,2460
Rastatt,Landkreis,Rastatt (Landkreis),2021,3654
Heidelberg,kreisfreie Stadt,Heidelberg (kreisfreie Stadt),2021,353
Mannheim,kreisfreie Stadt,Mannheim (kreisfreie Stadt),2021,4527
Neckar-Odenwald-Kreis,Landkreis,Neckar-Odenwald-Kreis (Landkreis),2021,851
Rhein-Neckar-Kreis,Landkreis,Rhein-Neckar-Kreis (Landkreis),2021,2780
Pforzheim,kreisfreie Stadt,Pforzheim (kreisfreie Stadt),2021,725
Calw,Landkreis,Calw (Landkreis),2021,673
Enzkreis,Landkreis,Enzkreis (Landkreis),2021,1653
Freudenstadt,Landkreis,Freudenstadt (Landkreis),2021,1438
Freiburg im Breisgau,kreisfreie Stadt,Freiburg im Breisgau (kreisfreie Stadt),2021,952
Breisgau-Hochschwarzwald,Landkreis,Breisgau-Hochschwarzwald (Landkreis),2021,1641
Emmendingen,Landkreis,Emmendingen (Landkreis),2021,792
Ortenaukreis,Landkreis,Ortenaukreis (Landkreis),2021,8841
Rottweil,Landkreis,Rottweil (Landkreis),2021,1737
Schwarzwald-Baar-Kreis,Landkreis,Schwarzwald-Baar-Kreis (Landkreis),2021,1748
Tuttlingen,Landkreis,Tuttlingen (Landkreis),2021,2152
Konstanz,Landkreis,Konstanz (Landkreis),2021,2008
Lörrach,Landkreis,Lörrach (Landkreis),2021,2094
Waldshut,Landkreis,Waldshut (Landkreis),2021,1258
Reutlingen,Landkreis,Reutlingen (Landkreis),2021,2206
Tübingen,Landkreis,Tübingen (Landkreis),2021,741
Zollernalbkreis,Landkreis,Zollernalbkreis (Landkreis),2021,1497
Ulm,kreisfreie Stadt,Ulm (kreisfreie Stadt),2021,1109
Alb-Donau-Kreis,Landkreis,Alb-Donau-Kreis (Landkreis),2021,3348
Biberach,Landkreis,Biberach (Landkreis),2021,2203
Bodenseekreis,Landkreis,Bodenseekreis (Landkreis),2021,1704
Ravensburg,Landkreis,Ravensburg (Landkreis),2021,2244
Sigmaringen,Landkreis,Sigmaringen (Landkreis),2021,1030
Stuttgart,kreisfreie Stadt,Stuttgart (kreisfreie Stadt),2020,3030
Böblingen,Landkreis,Böblingen (Landkreis),2020,2811
Esslingen,Landkreis,Esslingen (Landkreis),2020,2987
Göppingen,Landkreis,Göppingen (Landkreis),2020,1264
Ludwigsburg,Landkreis,Ludwigsburg (Landkreis),2020,2641
Rems-Murr-Kreis,Landkreis,Rems-Murr-Kreis (Landkreis),2020,1773
Heilbronn,kreisfreie Stadt,Heilbronn (kreisfreie Stadt),2020,895
Heilbronn,Landkreis,Heilbronn (Landkreis),2020,3524
Hohenlohekreis,Landkreis,Hohenlohekreis (Landkreis),2020,1319
Schwäbisch Hall,Landkreis,Schwäbisch Hall (Landkreis),2020,1912
Main-Tauber-Kreis,Landkreis,Main-Tauber-Kreis (Landkreis),2020,1026
Heidenheim,Landkreis,Heidenheim (Landkreis),2020,1456
Ostalbkreis,Landkreis,Ostalbkreis (Landkreis),2020,3899
Baden-Baden,kreisfreie Stadt,Baden-Baden (kreisfreie Stadt),2020,112
Karlsruhe,kreisfreie Stadt,Karlsruhe (kreisfreie Stadt),2020,4343
Karlsruhe,Landkreis,Karlsruhe (Landkreis),2020,2446
Rastatt,Landkreis,Rastatt (Landkreis),2020,3579
Heidelberg,kreisfreie Stadt,Heidelberg (kreisfreie Stadt),2020,334
Mannheim,kreisfreie Stadt,Mannheim (kreisfreie Stadt),2020,4494
Neckar-Odenwald-Kreis,Landkreis,Neckar-Odenwald-Kreis (Landkreis),2020,740
Rhein-Neckar-Kreis,Landkreis,Rhein-Neckar-Kreis (Landkreis),2020,2617
Pforzheim,kreisfreie Stadt,Pforzheim (kreisfreie Stadt),2020,695
Calw,Landkreis,Calw (Landkreis),2020,624
Enzkreis,Landkreis,Enzkreis (Landkreis),2020,1505
Freudenstadt,Landkreis,Freudenstadt (Landkreis),2020,1326
Freiburg im Breisgau,kreisfreie Stadt,Freiburg im Breisgau (kreisfreie Stadt),2020,960
Breisgau-Hochschwarzwald,Landkreis,Breisgau-Hochschwarzwald (Landkreis),2020,1590
Emmendingen,Landkreis,Emmendingen (Landkreis),2020,775
Ortenaukreis,Landkreis,Ortenaukreis (Landkreis),2020,8487
Rottweil,Landkreis,Rottweil (Landkreis),2020,1601
Schwarzwald-Baar-Kreis,Landkreis,Schwarzwald-Baar-Kreis (Landkreis),2020,1596
Tuttlingen,Landkreis,Tuttlingen (Landkreis),2020,1933
Konstanz,Landkreis,Konstanz (Landkreis),2020,1901
Lörrach,Landkreis,Lörrach (Landkreis),2020,2030
Waldshut,Landkreis,Waldshut (Landkreis),2020,1240
Reutlingen,Landkreis,Reutlingen (Landkreis),2020,2129
Tübingen,Landkreis,Tübingen (Landkreis),2020,687
Zollernalbkreis,Landkreis,Zollernalbkreis (Landkreis),2020,1416
Ulm,kreisfreie Stadt,Ulm (kreisfreie Stadt),2020,1011
Alb-Donau-Kreis,Landkreis,Alb-Donau-Kreis (Landkreis),2020,3461
Biberach,Landkreis,Biberach (Landkreis),2020,2168
Bodenseekreis,Landkreis,Bodenseekreis (Landkreis),2020,1650
Ravensburg,Landkreis,Ravensburg (Landkreis),2020,2241
Sigmaringen,Landkreis,Sigmaringen (Landkreis),2020,940
Stuttgart,kreisfreie Stadt,Stuttgart (kreisfreie Stadt),2019,4000
Böblingen,Landkreis,Böblingen (Landkreis),2019,3145
Esslingen,Landkreis,Esslingen (Landkreis),2019,3710
Göppingen,Landkreis,Göppingen (Landkreis),2019,1514
Ludwigsburg,Landkreis,Ludwigsburg (Landkreis),2019,2786
Rems-Murr-Kreis,Landkreis,Rems-Murr-Kreis (Landkreis),2019,1990
Heilbronn,kreisfreie Stadt,Heilbronn (kreisfreie Stadt),2019,929
Heilbronn,Landkreis,Heilbronn (Landkreis),2019,3891
Hohenlohekreis,Landkreis,Hohenlohekreis (Landkreis),2019,1249
Schwäbisch Hall,Landkreis,Schwäbisch Hall (Landkreis),2019,1860
Main-Tauber-Kreis,Landkreis,Main-Tauber-Kreis (Landkreis),2019,1090
Heidenheim,Landkreis,Heidenheim (Landkreis),2019,1478
Ostalbkreis,Landkreis,Ostalbkreis (Landkreis),2019,4193
Baden-Baden,kreisfreie Stadt,Baden-Baden (kreisfreie Stadt),2019,124
Karlsruhe,kreisfreie Stadt,Karlsruhe (kreisfreie Stadt),2019,4669
Karlsruhe,Landkreis,Karlsruhe (Landkreis),2019,2569
Rastatt,Landkreis,Rastatt (Landkreis),2019,3875
Heidelberg,kreisfreie Stadt,Heidelberg (kreisfreie Stadt),2019,384
Mannheim,kreisfreie Stadt,Mannheim (kreisfreie Stadt),2019,4910
Neckar-Odenwald-Kreis,Landkreis,Neckar-Odenwald-Kreis (Landkreis),2019,880
Rhein-Neckar-Kreis,Landkreis,Rhein-Neckar-Kreis (Landkreis),2019,2886
Pforzheim,kreisfreie Stadt,Pforzheim (kreisfreie Stadt),2019,737
Calw,Landkreis,Calw (Landkreis),2019,652
Enzkreis,Landkreis,Enzkreis (Landkreis),2019,1674
Freudenstadt,Landkreis,Freudenstadt (Landkreis),2019,1390
Freiburg im Breisgau,kreisfreie Stadt,Freiburg im Breisgau (kreisfreie Stadt),2019,965
Breisgau-Hochschwarzwald,Landkreis,Breisgau-Hochschwarzwald (Landkreis),2019,1637
Emmendingen,Landkreis,Emmendingen (Landkreis),2019,821
Ortenaukreis,Landkreis,Ortenaukreis (Landkreis),2019,8509
Rottweil,Landkreis,Rottweil (Landkreis),2019,1732
Schwarzwald-Baar-Kreis,Landkreis,Schwarzwald-Baar-Kreis (Landkreis),2019,1777
Tuttlingen,Landkreis,Tuttlingen (Landkreis),2019,2252
Konstanz,Landkreis,Konstanz (Landkreis),2019,2067
Lörrach,Landkreis,Lörrach (Landkreis),2019,2153
Waldshut,Landkreis,Waldshut (Landkreis),2019,1332
Reutlingen,Landkreis,Reutlingen (Landkreis),2019,2233
Tübingen,Landkreis,Tübingen (Landkreis),2019,719
Zollernalbkreis,Landkreis,Zollernalbkreis (Landkreis),2019,1527
Ulm,kreisfreie Stadt,Ulm (kreisfreie Stadt),2019,1165
Alb-Donau-Kreis,Landkreis,Alb-Donau-Kreis (Landkreis),2019,3533
Biberach,Landkreis,Biberach (Landkreis),2019,2336
Bodenseekreis,Landkreis,Bodenseekreis (Landkreis),2019,1788
Ravensburg,Landkreis,Ravensburg (Landkreis),2019,2268
Sigmaringen,Landkreis,Sigmaringen (Landkreis),2019,1046
Stuttgart,kreisfreie Stadt,Stuttgart (kreisfreie Stadt),2018,4116
Böblingen,Landkreis,Böblingen (Landkreis),2018,3177
Esslingen,Landkreis,Esslingen (Landkreis),2018,3734
Göppingen,Landkreis,Göppingen (Landkreis),2018,1778
Ludwigsburg,Landkreis,Ludwigsburg (Landkreis),2018,2881
Rems-Murr-Kreis,Landkreis,Rems-Murr-Kreis (Landkreis),2018,2075
Heilbronn,kreisfreie Stadt,Heilbronn (kreisfreie Stadt),2018,940
Heilbronn,Landkreis,Heilbronn (Landkreis),2018,4060
Hohenlohekreis,Landkreis,Hohenlohekreis (Landkreis),2018,1235
Schwäbisch Hall,Landkreis,Schwäbisch Hall (Landkreis),2018,1912
Main-Tauber-Kreis,Landkreis,Main-Tauber-Kreis (Landkreis),2018,1097
Heidenheim,Landkreis,Heidenheim (Landkreis),2018,1455
Ostalbkreis,Landkreis,Ostalbkreis (Landkreis),2018,4552
Baden-Baden,kreisfreie Stadt,Baden-Baden (kreisfreie Stadt),2018,126
Karlsruhe,kreisfreie Stadt,Karlsruhe (kreisfreie Stadt),2018,4815
Karlsruhe,Landkreis,Karlsruhe (Landkreis),2018,2591
Rastatt,Landkreis,Rastatt (Landkreis),2018,4231
Heidelberg,kreisfreie Stadt,Heidelberg (kreisfreie Stadt),2018,418
Mannheim,kreisfreie Stadt,Mannheim (kreisfreie Stadt),2018,5137
Neckar-Odenwald-Kreis,Landkreis,Neckar-Odenwald-Kreis (Landkreis),2018,907
Rhein-Neckar-Kreis,Landkreis,Rhein-Neckar-Kreis (Landkreis),2018,3050
Pforzheim,kreisfreie Stadt,Pforzheim (kreisfreie Stadt),2018,765
Calw,Landkreis,Calw (Landkreis),2018,668
Enzkreis,Landkreis,Enzkreis (Landkreis),2018,1789
Freudenstadt,Landkreis,Freudenstadt (Landkreis),2018,1424
Freiburg im Breisgau,kreisfreie Stadt,Freiburg im Breisgau (kreisfreie Stadt),2018,965
Breisgau-Hochschwarzwald,Landkreis,Breisgau-Hochschwarzwald (Landkreis),2018,1717
Emmendingen,Landkreis,Emmendingen (Landkreis),2018,858
Ortenaukreis,Landkreis,Ortenaukreis (Landkreis),2018,8852
Rottweil,Landkreis,Rottweil (Landkreis),2018,1842
Schwarzwald-Baar-Kreis,Landkreis,Schwarzwald-Baar-Kreis (Landkreis),2018,1874
Tuttlingen,Landkreis,Tuttlingen (Landkreis),2018,2236
Konstanz,Landkreis,Konstanz (Landkreis),2018,2168
Lörrach,Landkreis,Lörrach (Landkreis),2018,2322
Waldshut,Landkreis,Waldshut (Landkreis),2018,1475
Reutlingen,Landkreis,Reutlingen (Landkreis),2018,2316
Tübingen,Landkreis,Tübingen (Landkreis),2018,756
Zollernalbkreis,Landkreis,Zollernalbkreis (Landkreis),2018,1546
Ulm,kreisfreie Stadt,Ulm (kreisfreie Stadt),2018,1192
Alb-Donau-Kreis,Landkreis,Alb-Donau-Kreis (Landkreis),2018,3579
Biberach,Landkreis,Biberach (Landkreis),2018,2403
Bodenseekreis,Landkreis,Bodenseekreis (Landkreis),2018,1768
Ravensburg,Landkreis,Ravensburg (Landkreis),2018,2296
Sigmaringen,Landkreis,Sigmaringen (Landkreis),2018,1100
Stuttgart,kreisfreie Stadt,Stuttgart (kreisfreie Stadt),2017,4030
Böblingen,Landkreis,Böblingen (Landkreis),2017,3122
Esslingen,Landkreis,Esslingen (Landkreis),2017,4140
Göppingen,Landkreis,Göppingen (Landkreis),2017,1649
Ludwigsburg,Landkreis,Ludwigsburg (Landkreis),2017,2853
Rems-Murr-Kreis,Landkreis,Rems-Murr-Kreis (Landkreis),2017,2101
Heilbronn,kreisfreie Stadt,Heilbronn (kreisfreie Stadt),2017,966
Heilbronn,Landkreis,Heilbronn (Landkreis),2017,3959
Hohenlohekreis,Landkreis,Hohenlohekreis (Landkreis),2017,1227
Schwäbisch Hall,Landkreis,Schwäbisch Hall (Landkreis),2017,1855
Main-Tauber-Kreis,Landkreis,Main-Tauber-Kreis (Landkreis),2017,1082
Heidenheim,Landkreis,Heidenheim (Landkreis),2017,1458
Ostalbkreis,Landkreis,Ostalbkreis (Landkreis),2017,4520
Baden-Baden,kreisfreie Stadt,Baden-Baden (kreisfreie Stadt),2017,125
Karlsruhe,kreisfreie Stadt,Karlsruhe (kreisfreie Stadt),2017,4973
Karlsruhe,Landkreis,Karlsruhe (Landkreis),2017,2727
Rastatt,Landkreis,Rastatt (Landkreis),2017,4293
Heidelberg,kreisfreie Stadt,Heidelberg (kreisfreie Stadt),2017,446
Mannheim,kreisfreie Stadt,Mannheim (kreisfreie Stadt),2017,5087
Neckar-Odenwald-Kreis,Landkreis,Neckar-Odenwald-Kreis (Landkreis),2017,883
Rhein-Neckar-Kreis,Landkreis,Rhein-Neckar-Kreis (Landkreis),2017,3029
Pforzheim,kreisfreie Stadt,Pforzheim (kreisfreie Stadt),2017,729
Calw,Landkreis,Calw (Landkreis),2017,658
Enzkreis,Landkreis,Enzkreis (Landkreis),2017,1718
Freudenstadt,Landkreis,Freudenstadt (Landkreis),2017,1408
Freiburg im Breisgau,kreisfreie Stadt,Freiburg im Breisgau (kreisfreie Stadt),2017,971
Breisgau-Hochschwarzwald,Landkreis,Breisgau-Hochschwarzwald (Landkreis),2017,1697
Emmendingen,Landkreis,Emmendingen (Landkreis),2017,829
Ortenaukreis,Landkreis,Ortenaukreis (Landkreis),2017,9015
Rottweil,Landkreis,Rottweil (Landkreis),2017,1843
Schwarzwald-Baar-Kreis,Landkreis,Schwarzwald-Baar-Kreis (Landkreis),2017,1817
Tuttlingen,Landkreis,Tuttlingen (Landkreis),2017,2088
Konstanz,Landkreis,Konstanz (Landkreis),2017,2158
Lörrach,Landkreis,Lörrach (Landkreis),2017,2378
Waldshut,Landkreis,Waldshut (Landkreis),2017,1502
Reutlingen,Landkreis,Reutlingen (Landkreis),2017,2280
Tübingen,Landkreis,Tübingen (Landkreis),2017,741
Zollernalbkreis,Landkreis,Zollernalbkreis (Landkreis),2017,1516
Ulm,kreisfreie Stadt,Ulm (kreisfreie Stadt),2017,1130
Alb-Donau-Kreis,Landkreis,Alb-Donau-Kreis (Landkreis),2017,3501
Biberach,Landkreis,Biberach (Landkreis),2017,2291
Bodenseekreis,Landkreis,Bodenseekreis (Landkreis),2017,1750
Ravensburg,Landkreis,Ravensburg (Landkreis),2017,2272
Sigmaringen,Landkreis,Sigmaringen (Landkreis),2017,1093
Stuttgart,kreisfreie Stadt,Stuttgart (kreisfreie Stadt),2016,4077
Böblingen,Landkreis,Böblingen (Landkreis),2016,3120
Esslingen,Landkreis,Esslingen (Landkreis),2016,4136
Göppingen,Landkreis,Göppingen (Landkreis),2016,1609
Ludwigsburg,Landkreis,Ludwigsburg (Landkreis),2016,2885
Rems-Murr-Kreis,Landkreis,Rems-Murr-Kreis (Landkreis),2016,2014
Heilbronn,kreisfreie Stadt,Heilbronn (kreisfreie Stadt),2016,971
Heilbronn,Landkreis,Heilbronn (Landkreis),2016,3949
Hohenlohekreis,Landkreis,Hohenlohekreis (Landkreis),2016,1207
Schwäbisch Hall,Landkreis,Schwäbisch Hall (Landkreis),2016,1787
Main-Tauber-Kreis,Landkreis,Main-Tauber-Kreis (Landkreis),2016,1072
Heidenheim,Landkreis,Heidenheim (Landkreis),2016,1409
Ostalbkreis,Landkreis,Ostalbkreis (Landkreis),2016,4474
Baden-Baden,kreisfreie Stadt,Baden-Baden (kreisfreie Stadt),2016,119
Karlsruhe,kreisfreie Stadt,Karlsruhe (kreisfreie Stadt),2016,4858
Karlsruhe,Landkreis,Karlsruhe (Landkreis),2016,2806
Rastatt,Landkreis,Rastatt (Landkreis),2016,4076
Heidelberg,kreisfreie Stadt,Heidelberg (kreisfreie Stadt),2016,451
Mannheim,kreisfreie Stadt,Mannheim (kreisfreie Stadt),2016,4997
Neckar-Odenwald-Kreis,Landkreis,Neckar-Odenwald-Kreis (Landkreis),2016,855
Rhein-Neckar-Kreis,Landkreis,Rhein-Neckar-Kreis (Landkreis),2016,2993
Pforzheim,kreisfreie Stadt,Pforzheim (kreisfreie Stadt),2016,713
Calw,Landkreis,Calw (Landkreis),2016,660
Enzkreis,Landkreis,Enzkreis (Landkreis),2016,1661
Freudenstadt,Landkreis,Freudenstadt (Landkreis),2016,1366
Freiburg im Breisgau,kreisfreie Stadt,Freiburg im Breisgau (kreisfreie Stadt),2016,953
Breisgau-Hochschwarzwald,Landkreis,Breisgau-Hochschwarzwald (Landkreis),2016,1619
Emmendingen,Landkreis,Emmendingen (Landkreis),2016,805
Ortenaukreis,Landkreis,Ortenaukreis (Landkreis),2016,9236
Rottweil,Landkreis,Rottweil (Landkreis),2016,1782
Schwarzwald-Baar-Kreis,Landkreis,Schwarzwald-Baar-Kreis (Landkreis),2016,1792
Tuttlingen,Landkreis,Tuttlingen (Landkreis),2016,2008
Konstanz,Landkreis,Konstanz (Landkreis),2016,2090
Lörrach,Landkreis,Lörrach (Landkreis),2016,2348
Waldshut,Landkreis,Waldshut (Landkreis),2016,1497
Reutlingen,Landkreis,Reutlingen (Landkreis),2016,2381
Tübingen,Landkreis,Tübingen (Landkreis),2016,718
Zollernalbkreis,Landkreis,Zollernalbkreis (Landkreis),2016,1473
Ulm,kreisfreie Stadt,Ulm (kreisfreie Stadt),2016,1057
Alb-Donau-Kreis,Landkreis,Alb-Donau-Kreis (Landkreis),2016,3419
Biberach,Landkreis,Biberach (Landkreis),2016,2231
Bodenseekreis,Landkreis,Bodenseekreis (Landkreis),2016,1787
Ravensburg,Landkreis,Ravensburg (Landkreis),2016,2209
Sigmaringen,Landkreis,Sigmaringen (Landkreis),2016,1079
Stuttgart,kreisfreie Stadt,Stuttgart (kreisfreie Stadt),2015,4282
Böblingen,Landkreis,Böblingen (Landkreis),2015,3112
Esslingen,Landkreis,Esslingen (Landkreis),2015,4256
Göppingen,Landkreis,Göppingen (Landkreis),2015,1629
Ludwigsburg,Landkreis,Ludwigsburg (Landkreis),2015,3012
Rems-Murr-Kreis,Landkreis,Rems-Murr-Kreis (Landkreis),2015,1976
Heilbronn,kreisfreie Stadt,Heilbronn (kreisfreie Stadt),2015,959
Heilbronn,Landkreis,Heilbronn (Landkreis),2015,3896
Hohenlohekreis,Landkreis,Hohenlohekreis (Landkreis),2015,1158
Schwäbisch Hall,Landkreis,Schwäbisch Hall (Landkreis),2015,1721
Main-Tauber-Kreis,Landkreis,Main-Tauber-Kreis (Landkreis),2015,1055
Heidenheim,Landkreis,Heidenheim (Landkreis),2015,1442
Ostalbkreis,Landkreis,Ostalbkreis (Landkreis),2015,4294
Baden-Baden,kreisfreie Stadt,Baden-Baden (kreisfreie Stadt),2015,124
Karlsruhe,kreisfreie Stadt,Karlsruhe (kreisfreie Stadt),2015,4728
Karlsruhe,Landkreis,Karlsruhe (Landkreis),2015,2797
Rastatt,Landkreis,Rastatt (Landkreis),2015,4236
Heidelberg,kreisfreie Stadt,Heidelberg (kreisfreie Stadt),2015,445
Mannheim,kreisfreie Stadt,Mannheim (kreisfreie Stadt),2015,5039
Neckar-Odenwald-Kreis,Landkreis,Neckar-Odenwald-Kreis (Landkreis),2015,863
Rhein-Neckar-Kreis,Landkreis,Rhein-Neckar-Kreis (Landkreis),2015,3002
Pforzheim,kreisfreie Stadt,Pforzheim (kreisfreie Stadt),2015,709
Calw,Landkreis,Calw (Landkreis),2015,658
Enzkreis,Landkreis,Enzkreis (Landkreis),2015,1624
Freudenstadt,Landkreis,Freudenstadt (Landkreis),2015,1355
Freiburg im Breisgau,kreisfreie Stadt,Freiburg im Breisgau (kreisfreie Stadt),2015,945
Breisgau-Hochschwarzwald,Landkreis,Breisgau-Hochschwarzwald (Landkreis),2015,1555
Emmendingen,Landkreis,Emmendingen (Landkreis),2015,800
Ortenaukreis,Landkreis,Ortenaukreis (Landkreis),2015,8974
Rottweil,Landkreis,Rottweil (Landkreis),2015,1739
Schwarzwald-Baar-Kreis,Landkreis,Schwarzwald-Baar-Kreis (Landkreis),2015,1775
Tuttlingen,Landkreis,Tuttlingen (Landkreis),2015,1964
Konstanz,Landkreis,Konstanz (Landkreis),2015,2048
Lörrach,Landkreis,Lörrach (Landkreis),2015,2368
Waldshut,Landkreis,Waldshut (Landkreis),2015,1523
Reutlingen,Landkreis,Reutlingen (Landkreis),2015,2436
Tübingen,Landkreis,Tübingen (Landkreis),2015,710
Zollernalbkreis,Landkreis,Zollernalbkreis (Landkreis),2015,1519
Ulm,kreisfreie Stadt,Ulm (kreisfreie Stadt),2015,1062
Alb-Donau-Kreis,Landkreis,Alb-Donau-Kreis (Landkreis),2015,3373
Biberach,Landkreis,Biberach (Landkreis),2015,2117
Bodenseekreis,Landkreis,Bodenseekreis (Landkreis),2015,1795
Ravensburg,Landkreis,Ravensburg (Landkreis),2015,2575
Sigmaringen,Landkreis,Sigmaringen (Landkreis),2015,1049
Stuttgart,kreisfreie Stadt,Stuttgart (kreisfreie Stadt),2014,4258
Böblingen,Landkreis,Böblingen (Landkreis),2014,3093
Esslingen,Landkreis,Esslingen (Landkreis),2014,4510
Göppingen,Landkreis,Göppingen (Landkreis),2014,1801
Ludwigsburg,Landkreis,Ludwigsburg (Landkreis),2014,2968
Rems-Murr-Kreis,Landkreis,Rems-Murr-Kreis (Landkreis),2014,1954
Heilbronn,kreisfreie Stadt,Heilbronn (kreisfreie Stadt),2014,928
Heilbronn,Landkreis,Heilbronn (Landkreis),2014,3863
Hohenlohekreis,Landkreis,Hohenlohekreis (Landkreis),2014,1212
Schwäbisch Hall,Landkreis,Schwäbisch Hall (Landkreis),2014,1771
Main-Tauber-Kreis,Landkreis,Main-Tauber-Kreis (Landkreis),2014,1044
Heidenheim,Landkreis,Heidenheim (Landkreis),2014,1489
Ostalbkreis,Landkreis,Ostalbkreis (Landkreis),2014,4417
Baden-Baden,kreisfreie Stadt,Baden-Baden (kreisfreie Stadt),2014,129
Karlsruhe,kreisfreie Stadt,Karlsruhe (kreisfreie Stadt),2014,5197
Karlsruhe,Landkreis,Karlsruhe (Landkreis),2014,2941
Rastatt,Landkreis,Rastatt (Landkreis),2014,4157
Heidelberg,kreisfreie Stadt,Heidelberg (kreisfreie Stadt),2014,452
Mannheim,kreisfreie Stadt,Mannheim (kreisfreie Stadt),2014,5323
Neckar-Odenwald-Kreis,Landkreis,Neckar-Odenwald-Kreis (Landkreis),2014,846
Rhein-Neckar-Kreis,Landkreis,Rhein-Neckar-Kreis (Landkreis),2014,3063
Pforzheim,kreisfreie Stadt,Pforzheim (kreisfreie Stadt),2014,719
Calw,Landkreis,Calw (Landkreis),2014,658
Enzkreis,Landkreis,Enzkreis (Landkreis),2014,1590
Freudenstadt,Landkreis,Freudenstadt (Landkreis),2014,1342
Freiburg im Breisgau,kreisfreie Stadt,Freiburg im Breisgau (kreisfreie Stadt),2014,992
Breisgau-Hochschwarzwald,Landkreis,Breisgau-Hochschwarzwald (Landkreis),2014,1777
Emmendingen,Landkreis,Emmendingen (Landkreis),2014,786
Ortenaukreis,Landkreis,Ortenaukreis (Landkreis),2014,8360
Rottweil,Landkreis,Rottweil (Landkreis),2014,1684
Schwarzwald-Baar-Kreis,Landkreis,Schwarzwald-Baar-Kreis (Landkreis),2014,1760
Tuttlingen,Landkreis,Tuttlingen (Landkreis),2014,1981
Konstanz,Landkreis,Konstanz (Landkreis),2014,2052
Lörrach,Landkreis,Lörrach (Landkreis),2014,2322
Waldshut,Landkreis,Waldshut (Landkreis),2014,1470
Reutlingen,Landkreis,Reutlingen (Landkreis),2014,2351
Tübingen,Landkreis,Tübingen (Landkreis),2014,701
Zollernalbkreis,Landkreis,Zollernalbkreis (Landkreis),2014,1505
Ulm,kreisfreie Stadt,Ulm (kreisfreie Stadt),2014,1035
Alb-Donau-Kreis,Landkreis,Alb-Donau-Kreis (Landkreis),2014,3327
Biberach,Landkreis,Biberach (Landkreis),2014,2032
Bodenseekreis,Landkreis,Bodenseekreis (Landkreis),2014,1803
Ravensburg,Landkreis,Ravensburg (Landkreis),2014,2574
Sigmaringen,Landkreis,Sigmaringen (Landkreis),2014,1020
Stuttgart,kreisfreie Stadt,Stuttgart (kreisfreie Stadt),2013,4170
Böblingen,Landkreis,Böblingen (Landkreis),2013,3192
Esslingen,Landkreis,Esslingen (Landkreis),2013,4467
Göppingen,Landkreis,Göppingen (Landkreis),2013,1687
Ludwigsburg,Landkreis,Ludwigsburg (Landkreis),2013,3054
Rems-Murr-Kreis,Landkreis,Rems-Murr-Kreis (Landkreis),2013,1927
Heilbronn,kreisfreie Stadt,Heilbronn (kreisfreie Stadt),2013,1031
Heilbronn,Landkreis,Heilbronn (Landkreis),2013,3771
Hohenlohekreis,Landkreis,Hohenlohekreis (Landkreis),2013,1202
Schwäbisch Hall,Landkreis,Schwäbisch Hall (Landkreis),2013,1775
Main-Tauber-Kreis,Landkreis,Main-Tauber-Kreis (Landkreis),2013,1073
Heidenheim,Landkreis,Heidenheim (Landkreis),2013,1529
Ostalbkreis,Landkreis,Ostalbkreis (Landkreis),2013,4361
Baden-Baden,kreisfreie Stadt,Baden-Baden (kreisfreie Stadt),2013,128
Karlsruhe,kreisfreie Stadt,Karlsruhe (kreisfreie Stadt),2013,5235
Karlsruhe,Landkreis,Karlsruhe (Landkreis),2013,2772
Rastatt,Landkreis,Rastatt (Landkreis),2013,4151
Heidelberg,kreisfreie Stadt,Heidelberg (kreisfreie Stadt),2013,475
Mannheim,kreisfreie Stadt,Mannheim (kreisfreie Stadt),2013,5144
Neckar-Odenwald-Kreis,Landkreis,Neckar-Odenwald-Kreis (Landkreis),2013,821
Rhein-Neckar-Kreis,Landkreis,Rhein-Neckar-Kreis (Landkreis),2013,3303
Pforzheim,kreisfreie Stadt,Pforzheim (kreisfreie Stadt),2013,705
Calw,Landkreis,Calw (Landkreis),2013,692
Enzkreis,Landkreis,Enzkreis (Landkreis),2013,1554
Freudenstadt,Landkreis,Freudenstadt (Landkreis),2013,1353
Freiburg im Breisgau,kreisfreie Stadt,Freiburg im Breisgau (kreisfreie Stadt),2013,1005
Breisgau-Hochschwarzwald,Landkreis,Breisgau-Hochschwarzwald (Landkreis),2013,1749
Emmendingen,Landkreis,Emmendingen (Landkreis),2013,801
Ortenaukreis,Landkreis,Ortenaukreis (Landkreis),2013,8911
Rottweil,Landkreis,Rottweil (Landkreis),2013,1671
Schwarzwald-Baar-Kreis,Landkreis,Schwarzwald-Baar-Kreis (Landkreis),2013,1712
Tuttlingen,Landkreis,Tuttlingen (Landkreis),2013,1874
Konstanz,Landkreis,Konstanz (Landkreis),2013,2058
Lörrach,Landkreis,Lörrach (Landkreis),2013,2357
Waldshut,Landkreis,Waldshut (Landkreis),2013,1489
Reutlingen,Landkreis,Reutlingen (Landkreis),2013,2343
Tübingen,Landkreis,Tübingen (Landkreis),2013,716
Zollernalbkreis,Landkreis,Zollernalbkreis (Landkreis),2013,1476
Ulm,kreisfreie Stadt,Ulm (kreisfreie Stadt),2013,1048
Alb-Donau-Kreis,Landkreis,Alb-Donau-Kreis (Landkreis),2013,3298
Biberach,Landkreis,Biberach (Landkreis),2013,1947
Bodenseekreis,Landkreis,Bodenseekreis (Landkreis),2013,1809
Ravensburg,Landkreis,Ravensburg (Landkreis),2013,2579
Sigmaringen,Landkreis,Sigmaringen (Landkreis),2013,974
Stuttgart,kreisfreie Stadt,Stuttgart (kreisfreie Stadt),2012,4084
Böblingen,Landkreis,Böblingen (Landkreis),2012,3226
Esslingen,Landkreis,Esslingen (Landkreis),2012,4501
Göppingen,Landkreis,Göppingen (Landkreis),2012,1652
Ludwigsburg,Landkreis,Ludwigsburg (Landkreis),2012,3072
Rems-Murr-Kreis,Landkreis,Rems-Murr-Kreis (Landkreis),2012,4886
Heilbronn,kreisfreie Stadt,Heilbronn (kreisfreie Stadt),2012,1026
Heilbronn,Landkreis,Heilbronn (Landkreis),2012,3731
Hohenlohekreis,Landkreis,Hohenlohekreis (Landkreis),2012,1171
Schwäbisch Hall,Landkreis,Schwäbisch Hall (Landkreis),2012,1624
Main-Tauber-Kreis,Landkreis,Main-Tauber-Kreis (Landkreis),2012,1006
Heidenheim,Landkreis,Heidenheim (Landkreis),2012,1764
Ostalbkreis,Landkreis,Ostalbkreis (Landkreis),2012,4529
Baden-Baden,kreisfreie Stadt,Baden-Baden (kreisfreie Stadt),2012,132
Karlsruhe,kreisfreie Stadt,Karlsruhe (kreisfreie Stadt),2012,5220
Karlsruhe,Landkreis,Karlsruhe (Landkreis),2012,2806
Rastatt,Landkreis,Rastatt (Landkreis),2012,4134
Heidelberg,kreisfreie Stadt,Heidelberg (kreisfreie Stadt),2012,479
Mannheim,kreisfreie Stadt,Mannheim (kreisfreie Stadt),2012,5275
Neckar-Odenwald-Kreis,Landkreis,Neckar-Odenwald-Kreis (Landkreis),2012,855
Rhein-Neckar-Kreis,Landkreis,Rhein-Neckar-Kreis (Landkreis),2012,3285
Pforzheim,kreisfreie Stadt,Pforzheim (kreisfreie Stadt),2012,696
Calw,Landkreis,Calw (Landkreis),2012,709
Enzkreis,Landkreis,Enzkreis (Landkreis),2012,1540
Freudenstadt,Landkreis,Freudenstadt (Landkreis),2012,1306
Freiburg im Breisgau,kreisfreie Stadt,Freiburg im Breisgau (kreisfreie Stadt),2012,1007
Breisgau-Hochschwarzwald,Landkreis,Breisgau-Hochschwarzwald (Landkreis),2012,1647
Emmendingen,Landkreis,Emmendingen (Landkreis),2012,796
Ortenaukreis,Landkreis,Ortenaukreis (Landkreis),2012,8540
Rottweil,Landkreis,Rottweil (Landkreis),2012,1673
Schwarzwald-Baar-Kreis,Landkreis,Schwarzwald-Baar-Kreis (Landkreis),2012,1673
Tuttlingen,Landkreis,Tuttlingen (Landkreis),2012,1786
Konstanz,Landkreis,Konstanz (Landkreis),2012,2016
Lörrach,Landkreis,Lörrach (Landkreis),2012,2361
Waldshut,Landkreis,Waldshut (Landkreis),2012,1502
Reutlingen,Landkreis,Reutlingen (Landkreis),2012,2307
Tübingen,Landkreis,Tübingen (Landkreis),2012,717
Zollernalbkreis,Landkreis,Zollernalbkreis (Landkreis),2012,1480
Ulm,kreisfreie Stadt,Ulm (kreisfreie Stadt),2012,1022
Alb-Donau-Kreis,Landkreis,Alb-Donau-Kreis (Landkreis),2012,3417
Biberach,Landkreis,Biberach (Landkreis),2012,2061
Bodenseekreis,Landkreis,Bodenseekreis (Landkreis),2012,1780
Ravensburg,Landkreis,Ravensburg (Landkreis),2012,2652
Sigmaringen,Landkreis,Sigmaringen (Landkreis),2012,950
Stuttgart,kreisfreie Stadt,Stuttgart (kreisfreie Stadt),2011,4216
Böblingen,Landkreis,Böblingen (Landkreis),2011,3297
Esslingen,Landkreis,Esslingen (Landkreis),2011,4510
Göppingen,Landkreis,Göppingen (Landkreis),2011,1653
Ludwigsburg,Landkreis,Ludwigsburg (Landkreis),2011,3188
Rems-Murr-Kreis,Landkreis,Rems-Murr-Kreis (Landkreis),2011,4979
Heilbronn,kreisfreie Stadt,Heilbronn (kreisfreie Stadt),2011,1123
Heilbronn,Landkreis,Heilbronn (Landkreis),2011,3883
Hohenlohekreis,Landkreis,Hohenlohekreis (Landkreis),2011,1167
Schwäbisch Hall,Landkreis,Schwäbisch Hall (Landkreis),2011,1828
Main-Tauber-Kreis,Landkreis,Main-Tauber-Kreis (Landkreis),2011,1067
Heidenheim,Landkreis,Heidenheim (Landkreis),2011,1744
Ostalbkreis,Landkreis,Ostalbkreis (Landkreis),2011,4587
Baden-Baden,kreisfreie Stadt,Baden-Baden (kreisfreie Stadt),2011,137
Karlsruhe,kreisfreie Stadt,Karlsruhe (kreisfreie Stadt),2011,5427
Karlsruhe,Landkreis,Karlsruhe (Landkreis),2011,3023
Rastatt,Landkreis,Rastatt (Landkreis),2011,4147
Heidelberg,kreisfreie Stadt,Heidelberg (kreisfreie Stadt),2011,493
Mannheim,kreisfreie Stadt,Mannheim (kreisfreie Stadt),2011,5284
Neckar-Odenwald-Kreis,Landkreis,Neckar-Odenwald-Kreis (Landkreis),2011,878
Rhein-Neckar-Kreis,Landkreis,Rhein-Neckar-Kreis (Landkreis),2011,3467
Pforzheim,kreisfreie Stadt,Pforzheim (kreisfreie Stadt),2011,700
Calw,Landkreis,Calw (Landkreis),2011,708
Enzkreis,Landkreis,Enzkreis (Landkreis),2011,1545
Freudenstadt,Landkreis,Freudenstadt (Landkreis),2011,1308
Freiburg im Breisgau,kreisfreie Stadt,Freiburg im Breisgau (kreisfreie Stadt),2011,977
Breisgau-Hochschwarzwald,Landkreis,Breisgau-Hochschwarzwald (Landkreis),2011,1680
Emmendingen,Landkreis,Emmendingen (Landkreis),2011,817
Ortenaukreis,Landkreis,Ortenaukreis (Landkreis),2011,8976
Rottweil,Landkreis,Rottweil (Landkreis),2011,1675
Schwarzwald-Baar-Kreis,Landkreis,Schwarzwald-Baar-Kreis (Landkreis),2011,1703
Tuttlingen,Landkreis,Tuttlingen (Landkreis),2011,1776
Konstanz,Landkreis,Konstanz (Landkreis),2011,2151
Lörrach,Landkreis,Lörrach (Landkreis),2011,2587
Waldshut,Landkreis,Waldshut (Landkreis),2011,2939
Reutlingen,Landkreis,Reutlingen (Landkreis),2011,2263
Tübingen,Landkreis,Tübingen (Landkreis),2011,699
Zollernalbkreis,Landkreis,Zollernalbkreis (Landkreis),2011,1512
Ulm,kreisfreie Stadt,Ulm (kreisfreie Stadt),2011,1043
Alb-Donau-Kreis,Landkreis,Alb-Donau-Kreis (Landkreis),2011,3409
Biberach,Landkreis,Biberach (Landkreis),2011,1982
Bodenseekreis,Landkreis,Bodenseekreis (Landkreis),2011,1826
Ravensburg,Landkreis,Ravensburg (Landkreis),2011,2587
Sigmaringen,Landkreis,Sigmaringen (Landkreis),2011,954
Stuttgart,kreisfreie Stadt,Stuttgart (kreisfreie Stadt),2010,4155
Böblingen,Landkreis,Böblingen (Landkreis),2010,3264
Esslingen,Landkreis,Esslingen (Landkreis),2010,5923
Göppingen,Landkreis,Göppingen (Landkreis),2010,1551
Ludwigsburg,Landkreis,Ludwigsburg (Landkreis),2010,3052
Rems-Murr-Kreis,Landkreis,Rems-Murr-Kreis (Landkreis),2010,3784
Heilbronn,kreisfreie Stadt,Heilbronn (kreisfreie Stadt),2010,1014
Heilbronn,Landkreis,Heilbronn (Landkreis),2010,3636
Hohenlohekreis,Landkreis,Hohenlohekreis (Landkreis),2010,1055
Schwäbisch Hall,Landkreis,Schwäbisch Hall (Landkreis),2010,1828
Main-Tauber-Kreis,Landkreis,Main-Tauber-Kreis (Landkreis),2010,1000
Heidenheim,Landkreis,Heidenheim (Landkreis),2010,1768
Ostalbkreis,Landkreis,Ostalbkreis (Landkreis),2010,4201
Baden-Baden,kreisfreie Stadt,Baden-Baden (kreisfreie Stadt),2010,127
Karlsruhe,kreisfreie Stadt,Karlsruhe (kreisfreie Stadt),2010,5820
Karlsruhe,Landkreis,Karlsruhe (Landkreis),2010,2981
Rastatt,Landkreis,Rastatt (Landkreis),2010,4303
Heidelberg,kreisfreie Stadt,Heidelberg (kreisfreie Stadt),2010,506
Mannheim,kreisfreie Stadt,Mannheim (kreisfreie Stadt),2010,5049
Neckar-Odenwald-Kreis,Landkreis,Neckar-Odenwald-Kreis (Landkreis),2010,845
Rhein-Neckar-Kreis,Landkreis,Rhein-Neckar-Kreis (Landkreis),2010,3356
Pforzheim,kreisfreie Stadt,Pforzheim (kreisfreie Stadt),2010,672
Calw,Landkreis,Calw (Landkreis),2010,681
Enzkreis,Landkreis,Enzkreis (Landkreis),2010,1445
Freudenstadt,Landkreis,Freudenstadt (Landkreis),2010,1370
Freiburg im Breisgau,kreisfreie Stadt,Freiburg im Breisgau (kreisfreie Stadt),2010,985
Breisgau-Hochschwarzwald,Landkreis,Breisgau-Hochschwarzwald (Landkreis),2010,1688
Emmendingen,Landkreis,Emmendingen (Landkreis),2010,794
Ortenaukreis,Landkreis,Ortenaukreis (Landkreis),2010,8566
Rottweil,Landkreis,Rottweil (Landkreis),2010,1637
Schwarzwald-Baar-Kreis,Landkreis,Schwarzwald-Baar-Kreis (Landkreis),2010,1594
Tuttlingen,Landkreis,Tuttlingen (Landkreis),2010,1600
Konstanz,Landkreis,Konstanz (Landkreis),2010,2031
Lörrach,Landkreis,Lörrach (Landkreis),2010,2585
Waldshut,Landkreis,Waldshut (Landkreis),2010,3100
Reutlingen,Landkreis,Reutlingen (Landkreis),2010,2189
Tübingen,Landkreis,Tübingen (Landkreis),2010,624
Zollernalbkreis,Landkreis,Zollernalbkreis (Landkreis),2010,1435
Ulm,kreisfreie Stadt,Ulm (kreisfreie Stadt),2010,1022
Alb-Donau-Kreis,Landkreis,Alb-Donau-Kreis (Landkreis),2010,3226
Biberach,Landkreis,Biberach (Landkreis),2010,1847
Bodenseekreis,Landkreis,Bodenseekreis (Landkreis),2010,1658
Ravensburg,Landkreis,Ravensburg (Landkreis),2010,2575
Sigmaringen,Landkreis,Sigmaringen (Landkreis),2010,896
Stuttgart,kreisfreie Stadt,Stuttgart (kreisfreie Stadt),2009,3969
Böblingen,Landkreis,Böblingen (Landkreis),2009,3044
Esslingen,Landkreis,Esslingen (Landkreis),2009,3972
Göppingen,Landkreis,Göppingen (Landkreis),2009,1434
Ludwigsburg,Landkreis,Ludwigsburg (Landkreis),2009,2884
Rems-Murr-Kreis,Landkreis,Rems-Murr-Kreis (Landkreis),2009,1707
Heilbronn,kreisfreie Stadt,Heilbronn (kreisfreie Stadt),2009,993
Heilbronn,Landkreis,Heilbronn (Landkreis),2009,3239
Hohenlohekreis,Landkreis,Hohenlohekreis (Landkreis),2009,970
Schwäbisch Hall,Landkreis,Schwäbisch Hall (Landkreis),2009,1677
Main-Tauber-Kreis,Landkreis,Main-Tauber-Kreis (Landkreis),2009,927
Heidenheim,Landkreis,Heidenheim (Landkreis),2009,1683
Ostalbkreis,Landkreis,Ostalbkreis (Landkreis),2009,3954
Baden-Baden,kreisfreie Stadt,Baden-Baden (kreisfreie Stadt),2009,138
Karlsruhe,kreisfreie Stadt,Karlsruhe (kreisfreie Stadt),2009,5793
Karlsruhe,Landkreis,Karlsruhe (Landkreis),2009,3423
Rastatt,Landkreis,Rastatt (Landkreis),2009,3765
Heidelberg,kreisfreie Stadt,Heidelberg (kreisfreie Stadt),2009,444
Mannheim,kreisfreie Stadt,Mannheim (kreisfreie Stadt),2009,4953
Neckar-Odenwald-Kreis,Landkreis,Neckar-Odenwald-Kreis (Landkreis),2009,769
Rhein-Neckar-Kreis,Landkreis,Rhein-Neckar-Kreis (Landkreis),2009,3143
Pforzheim,kreisfreie Stadt,Pforzheim (kreisfreie Stadt),2009,598
Calw,Landkreis,Calw (Landkreis),2009,579
Enzkreis,Landkreis,Enzkreis (Landkreis),2009,1240
Freudenstadt,Landkreis,Freudenstadt (Landkreis),2009,1272
Freiburg im Breisgau,kreisfreie Stadt,Freiburg im Breisgau (kreisfreie Stadt),2009,998
Breisgau-Hochschwarzwald,Landkreis,Breisgau-Hochschwarzwald (Landkreis),2009,1490
Emmendingen,Landkreis,Emmendingen (Landkreis),2009,682
Ortenaukreis,Landkreis,Ortenaukreis (Landkreis),2009,8491
Rottweil,Landkreis,Rottweil (Landkreis),2009,1443
Schwarzwald-Baar-Kreis,Landkreis,Schwarzwald-Baar-Kreis (Landkreis),2009,1328
Tuttlingen,Landkreis,Tuttlingen (Landkreis),2009,1304
Konstanz,Landkreis,Konstanz (Landkreis),2009,1823
Lörrach,Landkreis,Lörrach (Landkreis),2009,2387
Waldshut,Landkreis,Waldshut (Landkreis),2009,2668
Reutlingen,Landkreis,Reutlingen (Landkreis),2009,2080
Tübingen,Landkreis,Tübingen (Landkreis),2009,579
Zollernalbkreis,Landkreis,Zollernalbkreis (Landkreis),2009,1284
Ulm,kreisfreie Stadt,Ulm (kreisfreie Stadt),2009,962
Alb-Donau-Kreis,Landkreis,Alb-Donau-Kreis (Landkreis),2009,2879
Biberach,Landkreis,Biberach (Landkreis),2009,1687
Bodenseekreis,Landkreis,Bodenseekreis (Landkreis),2009,1528
Ravensburg,Landkreis,Ravensburg (Landkreis),2009,2486
Sigmaringen,Landkreis,Sigmaringen (Landkreis),2009,833
Stuttgart,kreisfreie Stadt,Stuttgart (kreisfreie Stadt),2008,5291
Böblingen,Landkreis,Böblingen (Landkreis),2008,3323
Esslingen,Landkreis,Esslingen (Landkreis),2008,4666
Göppingen,Landkreis,Göppingen (Landkreis),2008,1789
Ludwigsburg,Landkreis,Ludwigsburg (Landkreis),2008,3474
Rems-Murr-Kreis,Landkreis,Rems-Murr-Kreis (Landkreis),2008,2079
Heilbronn,kreisfreie Stadt,Heilbronn (kreisfreie Stadt),2008,1106
Heilbronn,Landkreis,Heilbronn (Landkreis),2008,3764
Hohenlohekreis,Landkreis,Hohenlohekreis (Landkreis),2008,1031
Schwäbisch Hall,Landkreis,Schwäbisch Hall (Landkreis),2008,1961
Main-Tauber-Kreis,Landkreis,Main-Tauber-Kreis (Landkreis),2008,1054
Heidenheim,Landkreis,Heidenheim (Landkreis),2008,1864
Ostalbkreis,Landkreis,Ostalbkreis (Landkreis),2008,4477
Baden-Baden,kreisfreie Stadt,Baden-Baden (kreisfreie Stadt),2008,156
Karlsruhe,kreisfreie Stadt,Karlsruhe (kreisfreie Stadt),2008,7106
Karlsruhe,Landkreis,Karlsruhe (Landkreis),2008,3927
Rastatt,Landkreis,Rastatt (Landkreis),2008,4189
Heidelberg,kreisfreie Stadt,Heidelberg (kreisfreie Stadt),2008,498
Mannheim,kreisfreie Stadt,Mannheim (kreisfreie Stadt),2008,5637
Neckar-Odenwald-Kreis,Landkreis,Neckar-Odenwald-Kreis (Landkreis),2008,878
Rhein-Neckar-Kreis,Landkreis,Rhein-Neckar-Kreis (Landkreis),2008,3675
Pforzheim,kreisfreie Stadt,Pforzheim (kreisfreie Stadt),2008,715
Calw,Landkreis,Calw (Landkreis),2008,669
Enzkreis,Landkreis,Enzkreis (Landkreis),2008,1560
Freudenstadt,Landkreis,Freudenstadt (Landkreis),2008,1369
Freiburg im Breisgau,kreisfreie Stadt,Freiburg im Breisgau (kreisfreie Stadt),2008,1063
Breisgau-Hochschwarzwald,Landkreis,Breisgau-Hochschwarzwald (Landkreis),2008,1673
Emmendingen,Landkreis,Emmendingen (Landkreis),2008,776
Ortenaukreis,Landkreis,Ortenaukreis (Landkreis),2008,9105
Rottweil,Landkreis,Rottweil (Landkreis),2008,1760
Schwarzwald-Baar-Kreis,Landkreis,Schwarzwald-Baar-Kreis (Landkreis),2008,1622
Tuttlingen,Landkreis,Tuttlingen (Landkreis),2008,1716
Konstanz,Landkreis,Konstanz (Landkreis),2008,2104
Lörrach,Landkreis,Lörrach (Landkreis),2008,2625
Waldshut,Landkreis,Waldshut (Landkreis),2008,3302
Reutlingen,Landkreis,Reutlingen (Landkreis),2008,2336
Tübingen,Landkreis,Tübingen (Landkreis),2008,976
Zollernalbkreis,Landkreis,Zollernalbkreis (Landkreis),2008,1541
Ulm,kreisfreie Stadt,Ulm (kreisfreie Stadt),2008,1159
Alb-Donau-Kreis,Landkreis,Alb-Donau-Kreis (Landkreis),2008,3257
Biberach,Landkreis,Biberach (Landkreis),2008,1870
Bodenseekreis,Landkreis,Bodenseekreis (Landkreis),2008,1853
Ravensburg,Landkreis,Ravensburg (Landkreis),2008,2608
Sigmaringen,Landkreis,Sigmaringen (Landkreis),2008,970
Stuttgart,kreisfreie Stadt,Stuttgart (kreisfreie Stadt),2007,5600
Böblingen,Landkreis,Böblingen (Landkreis),2007,3837
Esslingen,Landkreis,Esslingen (Landkreis),2007,4673
Göppingen,Landkreis,Göppingen (Landkreis),2007,1956
Ludwigsburg,Landkreis,Ludwigsburg (Landkreis),2007,3543
Rems-Murr-Kreis,Landkreis,Rems-Murr-Kreis (Landkreis),2007,2089
Heilbronn,kreisfreie Stadt,Heilbronn (kreisfreie Stadt),2007,1117
Heilbronn,Landkreis,Heilbronn (Landkreis),2007,3603
Hohenlohekreis,Landkreis,Hohenlohekreis (Landkreis),2007,1018
Schwäbisch Hall,Landkreis,Schwäbisch Hall (Landkreis),2007,1858
Main-Tauber-Kreis,Landkreis,Main-Tauber-Kreis (Landkreis),2007,1050
Heidenheim,Landkreis,Heidenheim (Landkreis),2007,1773
Ostalbkreis,Landkreis,Ostalbkreis (Landkreis),2007,4664
Baden-Baden,kreisfreie Stadt,Baden-Baden (kreisfreie Stadt),2007,157
Karlsruhe,kreisfreie Stadt,Karlsruhe (kreisfreie Stadt),2007,6984
Karlsruhe,Landkreis,Karlsruhe (Landkreis),2007,3821
Rastatt,Landkreis,Rastatt (Landkreis),2007,4769
Heidelberg,kreisfreie Stadt,Heidelberg (kreisfreie Stadt),2007,563
Mannheim,kreisfreie Stadt,Mannheim (kreisfreie Stadt),2007,6180
Neckar-Odenwald-Kreis,Landkreis,Neckar-Odenwald-Kreis (Landkreis),2007,871
Rhein-Neckar-Kreis,Landkreis,Rhein-Neckar-Kreis (Landkreis),2007,3754
Pforzheim,kreisfreie Stadt,Pforzheim (kreisfreie Stadt),2007,724
Calw,Landkreis,Calw (Landkreis),2007,642
Enzkreis,Landkreis,Enzkreis (Landkreis),2007,1619
Freudenstadt,Landkreis,Freudenstadt (Landkreis),2007,1380
Freiburg im Breisgau,kreisfreie Stadt,Freiburg im Breisgau (kreisfreie Stadt),2007,1113
Breisgau-Hochschwarzwald,Landkreis,Breisgau-Hochschwarzwald (Landkreis),2007,1659
Emmendingen,Landkreis,Emmendingen (Landkreis),2007,768
Ortenaukreis,Landkreis,Ortenaukreis (Landkreis),2007,9235
Rottweil,Landkreis,Rottweil (Landkreis),2007,1690
Schwarzwald-Baar-Kreis,Landkreis,Schwarzwald-Baar-Kreis (Landkreis),2007,1726
Tuttlingen,Landkreis,Tuttlingen (Landkreis),2007,1595
Konstanz,Landkreis,Konstanz (Landkreis),2007,2148
Lörrach,Landkreis,Lörrach (Landkreis),2007,2676
Waldshut,Landkreis,Waldshut (Landkreis),2007,3584
Reutlingen,Landkreis,Reutlingen (Landkreis),2007,2426
Tübingen,Landkreis,Tübingen (Landkreis),2007,679
Zollernalbkreis,Landkreis,Zollernalbkreis (Landkreis),2007,1421
Ulm,kreisfreie Stadt,Ulm (kreisfreie Stadt),2007,1085
Alb-Donau-Kreis,Landkreis,Alb-Donau-Kreis (Landkreis),2007,3726
Biberach,Landkreis,Biberach (Landkreis),2007,1767
Bodenseekreis,Landkreis,Bodenseekreis (Landkreis),2007,1811
Ravensburg,Landkreis,Ravensburg (Landkreis),2007,3453
Sigmaringen,Landkreis,Sigmaringen (Landkreis),2007,958
Stuttgart,kreisfreie Stadt,Stuttgart (kreisfreie Stadt),2006,5610
Böblingen,Landkreis,Böblingen (Landkreis),2006,3808
Esslingen,Landkreis,Esslingen (Landkreis),2006,4675
Göppingen,Landkreis,Göppingen (Landkreis),2006,1667
Ludwigsburg,Landkreis,Ludwigsburg (Landkreis),2006,3427
Rems-Murr-Kreis,Landkreis,Rems-Murr-Kreis (Landkreis),2006,1925
Heilbronn,kreisfreie Stadt,Heilbronn (kreisfreie Stadt),2006,1148
Heilbronn,Landkreis,Heilbronn (Landkreis),2006,3590
Hohenlohekreis,Landkreis,Hohenlohekreis (Landkreis),2006,972
Schwäbisch Hall,Landkreis,Schwäbisch Hall (Landkreis),2006,1741
Main-Tauber-Kreis,Landkreis,Main-Tauber-Kreis (Landkreis),2006,1000
Heidenheim,Landkreis,Heidenheim (Landkreis),2006,1651
Ostalbkreis,Landkreis,Ostalbkreis (Landkreis),2006,4382
Baden-Baden,kreisfreie Stadt,Baden-Baden (kreisfreie Stadt),2006,152
Karlsruhe,kreisfreie Stadt,Karlsruhe (kreisfreie Stadt),2006,7078
Karlsruhe,Landkreis,Karlsruhe (Landkreis),2006,3213
Rastatt,Landkreis,Rastatt (Landkreis),2006,4281
Heidelberg,kreisfreie Stadt,Heidelberg (kreisfreie Stadt),2006,564
Mannheim,kreisfreie Stadt,Mannheim (kreisfreie Stadt),2006,5475
Neckar-Odenwald-Kreis,Landkreis,Neckar-Odenwald-Kreis (Landkreis),2006,816
Rhein-Neckar-Kreis,Landkreis,Rhein-Neckar-Kreis (Landkreis),2006,3650
Pforzheim,kreisfreie Stadt,Pforzheim (kreisfreie Stadt),2006,652
Calw,Landkreis,Calw (Landkreis),2006,617
Enzkreis,Landkreis,Enzkreis (Landkreis),2006,1519
Freudenstadt,Landkreis,Freudenstadt (Landkreis),2006,1342
Freiburg im Breisgau,kreisfreie Stadt,Freiburg im Breisgau (kreisfreie Stadt),2006,1121
Breisgau-Hochschwarzwald,Landkreis,Breisgau-Hochschwarzwald (Landkreis),2006,1720
Emmendingen,Landkreis,Emmendingen (Landkreis),2006,778
Ortenaukreis,Landkreis,Ortenaukreis (Landkreis),2006,8907
Rottweil,Landkreis,Rottweil (Landkreis),2006,1721
Schwarzwald-Baar-Kreis,Landkreis,Schwarzwald-Baar-Kreis (Landkreis),2006,1550
Tuttlingen,Landkreis,Tuttlingen (Landkreis),2006,1485
Konstanz,Landkreis,Konstanz (Landkreis),2006,2169
Lörrach,Landkreis,Lörrach (Landkreis),2006,2628
Waldshut,Landkreis,Waldshut (Landkreis),2006,3517
Reutlingen,Landkreis,Reutlingen (Landkreis),2006,2346
Tübingen,Landkreis,Tübingen (Landkreis),2006,666
Zollernalbkreis,Landkreis,Zollernalbkreis (Landkreis),2006,1380
Ulm,kreisfreie Stadt,Ulm (kreisfreie Stadt),2006,1052
Alb-Donau-Kreis,Landkreis,Alb-Donau-Kreis (Landkreis),2006,3277
Biberach,Landkreis,Biberach (Landkreis),2006,1754
Bodenseekreis,Landkreis,Bodenseekreis (Landkreis),2006,1709
Ravensburg,Landkreis,Ravensburg (Landkreis),2006,3324
Sigmaringen,Landkreis,Sigmaringen (Landkreis),2006,905
Stuttgart,kreisfreie Stadt,Stuttgart (kreisfreie Stadt),2005,5909
Böblingen,Landkreis,Böblingen (Landkreis),2005,3803
Esslingen,Landkreis,Esslingen (Landkreis),2005,4677
Göppingen,Landkreis,Göppingen (Landkreis),2005,1874
Ludwigsburg,Landkreis,Ludwigsburg (Landkreis),2005,3317
Rems-Murr-Kreis,Landkreis,Rems-Murr-Kreis (Landkreis),2005,1851
Heilbronn,kreisfreie Stadt,Heilbronn (kreisfreie Stadt),2005,1130
Heilbronn,Landkreis,Heilbronn (Landkreis),2005,3492
Hohenlohekreis,Landkreis,Hohenlohekreis (Landkreis),2005,927
Schwäbisch Hall,Landkreis,Schwäbisch Hall (Landkreis),2005,1657
Main-Tauber-Kreis,Landkreis,Main-Tauber-Kreis (Landkreis),2005,989
Heidenheim,Landkreis,Heidenheim (Landkreis),2005,1604
Ostalbkreis,Landkreis,Ostalbkreis (Landkreis),2005,4286
Baden-Baden,kreisfreie Stadt,Baden-Baden (kreisfreie Stadt),2005,148
Karlsruhe,kreisfreie Stadt,Karlsruhe (kreisfreie Stadt),2005,7369
Karlsruhe,Landkreis,Karlsruhe (Landkreis),2005,3090
Rastatt,Landkreis,Rastatt (Landkreis),2005,4956
Heidelberg,kreisfreie Stadt,Heidelberg (kreisfreie Stadt),2005,422
Mannheim,kreisfreie Stadt,Mannheim (kreisfreie Stadt),2005,5541
Neckar-Odenwald-Kreis,Landkreis,Neckar-Odenwald-Kreis (Landkreis),2005,747
Rhein-Neckar-Kreis,Landkreis,Rhein-Neckar-Kreis (Landkreis),2005,3768
Pforzheim,kreisfreie Stadt,Pforzheim (kreisfreie Stadt),2005,571
Calw,Landkreis,Calw (Landkreis),2005,558
Enzkreis,Landkreis,Enzkreis (Landkreis),2005,1391
Freudenstadt,Landkreis,Freudenstadt (Landkreis),2005,1245
Freiburg im Breisgau,kreisfreie Stadt,Freiburg im Breisgau (kreisfreie Stadt),2005,1101
Breisgau-Hochschwarzwald,Landkreis,Breisgau-Hochschwarzwald (Landkreis),2005,1583
Emmendingen,Landkreis,Emmendingen (Landkreis),2005,713
Ortenaukreis,Landkreis,Ortenaukreis (Landkreis),2005,8527
Rottweil,Landkreis,Rottweil (Landkreis),2005,1652
Schwarzwald-Baar-Kreis,Landkreis,Schwarzwald-Baar-Kreis (Landkreis),2005,1469
Tuttlingen,Landkreis,Tuttlingen (Landkreis),2005,1378
Konstanz,Landkreis,Konstanz (Landkreis),2005,2061
Lörrach,Landkreis,Lörrach (Landkreis),2005,2562
Waldshut,Landkreis,Waldshut (Landkreis),2005,3428
Reutlingen,Landkreis,Reutlingen (Landkreis),2005,2334
Tübingen,Landkreis,Tübingen (Landkreis),2005,631
Zollernalbkreis,Landkreis,Zollernalbkreis (Landkreis),2005,1325
Ulm,kreisfreie Stadt,Ulm (kreisfreie Stadt),2005,1016
Alb-Donau-Kreis,Landkreis,Alb-Donau-Kreis (Landkreis),2005,3243
Biberach,Landkreis,Biberach (Landkreis),2005,1606
Bodenseekreis,Landkreis,Bodenseekreis (Landkreis),2005,1623
Ravensburg,Landkreis,Ravensburg (Landkreis),2005,3312
Sigmaringen,Landkreis,Sigmaringen (Landkreis),2005,859
Stuttgart,kreisfreie Stadt,Stuttgart (kreisfreie Stadt),2004,6052
Böblingen,Landkreis,Böblingen (Landkreis),2004,3893
Esslingen,Landkreis,Esslingen (Landkreis),2004,4818
Göppingen,Landkreis,Göppingen (Landkreis),2004,1868
Ludwigsburg,Landkreis,Ludwigsburg (Landkreis),2004,3312
Rems-Murr-Kreis,Landkreis,Rems-Murr-Kreis (Landkreis),2004,1911
Heilbronn,kreisfreie Stadt,Heilbronn (kreisfreie Stadt),2004,1085
Heilbronn,Landkreis,Heilbronn (Landkreis),2004,3456
Hohenlohekreis,Landkreis,Hohenlohekreis (Landkreis),2004,912
Schwäbisch Hall,Landkreis,Schwäbisch Hall (Landkreis),2004,1509
Main-Tauber-Kreis,Landkreis,Main-Tauber-Kreis (Landkreis),2004,1025
Heidenheim,Landkreis,Heidenheim (Landkreis),2004,1614
Ostalbkreis,Landkreis,Ostalbkreis (Landkreis),2004,4149
Baden-Baden,kreisfreie Stadt,Baden-Baden (kreisfreie Stadt),2004,146
Karlsruhe,kreisfreie Stadt,Karlsruhe (kreisfreie Stadt),2004,6798
Karlsruhe,Landkreis,Karlsruhe (Landkreis),2004,3065
Rastatt,Landkreis,Rastatt (Landkreis),2004,4509
Heidelberg,kreisfreie Stadt,Heidelberg (kreisfreie Stadt),2004,426
Mannheim,kreisfreie Stadt,Mannheim (kreisfreie Stadt),2004,5599
Neckar-Odenwald-Kreis,Landkreis,Neckar-Odenwald-Kreis (Landkreis),2004,732
Rhein-Neckar-Kreis,Landkreis,Rhein-Neckar-Kreis (Landkreis),2004,3723
Pforzheim,kreisfreie Stadt,Pforzheim (kreisfreie Stadt),2004,577
Calw,Landkreis,Calw (Landkreis),2004,552
Enzkreis,Landkreis,Enzkreis (Landkreis),2004,1335
Freudenstadt,Landkreis,Freudenstadt (Landkreis),2004,1207
Freiburg im Breisgau,kreisfreie Stadt,Freiburg im Breisgau (kreisfreie Stadt),2004,1120
Breisgau-Hochschwarzwald,Landkreis,Breisgau-Hochschwarzwald (Landkreis),2004,1681
Emmendingen,Landkreis,Emmendingen (Landkreis),2004,683
Ortenaukreis,Landkreis,Ortenaukreis (Landkreis),2004,8303
Rottweil,Landkreis,Rottweil (Landkreis),2004,1646
Schwarzwald-Baar-Kreis,Landkreis,Schwarzwald-Baar-Kreis (Landkreis),2004,1412
Tuttlingen,Landkreis,Tuttlingen (Landkreis),2004,1299
Konstanz,Landkreis,Konstanz (Landkreis),2004,2041
Lörrach,Landkreis,Lörrach (Landkreis),2004,2440
Waldshut,Landkreis,Waldshut (Landkreis),2004,3300
Reutlingen,Landkreis,Reutlingen (Landkreis),2004,2121
Tübingen,Landkreis,Tübingen (Landkreis),2004,610
Zollernalbkreis,Landkreis,Zollernalbkreis (Landkreis),2004,1185
Ulm,kreisfreie Stadt,Ulm (kreisfreie Stadt),2004,989
Alb-Donau-Kreis,Landkreis,Alb-Donau-Kreis (Landkreis),2004,3062
Biberach,Landkreis,Biberach (Landkreis),2004,1507
Bodenseekreis,Landkreis,Bodenseekreis (Landkreis),2004,1580
Ravensburg,Landkreis,Ravensburg (Landkreis),2004,3138
Sigmaringen,Landkreis,Sigmaringen (Landkreis),2004,797
Stuttgart,kreisfreie Stadt,Stuttgart (kreisfreie Stadt),2003,5657
Böblingen,Landkreis,Böblingen (Landkreis),2003,3884
Esslingen,Landkreis,Esslingen (Landkreis),2003,4830
Göppingen,Landkreis,Göppingen (Landkreis),2003,1783
Ludwigsburg,Landkreis,Ludwigsburg (Landkreis),2003,3259
Rems-Murr-Kreis,Landkreis,Rems-Murr-Kreis (Landkreis),2003,1842
Heilbronn,kreisfreie Stadt,Heilbronn (kreisfreie Stadt),2003,1044
Heilbronn,Landkreis,Heilbronn (Landkreis),2003,3161
Hohenlohekreis,Landkreis,Hohenlohekreis (Landkreis),2003,854
Schwäbisch Hall,Landkreis,Schwäbisch Hall (Landkreis),2003,1456
Main-Tauber-Kreis,Landkreis,Main-Tauber-Kreis (Landkreis),2003,1000
Heidenheim,Landkreis,Heidenheim (Landkreis),2003,1610
Ostalbkreis,Landkreis,Ostalbkreis (Landkreis),2003,4027
Baden-Baden,kreisfreie Stadt,Baden-Baden (kreisfreie Stadt),2003,138
Karlsruhe,kreisfreie Stadt,Karlsruhe (kreisfreie Stadt),2003,6843
Karlsruhe,Landkreis,Karlsruhe (Landkreis),2003,3103
Rastatt,Landkreis,Rastatt (Landkreis),2003,5612
Heidelberg,kreisfreie Stadt,Heidelberg (kreisfreie Stadt),2003,409
Mannheim,kreisfreie Stadt,Mannheim (kreisfreie Stadt),2003,5333
Neckar-Odenwald-Kreis,Landkreis,Neckar-Odenwald-Kreis (Landkreis),2003,728
Rhein-Neckar-Kreis,Landkreis,Rhein-Neckar-Kreis (Landkreis),2003,3627
Pforzheim,kreisfreie Stadt,Pforzheim (kreisfreie Stadt),2003,556
Calw,Landkreis,Calw (Landkreis),2003,522
Enzkreis,Landkreis,Enzkreis (Landkreis),2003,1332
Freudenstadt,Landkreis,Freudenstadt (Landkreis),2003,1154
Freiburg im Breisgau,kreisfreie Stadt,Freiburg im Breisgau (kreisfreie Stadt),2003,1229
Breisgau-Hochschwarzwald,Landkreis,Breisgau-Hochschwarzwald (Landkreis),2003,1668
Emmendingen,Landkreis,Emmendingen (Landkreis),2003,657
Ortenaukreis,Landkreis,Ortenaukreis (Landkreis),2003,8147
Rottweil,Landkreis,Rottweil (Landkreis),2003,1464
Schwarzwald-Baar-Kreis,Landkreis,Schwarzwald-Baar-Kreis (Landkreis),2003,1360
Tuttlingen,Landkreis,Tuttlingen (Landkreis),2003,1452
Konstanz,Landkreis,Konstanz (Landkreis),2003,2008
Lörrach,Landkreis,Lörrach (Landkreis),2003,2437
Waldshut,Landkreis,Waldshut (Landkreis),2003,3095
Reutlingen,Landkreis,Reutlingen (Landkreis),2003,2091
Tübingen,Landkreis,Tübingen (Landkreis),2003,571
Zollernalbkreis,Landkreis,Zollernalbkreis (Landkreis),2003,1145
Ulm,kreisfreie Stadt,Ulm (kreisfreie Stadt),2003,964
Alb-Donau-Kreis,Landkreis,Alb-Donau-Kreis (Landkreis),2003,2897
Biberach,Landkreis,Biberach (Landkreis),2003,1398
Bodenseekreis,Landkreis,Bodenseekreis (Landkreis),2003,1573
Ravensburg,Landkreis,Ravensburg (Landkreis),2003,3110
Sigmaringen,Landkreis,Sigmaringen (Landkreis),2003,750
