DName,DType,DN_DT,Jahr,Investitionen,Investitionen je Beschäftigten
Alb-Donau-Kreis,Landkreis,Alb-Donau-Kreis (Landkreis),1995,84056.0,5218.0
Alb-Donau-Kreis,Landkreis,Alb-Donau-Kreis (Landkreis),1996,93099.0,5920.0
Alb-Donau-Kreis,Landkreis,Alb-Donau-Kreis (Landkreis),1997,80596.0,4885.0
Alb-Donau-Kreis,Landkreis,Alb-Donau-Kreis (Landkreis),1998,92726.0,5578.0
Alb-Donau-Kreis,Landkreis,Alb-Donau-Kreis (Landkreis),1999,114474.0,6646.0
Alb-Donau-Kreis,Landkreis,Alb-Donau-Kreis (Landkreis),2000,145916.0,8312.0
Alb-Donau-Kreis,Landkreis,Alb-Donau-Kreis (Landkreis),2001,136344.0,7628.0
Alb-Donau-Kreis,Landkreis,Alb-Donau-Kreis (Landkreis),2002,139917.0,8127.0
Alb-Donau-Kreis,Landkreis,Alb-Donau-Kreis (Landkreis),2003,90067.0,5429.0
Alb-Donau-Kreis,Landkreis,Alb-Donau-Kreis (Landkreis),2004,101644.0,6214.0
Alb-Donau-Kreis,Landkreis,Alb-Donau-Kreis (Landkreis),2005,125685.0,7694.0
Alb-Donau-Kreis,Landkreis,Alb-Donau-Kreis (Landkreis),2006,158005.0,9441.0
Alb-Donau-Kreis,Landkreis,Alb-Donau-Kreis (Landkreis),2007,144512.0,8283.0
Alb-Donau-Kreis,Landkreis,Alb-Donau-Kreis (Landkreis),2008,202217.0,11086.0
Alb-Donau-Kreis,Landkreis,Alb-Donau-Kreis (Landkreis),2009,129162.0,7456.0
Alb-Donau-Kreis,Landkreis,Alb-Donau-Kreis (Landkreis),2010,109740.0,6271.0
Alb-Donau-Kreis,Landkreis,Alb-Donau-Kreis (Landkreis),2011,144942.0,7899.0
Alb-Donau-Kreis,Landkreis,Alb-Donau-Kreis (Landkreis),2012,145364.0,7912.0
Alb-Donau-Kreis,Landkreis,Alb-Donau-Kreis (Landkreis),2013,129966.0,7033.0
Alb-Donau-Kreis,Landkreis,Alb-Donau-Kreis (Landkreis),2014,118449.0,6304.0
Alb-Donau-Kreis,Landkreis,Alb-Donau-Kreis (Landkreis),2015,123065.0,6534.0
Alb-Donau-Kreis,Landkreis,Alb-Donau-Kreis (Landkreis),2016,134159.0,7121.0
Alb-Donau-Kreis,Landkreis,Alb-Donau-Kreis (Landkreis),2017,152441.0,7878.0
Alb-Donau-Kreis,Landkreis,Alb-Donau-Kreis (Landkreis),2018,199724.0,9780.0
Alb-Donau-Kreis,Landkreis,Alb-Donau-Kreis (Landkreis),2019,170195.0,8169.0
Alb-Donau-Kreis,Landkreis,Alb-Donau-Kreis (Landkreis),2020,139151.0,6839.0
Alb-Donau-Kreis,Landkreis,Alb-Donau-Kreis (Landkreis),2021,145529.0,7129.0
Alb-Donau-Kreis,Landkreis,Alb-Donau-Kreis (Landkreis),2022,169104.0,8114.0
Alb-Donau-Kreis,Landkreis,Alb-Donau-Kreis (Landkreis),2023,197187.0,9248.0
Baden-Baden,kreisfreie Stadt,Baden-Baden (kreisfreie Stadt),1995,17049.0,3539.0
Baden-Baden,kreisfreie Stadt,Baden-Baden (kreisfreie Stadt),1996,19281.0,3956.0
Baden-Baden,kreisfreie Stadt,Baden-Baden (kreisfreie Stadt),1997,21306.0,4393.0
Baden-Baden,kreisfreie Stadt,Baden-Baden (kreisfreie Stadt),1998,21309.0,4323.0
Baden-Baden,kreisfreie Stadt,Baden-Baden (kreisfreie Stadt),1999,25365.0,5178.0
Baden-Baden,kreisfreie Stadt,Baden-Baden (kreisfreie Stadt),2000,20337.0,4100.0
Baden-Baden,kreisfreie Stadt,Baden-Baden (kreisfreie Stadt),2001,17261.0,3673.0
Baden-Baden,kreisfreie Stadt,Baden-Baden (kreisfreie Stadt),2002,14076.0,2778.0
Baden-Baden,kreisfreie Stadt,Baden-Baden (kreisfreie Stadt),2003,21692.0,4291.0
Baden-Baden,kreisfreie Stadt,Baden-Baden (kreisfreie Stadt),2004,23561.0,4809.0
Baden-Baden,kreisfreie Stadt,Baden-Baden (kreisfreie Stadt),2005,18264.0,3803.0
Baden-Baden,kreisfreie Stadt,Baden-Baden (kreisfreie Stadt),2006,14924.0,3071.0
Baden-Baden,kreisfreie Stadt,Baden-Baden (kreisfreie Stadt),2007,27634.0,5773.0
Baden-Baden,kreisfreie Stadt,Baden-Baden (kreisfreie Stadt),2008,23662.0,4591.0
Baden-Baden,kreisfreie Stadt,Baden-Baden (kreisfreie Stadt),2009,18355.0,4113.0
Baden-Baden,kreisfreie Stadt,Baden-Baden (kreisfreie Stadt),2010,14155.0,3428.0
Baden-Baden,kreisfreie Stadt,Baden-Baden (kreisfreie Stadt),2011,15094.0,3371.0
Baden-Baden,kreisfreie Stadt,Baden-Baden (kreisfreie Stadt),2012,18575.0,4176.0
Baden-Baden,kreisfreie Stadt,Baden-Baden (kreisfreie Stadt),2013,19033.0,4469.0
Baden-Baden,kreisfreie Stadt,Baden-Baden (kreisfreie Stadt),2014,19013.0,4477.0
Baden-Baden,kreisfreie Stadt,Baden-Baden (kreisfreie Stadt),2015,20778.0,4906.0
Baden-Baden,kreisfreie Stadt,Baden-Baden (kreisfreie Stadt),2016,19327.0,4535.0
Baden-Baden,kreisfreie Stadt,Baden-Baden (kreisfreie Stadt),2017,20576.0,4638.0
Baden-Baden,kreisfreie Stadt,Baden-Baden (kreisfreie Stadt),2018,19548.0,4357.0
Baden-Baden,kreisfreie Stadt,Baden-Baden (kreisfreie Stadt),2019,23987.0,5320.0
Baden-Baden,kreisfreie Stadt,Baden-Baden (kreisfreie Stadt),2020,17144.0,3924.0
Baden-Baden,kreisfreie Stadt,Baden-Baden (kreisfreie Stadt),2021,14274.0,3380.0
Baden-Baden,kreisfreie Stadt,Baden-Baden (kreisfreie Stadt),2022,23322.0,5481.0
Baden-Baden,kreisfreie Stadt,Baden-Baden (kreisfreie Stadt),2023,17674.0,4348.0
Biberach,Landkreis,Biberach (Landkreis),1995,102086.0,4398.0
Biberach,Landkreis,Biberach (Landkreis),1996,105228.0,4624.0
Biberach,Landkreis,Biberach (Landkreis),1997,149037.0,6404.0
Biberach,Landkreis,Biberach (Landkreis),1998,128434.0,5446.0
Biberach,Landkreis,Biberach (Landkreis),1999,138980.0,5744.0
Biberach,Landkreis,Biberach (Landkreis),2000,194339.0,7760.0
Biberach,Landkreis,Biberach (Landkreis),2001,251043.0,9585.0
Biberach,Landkreis,Biberach (Landkreis),2002,284113.0,10663.0
Biberach,Landkreis,Biberach (Landkreis),2003,243073.0,8805.0
Biberach,Landkreis,Biberach (Landkreis),2004,200840.0,7194.0
Biberach,Landkreis,Biberach (Landkreis),2005,211003.0,7403.0
Biberach,Landkreis,Biberach (Landkreis),2006,259356.0,8743.0
Biberach,Landkreis,Biberach (Landkreis),2007,344023.0,11076.0
Biberach,Landkreis,Biberach (Landkreis),2008,318933.0,9849.0
Biberach,Landkreis,Biberach (Landkreis),2009,262248.0,8365.0
Biberach,Landkreis,Biberach (Landkreis),2010,222729.0,7069.0
Biberach,Landkreis,Biberach (Landkreis),2011,246037.0,7566.0
Biberach,Landkreis,Biberach (Landkreis),2012,281742.0,8436.0
Biberach,Landkreis,Biberach (Landkreis),2013,290915.0,8521.0
Biberach,Landkreis,Biberach (Landkreis),2014,290150.0,8220.0
Biberach,Landkreis,Biberach (Landkreis),2015,299558.0,8438.0
Biberach,Landkreis,Biberach (Landkreis),2016,342883.0,9226.0
Biberach,Landkreis,Biberach (Landkreis),2017,346819.0,9142.0
Biberach,Landkreis,Biberach (Landkreis),2018,357612.0,8886.0
Biberach,Landkreis,Biberach (Landkreis),2019,396197.0,9762.0
Biberach,Landkreis,Biberach (Landkreis),2020,329118.0,8200.0
Biberach,Landkreis,Biberach (Landkreis),2021,368786.0,9164.0
Biberach,Landkreis,Biberach (Landkreis),2022,417132.0,10199.0
Biberach,Landkreis,Biberach (Landkreis),2023,459001.0,11033.0
Bodenseekreis,Landkreis,Bodenseekreis (Landkreis),1995,120389.0,4722.0
Bodenseekreis,Landkreis,Bodenseekreis (Landkreis),1996,194350.0,7558.0
Bodenseekreis,Landkreis,Bodenseekreis (Landkreis),1997,156351.0,6104.0
Bodenseekreis,Landkreis,Bodenseekreis (Landkreis),1998,173305.0,6471.0
Bodenseekreis,Landkreis,Bodenseekreis (Landkreis),1999,160012.0,5936.0
Bodenseekreis,Landkreis,Bodenseekreis (Landkreis),2000,265633.0,9564.0
Bodenseekreis,Landkreis,Bodenseekreis (Landkreis),2001,232391.0,8262.0
Bodenseekreis,Landkreis,Bodenseekreis (Landkreis),2002,166893.0,5993.0
Bodenseekreis,Landkreis,Bodenseekreis (Landkreis),2003,171992.0,6149.0
Bodenseekreis,Landkreis,Bodenseekreis (Landkreis),2004,148935.0,5474.0
Bodenseekreis,Landkreis,Bodenseekreis (Landkreis),2005,181497.0,6541.0
Bodenseekreis,Landkreis,Bodenseekreis (Landkreis),2006,208649.0,7335.0
Bodenseekreis,Landkreis,Bodenseekreis (Landkreis),2007,266494.0,8979.0
Bodenseekreis,Landkreis,Bodenseekreis (Landkreis),2008,350739.0,11038.0
Bodenseekreis,Landkreis,Bodenseekreis (Landkreis),2009,238209.0,7844.0
Bodenseekreis,Landkreis,Bodenseekreis (Landkreis),2010,168137.0,5558.0
Bodenseekreis,Landkreis,Bodenseekreis (Landkreis),2011,236997.0,7367.0
Bodenseekreis,Landkreis,Bodenseekreis (Landkreis),2012,237976.0,7248.0
Bodenseekreis,Landkreis,Bodenseekreis (Landkreis),2013,283081.0,8256.0
Bodenseekreis,Landkreis,Bodenseekreis (Landkreis),2014,273450.0,8082.0
Bodenseekreis,Landkreis,Bodenseekreis (Landkreis),2015,225728.0,6638.0
Bodenseekreis,Landkreis,Bodenseekreis (Landkreis),2016,239236.0,6961.0
Bodenseekreis,Landkreis,Bodenseekreis (Landkreis),2017,169630.0,4874.0
Bodenseekreis,Landkreis,Bodenseekreis (Landkreis),2018,275277.0,7654.0
Bodenseekreis,Landkreis,Bodenseekreis (Landkreis),2019,384876.0,10408.0
Bodenseekreis,Landkreis,Bodenseekreis (Landkreis),2020,240235.0,6742.0
Bodenseekreis,Landkreis,Bodenseekreis (Landkreis),2021,273037.0,7653.0
Bodenseekreis,Landkreis,Bodenseekreis (Landkreis),2022,348751.0,9538.0
Bodenseekreis,Landkreis,Bodenseekreis (Landkreis),2023,386854.0,10311.0
Breisgau-Hochschwarzwald,Landkreis,Breisgau-Hochschwarzwald (Landkreis),1995,108001.0,6790.0
Breisgau-Hochschwarzwald,Landkreis,Breisgau-Hochschwarzwald (Landkreis),1996,86546.0,5770.0
Breisgau-Hochschwarzwald,Landkreis,Breisgau-Hochschwarzwald (Landkreis),1997,101617.0,6562.0
Breisgau-Hochschwarzwald,Landkreis,Breisgau-Hochschwarzwald (Landkreis),1998,151718.0,9144.0
Breisgau-Hochschwarzwald,Landkreis,Breisgau-Hochschwarzwald (Landkreis),1999,138882.0,8338.0
Breisgau-Hochschwarzwald,Landkreis,Breisgau-Hochschwarzwald (Landkreis),2000,104326.0,6125.0
Breisgau-Hochschwarzwald,Landkreis,Breisgau-Hochschwarzwald (Landkreis),2001,123392.0,7099.0
Breisgau-Hochschwarzwald,Landkreis,Breisgau-Hochschwarzwald (Landkreis),2002,105860.0,6274.0
Breisgau-Hochschwarzwald,Landkreis,Breisgau-Hochschwarzwald (Landkreis),2003,114572.0,6822.0
Breisgau-Hochschwarzwald,Landkreis,Breisgau-Hochschwarzwald (Landkreis),2004,102626.0,6249.0
Breisgau-Hochschwarzwald,Landkreis,Breisgau-Hochschwarzwald (Landkreis),2005,109297.0,6893.0
Breisgau-Hochschwarzwald,Landkreis,Breisgau-Hochschwarzwald (Landkreis),2006,123008.0,7702.0
Breisgau-Hochschwarzwald,Landkreis,Breisgau-Hochschwarzwald (Landkreis),2007,147035.0,8835.0
Breisgau-Hochschwarzwald,Landkreis,Breisgau-Hochschwarzwald (Landkreis),2008,122967.0,7261.0
Breisgau-Hochschwarzwald,Landkreis,Breisgau-Hochschwarzwald (Landkreis),2009,132694.0,8278.0
Breisgau-Hochschwarzwald,Landkreis,Breisgau-Hochschwarzwald (Landkreis),2010,141525.0,8303.0
Breisgau-Hochschwarzwald,Landkreis,Breisgau-Hochschwarzwald (Landkreis),2011,140824.0,7698.0
Breisgau-Hochschwarzwald,Landkreis,Breisgau-Hochschwarzwald (Landkreis),2012,138316.0,7547.0
Breisgau-Hochschwarzwald,Landkreis,Breisgau-Hochschwarzwald (Landkreis),2013,127863.0,6732.0
Breisgau-Hochschwarzwald,Landkreis,Breisgau-Hochschwarzwald (Landkreis),2014,142673.0,7257.0
Breisgau-Hochschwarzwald,Landkreis,Breisgau-Hochschwarzwald (Landkreis),2015,194079.0,9802.0
Breisgau-Hochschwarzwald,Landkreis,Breisgau-Hochschwarzwald (Landkreis),2016,150649.0,7451.0
Breisgau-Hochschwarzwald,Landkreis,Breisgau-Hochschwarzwald (Landkreis),2017,163039.0,7898.0
Breisgau-Hochschwarzwald,Landkreis,Breisgau-Hochschwarzwald (Landkreis),2018,183113.0,8458.0
Breisgau-Hochschwarzwald,Landkreis,Breisgau-Hochschwarzwald (Landkreis),2019,142282.0,6559.0
Breisgau-Hochschwarzwald,Landkreis,Breisgau-Hochschwarzwald (Landkreis),2020,105548.0,4998.0
Breisgau-Hochschwarzwald,Landkreis,Breisgau-Hochschwarzwald (Landkreis),2021,201179.0,9624.0
Breisgau-Hochschwarzwald,Landkreis,Breisgau-Hochschwarzwald (Landkreis),2022,162506.0,7656.0
Breisgau-Hochschwarzwald,Landkreis,Breisgau-Hochschwarzwald (Landkreis),2023,202218.0,9377.0
Böblingen,Landkreis,Böblingen (Landkreis),1995,440139.0,6580.0
Böblingen,Landkreis,Böblingen (Landkreis),1996,584469.0,8694.0
Böblingen,Landkreis,Böblingen (Landkreis),1997,556909.0,8276.0
Böblingen,Landkreis,Böblingen (Landkreis),1998,310449.0,4628.0
Böblingen,Landkreis,Böblingen (Landkreis),1999,661754.0,9082.0
Böblingen,Landkreis,Böblingen (Landkreis),2000,531259.0,7111.0
Böblingen,Landkreis,Böblingen (Landkreis),2001,703300.0,9266.0
Böblingen,Landkreis,Böblingen (Landkreis),2002,636304.0,8368.0
Böblingen,Landkreis,Böblingen (Landkreis),2003,679043.0,9105.0
Böblingen,Landkreis,Böblingen (Landkreis),2004,682364.0,9271.0
Böblingen,Landkreis,Böblingen (Landkreis),2005,522851.0,7414.0
Böblingen,Landkreis,Böblingen (Landkreis),2006,713981.0,10644.0
Böblingen,Landkreis,Böblingen (Landkreis),2007,733994.0,10998.0
Böblingen,Landkreis,Böblingen (Landkreis),2008,1012736.0,14918.0
Böblingen,Landkreis,Böblingen (Landkreis),2009,665282.0,10422.0
Böblingen,Landkreis,Böblingen (Landkreis),2010,938086.0,14611.0
Böblingen,Landkreis,Böblingen (Landkreis),2011,730380.0,11095.0
Böblingen,Landkreis,Böblingen (Landkreis),2012,1132147.0,16998.0
Böblingen,Landkreis,Böblingen (Landkreis),2013,1042811.0,15267.0
Böblingen,Landkreis,Böblingen (Landkreis),2014,1074207.0,15229.0
Böblingen,Landkreis,Böblingen (Landkreis),2015,1121881.0,15863.0
Böblingen,Landkreis,Böblingen (Landkreis),2016,1100130.0,15043.0
Böblingen,Landkreis,Böblingen (Landkreis),2017,1044605.0,13999.0
Böblingen,Landkreis,Böblingen (Landkreis),2018,1090310.0,14255.0
Böblingen,Landkreis,Böblingen (Landkreis),2019,1447716.0,18890.0
Böblingen,Landkreis,Böblingen (Landkreis),2020,1304382.0,17565.0
Böblingen,Landkreis,Böblingen (Landkreis),2021,1120984.0,15694.0
Böblingen,Landkreis,Böblingen (Landkreis),2022,972356.0,13276.0
Böblingen,Landkreis,Böblingen (Landkreis),2023,557195.0,7511.0
Calw,Landkreis,Calw (Landkreis),1995,72648.0,6489.0
Calw,Landkreis,Calw (Landkreis),1996,57432.0,5428.0
Calw,Landkreis,Calw (Landkreis),1997,55077.0,5192.0
Calw,Landkreis,Calw (Landkreis),1998,56549.0,5427.0
Calw,Landkreis,Calw (Landkreis),1999,57007.0,5700.0
Calw,Landkreis,Calw (Landkreis),2000,69575.0,7051.0
Calw,Landkreis,Calw (Landkreis),2001,102317.0,9972.0
Calw,Landkreis,Calw (Landkreis),2002,72916.0,7170.0
Calw,Landkreis,Calw (Landkreis),2003,87879.0,8971.0
Calw,Landkreis,Calw (Landkreis),2004,75539.0,7383.0
Calw,Landkreis,Calw (Landkreis),2005,80758.0,7716.0
Calw,Landkreis,Calw (Landkreis),2006,74573.0,6871.0
Calw,Landkreis,Calw (Landkreis),2007,88565.0,7936.0
Calw,Landkreis,Calw (Landkreis),2008,95269.0,8340.0
Calw,Landkreis,Calw (Landkreis),2009,72744.0,6800.0
Calw,Landkreis,Calw (Landkreis),2010,44083.0,4101.0
Calw,Landkreis,Calw (Landkreis),2011,101058.0,9068.0
Calw,Landkreis,Calw (Landkreis),2012,85771.0,7490.0
Calw,Landkreis,Calw (Landkreis),2013,72961.0,6405.0
Calw,Landkreis,Calw (Landkreis),2014,77554.0,6897.0
Calw,Landkreis,Calw (Landkreis),2015,71588.0,6472.0
Calw,Landkreis,Calw (Landkreis),2016,56981.0,5109.0
Calw,Landkreis,Calw (Landkreis),2017,65603.0,5840.0
Calw,Landkreis,Calw (Landkreis),2018,137418.0,11752.0
Calw,Landkreis,Calw (Landkreis),2019,90574.0,7977.0
Calw,Landkreis,Calw (Landkreis),2020,80934.0,7238.0
Calw,Landkreis,Calw (Landkreis),2021,81184.0,7160.0
Calw,Landkreis,Calw (Landkreis),2022,95086.0,8009.0
Calw,Landkreis,Calw (Landkreis),2023,98167.0,8235.0
Emmendingen,Landkreis,Emmendingen (Landkreis),1995,65532.0,4796.0
Emmendingen,Landkreis,Emmendingen (Landkreis),1996,53903.0,4147.0
Emmendingen,Landkreis,Emmendingen (Landkreis),1997,60910.0,4709.0
Emmendingen,Landkreis,Emmendingen (Landkreis),1998,63025.0,4826.0
Emmendingen,Landkreis,Emmendingen (Landkreis),1999,77275.0,5833.0
Emmendingen,Landkreis,Emmendingen (Landkreis),2000,96935.0,7028.0
Emmendingen,Landkreis,Emmendingen (Landkreis),2001,108796.0,7807.0
Emmendingen,Landkreis,Emmendingen (Landkreis),2002,70497.0,5369.0
Emmendingen,Landkreis,Emmendingen (Landkreis),2003,65926.0,5048.0
Emmendingen,Landkreis,Emmendingen (Landkreis),2004,74958.0,5763.0
Emmendingen,Landkreis,Emmendingen (Landkreis),2005,73112.0,5676.0
Emmendingen,Landkreis,Emmendingen (Landkreis),2006,73722.0,5657.0
Emmendingen,Landkreis,Emmendingen (Landkreis),2007,72522.0,5317.0
Emmendingen,Landkreis,Emmendingen (Landkreis),2008,103393.0,7500.0
Emmendingen,Landkreis,Emmendingen (Landkreis),2009,68414.0,5273.0
Emmendingen,Landkreis,Emmendingen (Landkreis),2010,67323.0,5155.0
Emmendingen,Landkreis,Emmendingen (Landkreis),2011,86185.0,6262.0
Emmendingen,Landkreis,Emmendingen (Landkreis),2012,103366.0,7448.0
Emmendingen,Landkreis,Emmendingen (Landkreis),2013,98267.0,6937.0
Emmendingen,Landkreis,Emmendingen (Landkreis),2014,136834.0,9343.0
Emmendingen,Landkreis,Emmendingen (Landkreis),2015,115944.0,7753.0
Emmendingen,Landkreis,Emmendingen (Landkreis),2016,130565.0,8395.0
Emmendingen,Landkreis,Emmendingen (Landkreis),2017,131470.0,8146.0
Emmendingen,Landkreis,Emmendingen (Landkreis),2018,158512.0,9402.0
Emmendingen,Landkreis,Emmendingen (Landkreis),2019,132216.0,7741.0
Emmendingen,Landkreis,Emmendingen (Landkreis),2020,98866.0,5851.0
Emmendingen,Landkreis,Emmendingen (Landkreis),2021,103141.0,6085.0
Emmendingen,Landkreis,Emmendingen (Landkreis),2022,140229.0,7806.0
Emmendingen,Landkreis,Emmendingen (Landkreis),2023,137701.0,7520.0
Enzkreis,Landkreis,Enzkreis (Landkreis),1995,117362.0,5125.0
Enzkreis,Landkreis,Enzkreis (Landkreis),1996,117286.0,5192.0
Enzkreis,Landkreis,Enzkreis (Landkreis),1997,123398.0,5353.0
Enzkreis,Landkreis,Enzkreis (Landkreis),1998,151503.0,6224.0
Enzkreis,Landkreis,Enzkreis (Landkreis),1999,158868.0,6554.0
Enzkreis,Landkreis,Enzkreis (Landkreis),2000,148136.0,6063.0
Enzkreis,Landkreis,Enzkreis (Landkreis),2001,132744.0,5403.0
Enzkreis,Landkreis,Enzkreis (Landkreis),2002,115153.0,4719.0
Enzkreis,Landkreis,Enzkreis (Landkreis),2003,136467.0,5752.0
Enzkreis,Landkreis,Enzkreis (Landkreis),2004,120890.0,5100.0
Enzkreis,Landkreis,Enzkreis (Landkreis),2005,121784.0,5046.0
Enzkreis,Landkreis,Enzkreis (Landkreis),2006,161740.0,6530.0
Enzkreis,Landkreis,Enzkreis (Landkreis),2007,159228.0,6239.0
Enzkreis,Landkreis,Enzkreis (Landkreis),2008,134517.0,5269.0
Enzkreis,Landkreis,Enzkreis (Landkreis),2009,86864.0,3803.0
Enzkreis,Landkreis,Enzkreis (Landkreis),2010,98769.0,4300.0
Enzkreis,Landkreis,Enzkreis (Landkreis),2011,121784.0,5028.0
Enzkreis,Landkreis,Enzkreis (Landkreis),2012,143102.0,5809.0
Enzkreis,Landkreis,Enzkreis (Landkreis),2013,140096.0,5652.0
Enzkreis,Landkreis,Enzkreis (Landkreis),2014,163895.0,6646.0
Enzkreis,Landkreis,Enzkreis (Landkreis),2015,147380.0,5817.0
Enzkreis,Landkreis,Enzkreis (Landkreis),2016,150602.0,5820.0
Enzkreis,Landkreis,Enzkreis (Landkreis),2017,183035.0,6943.0
Enzkreis,Landkreis,Enzkreis (Landkreis),2018,190400.0,6956.0
Enzkreis,Landkreis,Enzkreis (Landkreis),2019,205339.0,7366.0
Enzkreis,Landkreis,Enzkreis (Landkreis),2020,144354.0,5378.0
Enzkreis,Landkreis,Enzkreis (Landkreis),2021,125486.0,4606.0
Enzkreis,Landkreis,Enzkreis (Landkreis),2022,157322.0,5789.0
Enzkreis,Landkreis,Enzkreis (Landkreis),2023,184549.0,6801.0
Esslingen,Landkreis,Esslingen (Landkreis),1995,315820.0,4306.0
Esslingen,Landkreis,Esslingen (Landkreis),1996,402467.0,5706.0
Esslingen,Landkreis,Esslingen (Landkreis),1997,470708.0,6736.0
Esslingen,Landkreis,Esslingen (Landkreis),1998,416319.0,5970.0
Esslingen,Landkreis,Esslingen (Landkreis),1999,619582.0,9163.0
Esslingen,Landkreis,Esslingen (Landkreis),2000,478571.0,7033.0
Esslingen,Landkreis,Esslingen (Landkreis),2001,637038.0,9157.0
Esslingen,Landkreis,Esslingen (Landkreis),2002,437192.0,6389.0
Esslingen,Landkreis,Esslingen (Landkreis),2003,459593.0,6835.0
Esslingen,Landkreis,Esslingen (Landkreis),2004,495247.0,7360.0
Esslingen,Landkreis,Esslingen (Landkreis),2005,436864.0,6693.0
Esslingen,Landkreis,Esslingen (Landkreis),2006,517552.0,8086.0
Esslingen,Landkreis,Esslingen (Landkreis),2007,577507.0,8938.0
Esslingen,Landkreis,Esslingen (Landkreis),2008,522948.0,7971.0
Esslingen,Landkreis,Esslingen (Landkreis),2009,237843.0,3933.0
Esslingen,Landkreis,Esslingen (Landkreis),2010,295686.0,4946.0
Esslingen,Landkreis,Esslingen (Landkreis),2011,389898.0,6378.0
Esslingen,Landkreis,Esslingen (Landkreis),2012,421831.0,6827.0
Esslingen,Landkreis,Esslingen (Landkreis),2013,592385.0,9448.0
Esslingen,Landkreis,Esslingen (Landkreis),2014,490741.0,7648.0
Esslingen,Landkreis,Esslingen (Landkreis),2015,644754.0,9994.0
Esslingen,Landkreis,Esslingen (Landkreis),2016,493780.0,7818.0
Esslingen,Landkreis,Esslingen (Landkreis),2017,466907.0,7305.0
Esslingen,Landkreis,Esslingen (Landkreis),2018,532755.0,8299.0
Esslingen,Landkreis,Esslingen (Landkreis),2019,502212.0,8005.0
Esslingen,Landkreis,Esslingen (Landkreis),2020,351803.0,5849.0
Esslingen,Landkreis,Esslingen (Landkreis),2021,258365.0,4372.0
Esslingen,Landkreis,Esslingen (Landkreis),2022,310771.0,5070.0
Esslingen,Landkreis,Esslingen (Landkreis),2023,364952.0,5958.0
Freiburg im Breisgau,kreisfreie Stadt,Freiburg im Breisgau (kreisfreie Stadt),1995,111721.0,7777.0
Freiburg im Breisgau,kreisfreie Stadt,Freiburg im Breisgau (kreisfreie Stadt),1996,105619.0,7840.0
Freiburg im Breisgau,kreisfreie Stadt,Freiburg im Breisgau (kreisfreie Stadt),1997,155054.0,11489.0
Freiburg im Breisgau,kreisfreie Stadt,Freiburg im Breisgau (kreisfreie Stadt),1998,126960.0,8902.0
Freiburg im Breisgau,kreisfreie Stadt,Freiburg im Breisgau (kreisfreie Stadt),1999,109240.0,7780.0
Freiburg im Breisgau,kreisfreie Stadt,Freiburg im Breisgau (kreisfreie Stadt),2000,141268.0,10032.0
Freiburg im Breisgau,kreisfreie Stadt,Freiburg im Breisgau (kreisfreie Stadt),2001,211704.0,15686.0
Freiburg im Breisgau,kreisfreie Stadt,Freiburg im Breisgau (kreisfreie Stadt),2002,76781.0,5772.0
Freiburg im Breisgau,kreisfreie Stadt,Freiburg im Breisgau (kreisfreie Stadt),2003,77635.0,6072.0
Freiburg im Breisgau,kreisfreie Stadt,Freiburg im Breisgau (kreisfreie Stadt),2004,94739.0,7585.0
Freiburg im Breisgau,kreisfreie Stadt,Freiburg im Breisgau (kreisfreie Stadt),2005,86813.0,7024.0
Freiburg im Breisgau,kreisfreie Stadt,Freiburg im Breisgau (kreisfreie Stadt),2006,71681.0,5859.0
Freiburg im Breisgau,kreisfreie Stadt,Freiburg im Breisgau (kreisfreie Stadt),2007,60399.0,4993.0
Freiburg im Breisgau,kreisfreie Stadt,Freiburg im Breisgau (kreisfreie Stadt),2008,88991.0,7218.0
Freiburg im Breisgau,kreisfreie Stadt,Freiburg im Breisgau (kreisfreie Stadt),2009,56756.0,5738.0
Freiburg im Breisgau,kreisfreie Stadt,Freiburg im Breisgau (kreisfreie Stadt),2010,67517.0,6909.0
Freiburg im Breisgau,kreisfreie Stadt,Freiburg im Breisgau (kreisfreie Stadt),2011,74448.0,7731.0
Freiburg im Breisgau,kreisfreie Stadt,Freiburg im Breisgau (kreisfreie Stadt),2012,74232.0,7835.0
Freiburg im Breisgau,kreisfreie Stadt,Freiburg im Breisgau (kreisfreie Stadt),2013,77447.0,7909.0
Freiburg im Breisgau,kreisfreie Stadt,Freiburg im Breisgau (kreisfreie Stadt),2014,92945.0,9411.0
Freiburg im Breisgau,kreisfreie Stadt,Freiburg im Breisgau (kreisfreie Stadt),2015,85674.0,8871.0
Freiburg im Breisgau,kreisfreie Stadt,Freiburg im Breisgau (kreisfreie Stadt),2016,85544.0,8819.0
Freiburg im Breisgau,kreisfreie Stadt,Freiburg im Breisgau (kreisfreie Stadt),2017,64317.0,6429.0
Freiburg im Breisgau,kreisfreie Stadt,Freiburg im Breisgau (kreisfreie Stadt),2018,104978.0,9862.0
Freiburg im Breisgau,kreisfreie Stadt,Freiburg im Breisgau (kreisfreie Stadt),2019,92460.0,8492.0
Freiburg im Breisgau,kreisfreie Stadt,Freiburg im Breisgau (kreisfreie Stadt),2020,85620.0,7702.0
Freiburg im Breisgau,kreisfreie Stadt,Freiburg im Breisgau (kreisfreie Stadt),2021,85918.0,7295.0
Freiburg im Breisgau,kreisfreie Stadt,Freiburg im Breisgau (kreisfreie Stadt),2022,120177.0,9934.0
Freiburg im Breisgau,kreisfreie Stadt,Freiburg im Breisgau (kreisfreie Stadt),2023,242362.0,19989.0
Freudenstadt,Landkreis,Freudenstadt (Landkreis),1995,89162.0,6349.0
Freudenstadt,Landkreis,Freudenstadt (Landkreis),1996,74956.0,5471.0
Freudenstadt,Landkreis,Freudenstadt (Landkreis),1997,91770.0,6444.0
Freudenstadt,Landkreis,Freudenstadt (Landkreis),1998,103761.0,6908.0
Freudenstadt,Landkreis,Freudenstadt (Landkreis),1999,102028.0,6701.0
Freudenstadt,Landkreis,Freudenstadt (Landkreis),2000,145645.0,9294.0
Freudenstadt,Landkreis,Freudenstadt (Landkreis),2001,116367.0,7174.0
Freudenstadt,Landkreis,Freudenstadt (Landkreis),2002,94419.0,5864.0
Freudenstadt,Landkreis,Freudenstadt (Landkreis),2003,75048.0,4835.0
Freudenstadt,Landkreis,Freudenstadt (Landkreis),2004,101178.0,6507.0
Freudenstadt,Landkreis,Freudenstadt (Landkreis),2005,91288.0,5804.0
Freudenstadt,Landkreis,Freudenstadt (Landkreis),2006,166693.0,10479.0
Freudenstadt,Landkreis,Freudenstadt (Landkreis),2007,141074.0,8364.0
Freudenstadt,Landkreis,Freudenstadt (Landkreis),2008,185379.0,10495.0
Freudenstadt,Landkreis,Freudenstadt (Landkreis),2009,121096.0,7207.0
Freudenstadt,Landkreis,Freudenstadt (Landkreis),2010,75263.0,4471.0
Freudenstadt,Landkreis,Freudenstadt (Landkreis),2011,102888.0,5931.0
Freudenstadt,Landkreis,Freudenstadt (Landkreis),2012,75475.0,4338.0
Freudenstadt,Landkreis,Freudenstadt (Landkreis),2013,80732.0,4701.0
Freudenstadt,Landkreis,Freudenstadt (Landkreis),2014,105165.0,6149.0
Freudenstadt,Landkreis,Freudenstadt (Landkreis),2015,103805.0,6024.0
Freudenstadt,Landkreis,Freudenstadt (Landkreis),2016,148967.0,8631.0
Freudenstadt,Landkreis,Freudenstadt (Landkreis),2017,116174.0,6499.0
Freudenstadt,Landkreis,Freudenstadt (Landkreis),2018,124969.0,6705.0
Freudenstadt,Landkreis,Freudenstadt (Landkreis),2019,126118.0,6623.0
Freudenstadt,Landkreis,Freudenstadt (Landkreis),2020,122027.0,6541.0
Freudenstadt,Landkreis,Freudenstadt (Landkreis),2021,131506.0,6947.0
Freudenstadt,Landkreis,Freudenstadt (Landkreis),2022,148194.0,7635.0
Freudenstadt,Landkreis,Freudenstadt (Landkreis),2023,161290.0,8276.0
Göppingen,Landkreis,Göppingen (Landkreis),1995,136691.0,4358.0
Göppingen,Landkreis,Göppingen (Landkreis),1996,118206.0,3883.0
Göppingen,Landkreis,Göppingen (Landkreis),1997,111071.0,3646.0
Göppingen,Landkreis,Göppingen (Landkreis),1998,155571.0,5124.0
Göppingen,Landkreis,Göppingen (Landkreis),1999,144908.0,4824.0
Göppingen,Landkreis,Göppingen (Landkreis),2000,159854.0,5276.0
Göppingen,Landkreis,Göppingen (Landkreis),2001,182666.0,6028.0
Göppingen,Landkreis,Göppingen (Landkreis),2002,155209.0,5131.0
Göppingen,Landkreis,Göppingen (Landkreis),2003,150669.0,5155.0
Göppingen,Landkreis,Göppingen (Landkreis),2004,135474.0,4790.0
Göppingen,Landkreis,Göppingen (Landkreis),2005,122734.0,4458.0
Göppingen,Landkreis,Göppingen (Landkreis),2006,124053.0,4509.0
Göppingen,Landkreis,Göppingen (Landkreis),2007,152051.0,5406.0
Göppingen,Landkreis,Göppingen (Landkreis),2008,158217.0,5547.0
Göppingen,Landkreis,Göppingen (Landkreis),2009,94107.0,3803.0
Göppingen,Landkreis,Göppingen (Landkreis),2010,88676.0,3686.0
Göppingen,Landkreis,Göppingen (Landkreis),2011,110731.0,4438.0
Göppingen,Landkreis,Göppingen (Landkreis),2012,136710.0,5190.0
Göppingen,Landkreis,Göppingen (Landkreis),2013,123547.0,4636.0
Göppingen,Landkreis,Göppingen (Landkreis),2014,159751.0,5938.0
Göppingen,Landkreis,Göppingen (Landkreis),2015,152776.0,5705.0
Göppingen,Landkreis,Göppingen (Landkreis),2016,127633.0,4852.0
Göppingen,Landkreis,Göppingen (Landkreis),2017,147292.0,5237.0
Göppingen,Landkreis,Göppingen (Landkreis),2018,158226.0,5458.0
Göppingen,Landkreis,Göppingen (Landkreis),2019,165899.0,5900.0
Göppingen,Landkreis,Göppingen (Landkreis),2020,128279.0,4939.0
Göppingen,Landkreis,Göppingen (Landkreis),2021,111726.0,4477.0
Göppingen,Landkreis,Göppingen (Landkreis),2022,110393.0,4494.0
Göppingen,Landkreis,Göppingen (Landkreis),2023,115701.0,4869.0
Heidelberg,kreisfreie Stadt,Heidelberg (kreisfreie Stadt),1995,56808.0,4855.0
Heidelberg,kreisfreie Stadt,Heidelberg (kreisfreie Stadt),1996,74262.0,6605.0
Heidelberg,kreisfreie Stadt,Heidelberg (kreisfreie Stadt),1997,66666.0,5840.0
Heidelberg,kreisfreie Stadt,Heidelberg (kreisfreie Stadt),1998,100984.0,8733.0
Heidelberg,kreisfreie Stadt,Heidelberg (kreisfreie Stadt),1999,60972.0,5572.0
Heidelberg,kreisfreie Stadt,Heidelberg (kreisfreie Stadt),2000,120763.0,10742.0
Heidelberg,kreisfreie Stadt,Heidelberg (kreisfreie Stadt),2001,74820.0,6733.0
Heidelberg,kreisfreie Stadt,Heidelberg (kreisfreie Stadt),2002,61005.0,5383.0
Heidelberg,kreisfreie Stadt,Heidelberg (kreisfreie Stadt),2003,59202.0,5403.0
Heidelberg,kreisfreie Stadt,Heidelberg (kreisfreie Stadt),2004,63472.0,6007.0
Heidelberg,kreisfreie Stadt,Heidelberg (kreisfreie Stadt),2005,50365.0,4677.0
Heidelberg,kreisfreie Stadt,Heidelberg (kreisfreie Stadt),2006,64071.0,5783.0
Heidelberg,kreisfreie Stadt,Heidelberg (kreisfreie Stadt),2007,77386.0,6757.0
Heidelberg,kreisfreie Stadt,Heidelberg (kreisfreie Stadt),2008,74860.0,6451.0
Heidelberg,kreisfreie Stadt,Heidelberg (kreisfreie Stadt),2009,68693.0,7096.0
Heidelberg,kreisfreie Stadt,Heidelberg (kreisfreie Stadt),2010,69198.0,7260.0
Heidelberg,kreisfreie Stadt,Heidelberg (kreisfreie Stadt),2011,63710.0,6719.0
Heidelberg,kreisfreie Stadt,Heidelberg (kreisfreie Stadt),2012,41089.0,4403.0
Heidelberg,kreisfreie Stadt,Heidelberg (kreisfreie Stadt),2013,66553.0,7239.0
Heidelberg,kreisfreie Stadt,Heidelberg (kreisfreie Stadt),2014,48830.0,5253.0
Heidelberg,kreisfreie Stadt,Heidelberg (kreisfreie Stadt),2015,60801.0,6865.0
Heidelberg,kreisfreie Stadt,Heidelberg (kreisfreie Stadt),2016,56465.0,6306.0
Heidelberg,kreisfreie Stadt,Heidelberg (kreisfreie Stadt),2017,50658.0,5555.0
Heidelberg,kreisfreie Stadt,Heidelberg (kreisfreie Stadt),2018,86581.0,9414.0
Heidelberg,kreisfreie Stadt,Heidelberg (kreisfreie Stadt),2019,108026.0,13009.0
Heidelberg,kreisfreie Stadt,Heidelberg (kreisfreie Stadt),2020,90446.0,11183.0
Heidelberg,kreisfreie Stadt,Heidelberg (kreisfreie Stadt),2021,70747.0,8631.0
Heidelberg,kreisfreie Stadt,Heidelberg (kreisfreie Stadt),2022,75215.0,9215.0
Heidelberg,kreisfreie Stadt,Heidelberg (kreisfreie Stadt),2023,73429.0,8904.0
Heidenheim,Landkreis,Heidenheim (Landkreis),1995,126020.0,5129.0
Heidenheim,Landkreis,Heidenheim (Landkreis),1996,155641.0,6770.0
Heidenheim,Landkreis,Heidenheim (Landkreis),1997,135942.0,5928.0
Heidenheim,Landkreis,Heidenheim (Landkreis),1998,146614.0,6229.0
Heidenheim,Landkreis,Heidenheim (Landkreis),1999,132221.0,5758.0
Heidenheim,Landkreis,Heidenheim (Landkreis),2000,163479.0,7031.0
Heidenheim,Landkreis,Heidenheim (Landkreis),2001,164976.0,7315.0
Heidenheim,Landkreis,Heidenheim (Landkreis),2002,119758.0,5506.0
Heidenheim,Landkreis,Heidenheim (Landkreis),2003,111666.0,5309.0
Heidenheim,Landkreis,Heidenheim (Landkreis),2004,115687.0,5772.0
Heidenheim,Landkreis,Heidenheim (Landkreis),2005,132659.0,6808.0
Heidenheim,Landkreis,Heidenheim (Landkreis),2006,130948.0,6753.0
Heidenheim,Landkreis,Heidenheim (Landkreis),2007,123769.0,6234.0
Heidenheim,Landkreis,Heidenheim (Landkreis),2008,156096.0,7653.0
Heidenheim,Landkreis,Heidenheim (Landkreis),2009,148181.0,7623.0
Heidenheim,Landkreis,Heidenheim (Landkreis),2010,107483.0,5591.0
Heidenheim,Landkreis,Heidenheim (Landkreis),2011,117584.0,5980.0
Heidenheim,Landkreis,Heidenheim (Landkreis),2012,96296.0,4835.0
Heidenheim,Landkreis,Heidenheim (Landkreis),2013,93432.0,5116.0
Heidenheim,Landkreis,Heidenheim (Landkreis),2014,136227.0,7543.0
Heidenheim,Landkreis,Heidenheim (Landkreis),2015,90727.0,5025.0
Heidenheim,Landkreis,Heidenheim (Landkreis),2016,125427.0,7094.0
Heidenheim,Landkreis,Heidenheim (Landkreis),2017,108077.0,6058.0
Heidenheim,Landkreis,Heidenheim (Landkreis),2018,100217.0,5549.0
Heidenheim,Landkreis,Heidenheim (Landkreis),2019,167755.0,9038.0
Heidenheim,Landkreis,Heidenheim (Landkreis),2020,141215.0,7702.0
Heidenheim,Landkreis,Heidenheim (Landkreis),2021,161419.0,8906.0
Heidenheim,Landkreis,Heidenheim (Landkreis),2022,139966.0,7581.0
Heidenheim,Landkreis,Heidenheim (Landkreis),2023,155346.0,8569.0
Heilbronn,Landkreis,Heilbronn (Landkreis),1995,218008.0,6524.0
Heilbronn,Landkreis,Heilbronn (Landkreis),1996,284090.0,8691.0
Heilbronn,Landkreis,Heilbronn (Landkreis),1997,363964.0,10289.0
Heilbronn,Landkreis,Heilbronn (Landkreis),1998,459722.0,12574.0
Heilbronn,Landkreis,Heilbronn (Landkreis),1999,490692.0,12844.0
Heilbronn,Landkreis,Heilbronn (Landkreis),2000,388100.0,9499.0
Heilbronn,Landkreis,Heilbronn (Landkreis),2001,459446.0,11115.0
Heilbronn,Landkreis,Heilbronn (Landkreis),2002,442385.0,10642.0
Heilbronn,Landkreis,Heilbronn (Landkreis),2003,483801.0,11481.0
Heilbronn,Landkreis,Heilbronn (Landkreis),2004,367630.0,8661.0
Heilbronn,Landkreis,Heilbronn (Landkreis),2005,325355.0,7541.0
Heilbronn,Landkreis,Heilbronn (Landkreis),2006,440556.0,9936.0
Heilbronn,Landkreis,Heilbronn (Landkreis),2007,556189.0,12052.0
Heilbronn,Landkreis,Heilbronn (Landkreis),2008,597495.0,12487.0
Heilbronn,Landkreis,Heilbronn (Landkreis),2009,582309.0,12676.0
Heilbronn,Landkreis,Heilbronn (Landkreis),2010,541985.0,11688.0
Heilbronn,Landkreis,Heilbronn (Landkreis),2011,543906.0,11531.0
Heilbronn,Landkreis,Heilbronn (Landkreis),2012,531456.0,11027.0
Heilbronn,Landkreis,Heilbronn (Landkreis),2013,661725.0,13608.0
Heilbronn,Landkreis,Heilbronn (Landkreis),2014,743190.0,14897.0
Heilbronn,Landkreis,Heilbronn (Landkreis),2015,801747.0,15746.0
Heilbronn,Landkreis,Heilbronn (Landkreis),2016,835207.0,15915.0
Heilbronn,Landkreis,Heilbronn (Landkreis),2017,1268931.0,23304.0
Heilbronn,Landkreis,Heilbronn (Landkreis),2018,1144151.0,20241.0
Heilbronn,Landkreis,Heilbronn (Landkreis),2019,877500.0,15278.0
Heilbronn,Landkreis,Heilbronn (Landkreis),2020,583581.0,10677.0
Heilbronn,Landkreis,Heilbronn (Landkreis),2021,593416.0,10909.0
Heilbronn,Landkreis,Heilbronn (Landkreis),2022,694793.0,12710.0
Heilbronn,Landkreis,Heilbronn (Landkreis),2023,918642.0,16608.0
Heilbronn,kreisfreie Stadt,Heilbronn (kreisfreie Stadt),1995,118380.0,7038.0
Heilbronn,kreisfreie Stadt,Heilbronn (kreisfreie Stadt),1996,93948.0,5789.0
Heilbronn,kreisfreie Stadt,Heilbronn (kreisfreie Stadt),1997,99705.0,6084.0
Heilbronn,kreisfreie Stadt,Heilbronn (kreisfreie Stadt),1998,145335.0,9071.0
Heilbronn,kreisfreie Stadt,Heilbronn (kreisfreie Stadt),1999,123062.0,7942.0
Heilbronn,kreisfreie Stadt,Heilbronn (kreisfreie Stadt),2000,138760.0,8859.0
Heilbronn,kreisfreie Stadt,Heilbronn (kreisfreie Stadt),2001,94558.0,6051.0
Heilbronn,kreisfreie Stadt,Heilbronn (kreisfreie Stadt),2002,85384.0,5515.0
Heilbronn,kreisfreie Stadt,Heilbronn (kreisfreie Stadt),2003,70528.0,4639.0
Heilbronn,kreisfreie Stadt,Heilbronn (kreisfreie Stadt),2004,108992.0,7227.0
Heilbronn,kreisfreie Stadt,Heilbronn (kreisfreie Stadt),2005,88491.0,5945.0
Heilbronn,kreisfreie Stadt,Heilbronn (kreisfreie Stadt),2006,100050.0,6831.0
Heilbronn,kreisfreie Stadt,Heilbronn (kreisfreie Stadt),2007,71887.0,5368.0
Heilbronn,kreisfreie Stadt,Heilbronn (kreisfreie Stadt),2008,74304.0,5606.0
Heilbronn,kreisfreie Stadt,Heilbronn (kreisfreie Stadt),2009,62987.0,5272.0
Heilbronn,kreisfreie Stadt,Heilbronn (kreisfreie Stadt),2010,52922.0,4552.0
Heilbronn,kreisfreie Stadt,Heilbronn (kreisfreie Stadt),2011,60781.0,5153.0
Heilbronn,kreisfreie Stadt,Heilbronn (kreisfreie Stadt),2012,73010.0,6435.0
Heilbronn,kreisfreie Stadt,Heilbronn (kreisfreie Stadt),2013,78373.0,6981.0
Heilbronn,kreisfreie Stadt,Heilbronn (kreisfreie Stadt),2014,74141.0,6874.0
Heilbronn,kreisfreie Stadt,Heilbronn (kreisfreie Stadt),2015,55515.0,4832.0
Heilbronn,kreisfreie Stadt,Heilbronn (kreisfreie Stadt),2016,85413.0,7234.0
Heilbronn,kreisfreie Stadt,Heilbronn (kreisfreie Stadt),2017,78948.0,6640.0
Heilbronn,kreisfreie Stadt,Heilbronn (kreisfreie Stadt),2018,114085.0,9810.0
Heilbronn,kreisfreie Stadt,Heilbronn (kreisfreie Stadt),2019,115731.0,10091.0
Heilbronn,kreisfreie Stadt,Heilbronn (kreisfreie Stadt),2020,80161.0,7086.0
Heilbronn,kreisfreie Stadt,Heilbronn (kreisfreie Stadt),2021,108623.0,9342.0
Heilbronn,kreisfreie Stadt,Heilbronn (kreisfreie Stadt),2022,112414.0,9645.0
Heilbronn,kreisfreie Stadt,Heilbronn (kreisfreie Stadt),2023,108339.0,9450.0
Hohenlohekreis,Landkreis,Hohenlohekreis (Landkreis),1995,70791.0,4580.0
Hohenlohekreis,Landkreis,Hohenlohekreis (Landkreis),1996,74053.0,4797.0
Hohenlohekreis,Landkreis,Hohenlohekreis (Landkreis),1997,79513.0,4992.0
Hohenlohekreis,Landkreis,Hohenlohekreis (Landkreis),1998,97655.0,5878.0
Hohenlohekreis,Landkreis,Hohenlohekreis (Landkreis),1999,110971.0,6626.0
Hohenlohekreis,Landkreis,Hohenlohekreis (Landkreis),2000,111007.0,6430.0
Hohenlohekreis,Landkreis,Hohenlohekreis (Landkreis),2001,124129.0,7040.0
Hohenlohekreis,Landkreis,Hohenlohekreis (Landkreis),2002,130557.0,7690.0
Hohenlohekreis,Landkreis,Hohenlohekreis (Landkreis),2003,86209.0,5219.0
Hohenlohekreis,Landkreis,Hohenlohekreis (Landkreis),2004,91726.0,5555.0
Hohenlohekreis,Landkreis,Hohenlohekreis (Landkreis),2005,97917.0,5862.0
Hohenlohekreis,Landkreis,Hohenlohekreis (Landkreis),2006,109398.0,6281.0
Hohenlohekreis,Landkreis,Hohenlohekreis (Landkreis),2007,172292.0,9267.0
Hohenlohekreis,Landkreis,Hohenlohekreis (Landkreis),2008,178232.0,9615.0
Hohenlohekreis,Landkreis,Hohenlohekreis (Landkreis),2009,127589.0,7239.0
Hohenlohekreis,Landkreis,Hohenlohekreis (Landkreis),2010,96024.0,5251.0
Hohenlohekreis,Landkreis,Hohenlohekreis (Landkreis),2011,139632.0,7186.0
Hohenlohekreis,Landkreis,Hohenlohekreis (Landkreis),2012,147614.0,7287.0
Hohenlohekreis,Landkreis,Hohenlohekreis (Landkreis),2013,175366.0,8590.0
Hohenlohekreis,Landkreis,Hohenlohekreis (Landkreis),2014,152333.0,7200.0
Hohenlohekreis,Landkreis,Hohenlohekreis (Landkreis),2015,247422.0,11769.0
Hohenlohekreis,Landkreis,Hohenlohekreis (Landkreis),2016,197337.0,9033.0
Hohenlohekreis,Landkreis,Hohenlohekreis (Landkreis),2017,213175.0,9571.0
Hohenlohekreis,Landkreis,Hohenlohekreis (Landkreis),2018,223407.0,9649.0
Hohenlohekreis,Landkreis,Hohenlohekreis (Landkreis),2019,173836.0,7363.0
Hohenlohekreis,Landkreis,Hohenlohekreis (Landkreis),2020,170060.0,7393.0
Hohenlohekreis,Landkreis,Hohenlohekreis (Landkreis),2021,166999.0,7119.0
Hohenlohekreis,Landkreis,Hohenlohekreis (Landkreis),2022,214615.0,8932.0
Hohenlohekreis,Landkreis,Hohenlohekreis (Landkreis),2023,198420.0,8157.0
Karlsruhe,Landkreis,Karlsruhe (Landkreis),1995,234804.0,5819.0
Karlsruhe,Landkreis,Karlsruhe (Landkreis),1996,222851.0,5932.0
Karlsruhe,Landkreis,Karlsruhe (Landkreis),1997,201726.0,5447.0
Karlsruhe,Landkreis,Karlsruhe (Landkreis),1998,251999.0,6674.0
Karlsruhe,Landkreis,Karlsruhe (Landkreis),1999,289152.0,7582.0
Karlsruhe,Landkreis,Karlsruhe (Landkreis),2000,337873.0,8396.0
Karlsruhe,Landkreis,Karlsruhe (Landkreis),2001,363579.0,8741.0
Karlsruhe,Landkreis,Karlsruhe (Landkreis),2002,255351.0,6200.0
Karlsruhe,Landkreis,Karlsruhe (Landkreis),2003,235167.0,5799.0
Karlsruhe,Landkreis,Karlsruhe (Landkreis),2004,240143.0,6033.0
Karlsruhe,Landkreis,Karlsruhe (Landkreis),2005,244258.0,6219.0
Karlsruhe,Landkreis,Karlsruhe (Landkreis),2006,276084.0,6991.0
Karlsruhe,Landkreis,Karlsruhe (Landkreis),2007,322672.0,7910.0
Karlsruhe,Landkreis,Karlsruhe (Landkreis),2008,351672.0,8531.0
Karlsruhe,Landkreis,Karlsruhe (Landkreis),2009,233506.0,6089.0
Karlsruhe,Landkreis,Karlsruhe (Landkreis),2010,274244.0,7313.0
Karlsruhe,Landkreis,Karlsruhe (Landkreis),2011,304326.0,7866.0
Karlsruhe,Landkreis,Karlsruhe (Landkreis),2012,280140.0,7192.0
Karlsruhe,Landkreis,Karlsruhe (Landkreis),2013,281219.0,7313.0
Karlsruhe,Landkreis,Karlsruhe (Landkreis),2014,269375.0,6875.0
Karlsruhe,Landkreis,Karlsruhe (Landkreis),2015,299155.0,7657.0
Karlsruhe,Landkreis,Karlsruhe (Landkreis),2016,290488.0,7590.0
Karlsruhe,Landkreis,Karlsruhe (Landkreis),2017,314088.0,8132.0
Karlsruhe,Landkreis,Karlsruhe (Landkreis),2018,348948.0,9005.0
Karlsruhe,Landkreis,Karlsruhe (Landkreis),2019,332995.0,8451.0
Karlsruhe,Landkreis,Karlsruhe (Landkreis),2020,284067.0,7408.0
Karlsruhe,Landkreis,Karlsruhe (Landkreis),2021,282700.0,7286.0
Karlsruhe,Landkreis,Karlsruhe (Landkreis),2022,350694.0,9136.0
Karlsruhe,Landkreis,Karlsruhe (Landkreis),2023,387681.0,10400.0
Karlsruhe,kreisfreie Stadt,Karlsruhe (kreisfreie Stadt),1995,156011.0,5712.0
Karlsruhe,kreisfreie Stadt,Karlsruhe (kreisfreie Stadt),1996,114874.0,4552.0
Karlsruhe,kreisfreie Stadt,Karlsruhe (kreisfreie Stadt),1997,128529.0,5174.0
Karlsruhe,kreisfreie Stadt,Karlsruhe (kreisfreie Stadt),1998,182733.0,7436.0
Karlsruhe,kreisfreie Stadt,Karlsruhe (kreisfreie Stadt),1999,194917.0,8251.0
Karlsruhe,kreisfreie Stadt,Karlsruhe (kreisfreie Stadt),2000,133083.0,5793.0
Karlsruhe,kreisfreie Stadt,Karlsruhe (kreisfreie Stadt),2001,186330.0,8114.0
Karlsruhe,kreisfreie Stadt,Karlsruhe (kreisfreie Stadt),2002,123898.0,5523.0
Karlsruhe,kreisfreie Stadt,Karlsruhe (kreisfreie Stadt),2003,161868.0,7413.0
Karlsruhe,kreisfreie Stadt,Karlsruhe (kreisfreie Stadt),2004,219118.0,10445.0
Karlsruhe,kreisfreie Stadt,Karlsruhe (kreisfreie Stadt),2005,116535.0,5655.0
Karlsruhe,kreisfreie Stadt,Karlsruhe (kreisfreie Stadt),2006,161819.0,7749.0
Karlsruhe,kreisfreie Stadt,Karlsruhe (kreisfreie Stadt),2007,140930.0,6695.0
Karlsruhe,kreisfreie Stadt,Karlsruhe (kreisfreie Stadt),2008,127413.0,6075.0
Karlsruhe,kreisfreie Stadt,Karlsruhe (kreisfreie Stadt),2009,190801.0,9916.0
Karlsruhe,kreisfreie Stadt,Karlsruhe (kreisfreie Stadt),2010,167876.0,8757.0
Karlsruhe,kreisfreie Stadt,Karlsruhe (kreisfreie Stadt),2011,132484.0,6844.0
Karlsruhe,kreisfreie Stadt,Karlsruhe (kreisfreie Stadt),2012,163709.0,8565.0
Karlsruhe,kreisfreie Stadt,Karlsruhe (kreisfreie Stadt),2013,116708.0,6091.0
Karlsruhe,kreisfreie Stadt,Karlsruhe (kreisfreie Stadt),2014,180077.0,9361.0
Karlsruhe,kreisfreie Stadt,Karlsruhe (kreisfreie Stadt),2015,208126.0,11132.0
Karlsruhe,kreisfreie Stadt,Karlsruhe (kreisfreie Stadt),2016,136035.0,7333.0
Karlsruhe,kreisfreie Stadt,Karlsruhe (kreisfreie Stadt),2017,183476.0,9805.0
Karlsruhe,kreisfreie Stadt,Karlsruhe (kreisfreie Stadt),2018,142150.0,7545.0
Karlsruhe,kreisfreie Stadt,Karlsruhe (kreisfreie Stadt),2019,165150.0,8861.0
Karlsruhe,kreisfreie Stadt,Karlsruhe (kreisfreie Stadt),2020,201083.0,11373.0
Karlsruhe,kreisfreie Stadt,Karlsruhe (kreisfreie Stadt),2021,185437.0,10791.0
Karlsruhe,kreisfreie Stadt,Karlsruhe (kreisfreie Stadt),2022,145769.0,8222.0
Karlsruhe,kreisfreie Stadt,Karlsruhe (kreisfreie Stadt),2023,139574.0,7919.0
Konstanz,Landkreis,Konstanz (Landkreis),1995,153510.0,5891.0
Konstanz,Landkreis,Konstanz (Landkreis),1996,148863.0,5989.0
Konstanz,Landkreis,Konstanz (Landkreis),1997,144952.0,5814.0
Konstanz,Landkreis,Konstanz (Landkreis),1998,175542.0,7058.0
Konstanz,Landkreis,Konstanz (Landkreis),1999,167566.0,6955.0
Konstanz,Landkreis,Konstanz (Landkreis),2000,151234.0,6390.0
Konstanz,Landkreis,Konstanz (Landkreis),2001,173698.0,7432.0
Konstanz,Landkreis,Konstanz (Landkreis),2002,196739.0,8691.0
Konstanz,Landkreis,Konstanz (Landkreis),2003,166660.0,7495.0
Konstanz,Landkreis,Konstanz (Landkreis),2004,208852.0,9358.0
Konstanz,Landkreis,Konstanz (Landkreis),2005,176765.0,7922.0
Konstanz,Landkreis,Konstanz (Landkreis),2006,155906.0,7038.0
Konstanz,Landkreis,Konstanz (Landkreis),2007,154033.0,7105.0
Konstanz,Landkreis,Konstanz (Landkreis),2008,140863.0,6424.0
Konstanz,Landkreis,Konstanz (Landkreis),2009,131309.0,6609.0
Konstanz,Landkreis,Konstanz (Landkreis),2010,106133.0,5398.0
Konstanz,Landkreis,Konstanz (Landkreis),2011,150697.0,7419.0
Konstanz,Landkreis,Konstanz (Landkreis),2012,156124.0,7904.0
Konstanz,Landkreis,Konstanz (Landkreis),2013,158402.0,8319.0
Konstanz,Landkreis,Konstanz (Landkreis),2014,157919.0,8234.0
Konstanz,Landkreis,Konstanz (Landkreis),2015,178707.0,9334.0
Konstanz,Landkreis,Konstanz (Landkreis),2016,190222.0,9768.0
Konstanz,Landkreis,Konstanz (Landkreis),2017,161980.0,8152.0
Konstanz,Landkreis,Konstanz (Landkreis),2018,171345.0,8284.0
Konstanz,Landkreis,Konstanz (Landkreis),2019,194152.0,9417.0
Konstanz,Landkreis,Konstanz (Landkreis),2020,179158.0,8865.0
Konstanz,Landkreis,Konstanz (Landkreis),2021,182259.0,9012.0
Konstanz,Landkreis,Konstanz (Landkreis),2022,178581.0,8716.0
Konstanz,Landkreis,Konstanz (Landkreis),2023,180462.0,8688.0
Ludwigsburg,Landkreis,Ludwigsburg (Landkreis),1995,309135.0,5295.0
Ludwigsburg,Landkreis,Ludwigsburg (Landkreis),1996,291790.0,5138.0
Ludwigsburg,Landkreis,Ludwigsburg (Landkreis),1997,307016.0,5338.0
Ludwigsburg,Landkreis,Ludwigsburg (Landkreis),1998,356097.0,6086.0
Ludwigsburg,Landkreis,Ludwigsburg (Landkreis),1999,363183.0,6396.0
Ludwigsburg,Landkreis,Ludwigsburg (Landkreis),2000,360259.0,6250.0
Ludwigsburg,Landkreis,Ludwigsburg (Landkreis),2001,413816.0,7041.0
Ludwigsburg,Landkreis,Ludwigsburg (Landkreis),2002,387013.0,6819.0
Ludwigsburg,Landkreis,Ludwigsburg (Landkreis),2003,425038.0,7688.0
Ludwigsburg,Landkreis,Ludwigsburg (Landkreis),2004,396152.0,7460.0
Ludwigsburg,Landkreis,Ludwigsburg (Landkreis),2005,332490.0,6190.0
Ludwigsburg,Landkreis,Ludwigsburg (Landkreis),2006,326994.0,6062.0
Ludwigsburg,Landkreis,Ludwigsburg (Landkreis),2007,395865.0,7192.0
Ludwigsburg,Landkreis,Ludwigsburg (Landkreis),2008,413468.0,7344.0
Ludwigsburg,Landkreis,Ludwigsburg (Landkreis),2009,333022.0,6403.0
Ludwigsburg,Landkreis,Ludwigsburg (Landkreis),2010,370507.0,7213.0
Ludwigsburg,Landkreis,Ludwigsburg (Landkreis),2011,344415.0,6400.0
Ludwigsburg,Landkreis,Ludwigsburg (Landkreis),2012,437487.0,7936.0
Ludwigsburg,Landkreis,Ludwigsburg (Landkreis),2013,456042.0,8253.0
Ludwigsburg,Landkreis,Ludwigsburg (Landkreis),2014,474091.0,8470.0
Ludwigsburg,Landkreis,Ludwigsburg (Landkreis),2015,406798.0,7244.0
Ludwigsburg,Landkreis,Ludwigsburg (Landkreis),2016,497774.0,8761.0
Ludwigsburg,Landkreis,Ludwigsburg (Landkreis),2017,523301.0,9051.0
Ludwigsburg,Landkreis,Ludwigsburg (Landkreis),2018,603348.0,10211.0
Ludwigsburg,Landkreis,Ludwigsburg (Landkreis),2019,616083.0,10381.0
Ludwigsburg,Landkreis,Ludwigsburg (Landkreis),2020,626737.0,10843.0
Ludwigsburg,Landkreis,Ludwigsburg (Landkreis),2021,599762.0,10550.0
Ludwigsburg,Landkreis,Ludwigsburg (Landkreis),2022,587685.0,10230.0
Ludwigsburg,Landkreis,Ludwigsburg (Landkreis),2023,609541.0,10550.0
Lörrach,Landkreis,Lörrach (Landkreis),1995,142262.0,5888.0
Lörrach,Landkreis,Lörrach (Landkreis),1996,167977.0,7104.0
Lörrach,Landkreis,Lörrach (Landkreis),1997,191413.0,8159.0
Lörrach,Landkreis,Lörrach (Landkreis),1998,208831.0,8713.0
Lörrach,Landkreis,Lörrach (Landkreis),1999,231253.0,9781.0
Lörrach,Landkreis,Lörrach (Landkreis),2000,202278.0,8445.0
Lörrach,Landkreis,Lörrach (Landkreis),2001,188493.0,8415.0
Lörrach,Landkreis,Lörrach (Landkreis),2002,185364.0,8553.0
Lörrach,Landkreis,Lörrach (Landkreis),2003,208852.0,10012.0
Lörrach,Landkreis,Lörrach (Landkreis),2004,183257.0,8790.0
Lörrach,Landkreis,Lörrach (Landkreis),2005,160477.0,7912.0
Lörrach,Landkreis,Lörrach (Landkreis),2006,153345.0,7608.0
Lörrach,Landkreis,Lörrach (Landkreis),2007,190510.0,9331.0
Lörrach,Landkreis,Lörrach (Landkreis),2008,220975.0,10425.0
Lörrach,Landkreis,Lörrach (Landkreis),2009,137579.0,6873.0
Lörrach,Landkreis,Lörrach (Landkreis),2010,132896.0,6706.0
Lörrach,Landkreis,Lörrach (Landkreis),2011,149979.0,7535.0
Lörrach,Landkreis,Lörrach (Landkreis),2012,178123.0,8732.0
Lörrach,Landkreis,Lörrach (Landkreis),2013,188596.0,9164.0
Lörrach,Landkreis,Lörrach (Landkreis),2014,175875.0,8458.0
Lörrach,Landkreis,Lörrach (Landkreis),2015,201896.0,9799.0
Lörrach,Landkreis,Lörrach (Landkreis),2016,179721.0,8723.0
Lörrach,Landkreis,Lörrach (Landkreis),2017,140107.0,6826.0
Lörrach,Landkreis,Lörrach (Landkreis),2018,196284.0,9512.0
Lörrach,Landkreis,Lörrach (Landkreis),2019,219292.0,10829.0
Lörrach,Landkreis,Lörrach (Landkreis),2020,178558.0,9287.0
Lörrach,Landkreis,Lörrach (Landkreis),2021,171816.0,9145.0
Lörrach,Landkreis,Lörrach (Landkreis),2022,196439.0,10311.0
Lörrach,Landkreis,Lörrach (Landkreis),2023,210599.0,10817.0
Main-Tauber-Kreis,Landkreis,Main-Tauber-Kreis (Landkreis),1995,66179.0,4180.0
Main-Tauber-Kreis,Landkreis,Main-Tauber-Kreis (Landkreis),1996,51870.0,3341.0
Main-Tauber-Kreis,Landkreis,Main-Tauber-Kreis (Landkreis),1997,70476.0,4490.0
Main-Tauber-Kreis,Landkreis,Main-Tauber-Kreis (Landkreis),1998,64769.0,4002.0
Main-Tauber-Kreis,Landkreis,Main-Tauber-Kreis (Landkreis),1999,72817.0,4565.0
Main-Tauber-Kreis,Landkreis,Main-Tauber-Kreis (Landkreis),2000,76449.0,4608.0
Main-Tauber-Kreis,Landkreis,Main-Tauber-Kreis (Landkreis),2001,67873.0,4079.0
Main-Tauber-Kreis,Landkreis,Main-Tauber-Kreis (Landkreis),2002,68147.0,4096.0
Main-Tauber-Kreis,Landkreis,Main-Tauber-Kreis (Landkreis),2003,83188.0,5048.0
Main-Tauber-Kreis,Landkreis,Main-Tauber-Kreis (Landkreis),2004,44271.0,2669.0
Main-Tauber-Kreis,Landkreis,Main-Tauber-Kreis (Landkreis),2005,45620.0,2717.0
Main-Tauber-Kreis,Landkreis,Main-Tauber-Kreis (Landkreis),2006,54752.0,3245.0
Main-Tauber-Kreis,Landkreis,Main-Tauber-Kreis (Landkreis),2007,83733.0,4667.0
Main-Tauber-Kreis,Landkreis,Main-Tauber-Kreis (Landkreis),2008,88346.0,4735.0
Main-Tauber-Kreis,Landkreis,Main-Tauber-Kreis (Landkreis),2009,61175.0,3534.0
Main-Tauber-Kreis,Landkreis,Main-Tauber-Kreis (Landkreis),2010,54268.0,3066.0
Main-Tauber-Kreis,Landkreis,Main-Tauber-Kreis (Landkreis),2011,74642.0,4073.0
Main-Tauber-Kreis,Landkreis,Main-Tauber-Kreis (Landkreis),2012,91366.0,4855.0
Main-Tauber-Kreis,Landkreis,Main-Tauber-Kreis (Landkreis),2013,68428.0,3632.0
Main-Tauber-Kreis,Landkreis,Main-Tauber-Kreis (Landkreis),2014,82742.0,4368.0
Main-Tauber-Kreis,Landkreis,Main-Tauber-Kreis (Landkreis),2015,83730.0,4434.0
Main-Tauber-Kreis,Landkreis,Main-Tauber-Kreis (Landkreis),2016,118549.0,6161.0
Main-Tauber-Kreis,Landkreis,Main-Tauber-Kreis (Landkreis),2017,147475.0,7389.0
Main-Tauber-Kreis,Landkreis,Main-Tauber-Kreis (Landkreis),2018,106039.0,5196.0
Main-Tauber-Kreis,Landkreis,Main-Tauber-Kreis (Landkreis),2019,84688.0,4071.0
Main-Tauber-Kreis,Landkreis,Main-Tauber-Kreis (Landkreis),2020,106266.0,5283.0
Main-Tauber-Kreis,Landkreis,Main-Tauber-Kreis (Landkreis),2021,99492.0,5027.0
Main-Tauber-Kreis,Landkreis,Main-Tauber-Kreis (Landkreis),2022,113530.0,5653.0
Main-Tauber-Kreis,Landkreis,Main-Tauber-Kreis (Landkreis),2023,127976.0,6379.0
Mannheim,kreisfreie Stadt,Mannheim (kreisfreie Stadt),1995,355102.0,6972.0
Mannheim,kreisfreie Stadt,Mannheim (kreisfreie Stadt),1996,414471.0,8477.0
Mannheim,kreisfreie Stadt,Mannheim (kreisfreie Stadt),1997,291689.0,6085.0
Mannheim,kreisfreie Stadt,Mannheim (kreisfreie Stadt),1998,361532.0,7710.0
Mannheim,kreisfreie Stadt,Mannheim (kreisfreie Stadt),1999,384028.0,8351.0
Mannheim,kreisfreie Stadt,Mannheim (kreisfreie Stadt),2000,320766.0,6839.0
Mannheim,kreisfreie Stadt,Mannheim (kreisfreie Stadt),2001,339046.0,7075.0
Mannheim,kreisfreie Stadt,Mannheim (kreisfreie Stadt),2002,343112.0,7474.0
Mannheim,kreisfreie Stadt,Mannheim (kreisfreie Stadt),2003,421664.0,9312.0
Mannheim,kreisfreie Stadt,Mannheim (kreisfreie Stadt),2004,400865.0,9329.0
Mannheim,kreisfreie Stadt,Mannheim (kreisfreie Stadt),2005,383943.0,9134.0
Mannheim,kreisfreie Stadt,Mannheim (kreisfreie Stadt),2006,482468.0,11510.0
Mannheim,kreisfreie Stadt,Mannheim (kreisfreie Stadt),2007,441810.0,10448.0
Mannheim,kreisfreie Stadt,Mannheim (kreisfreie Stadt),2008,503525.0,11563.0
Mannheim,kreisfreie Stadt,Mannheim (kreisfreie Stadt),2009,506368.0,12265.0
Mannheim,kreisfreie Stadt,Mannheim (kreisfreie Stadt),2010,453487.0,11675.0
Mannheim,kreisfreie Stadt,Mannheim (kreisfreie Stadt),2011,481367.0,12253.0
Mannheim,kreisfreie Stadt,Mannheim (kreisfreie Stadt),2012,507252.0,12931.0
Mannheim,kreisfreie Stadt,Mannheim (kreisfreie Stadt),2013,474390.0,12138.0
Mannheim,kreisfreie Stadt,Mannheim (kreisfreie Stadt),2014,496732.0,12494.0
Mannheim,kreisfreie Stadt,Mannheim (kreisfreie Stadt),2015,491737.0,12533.0
Mannheim,kreisfreie Stadt,Mannheim (kreisfreie Stadt),2016,583412.0,14925.0
Mannheim,kreisfreie Stadt,Mannheim (kreisfreie Stadt),2017,452322.0,11695.0
Mannheim,kreisfreie Stadt,Mannheim (kreisfreie Stadt),2018,439906.0,11400.0
Mannheim,kreisfreie Stadt,Mannheim (kreisfreie Stadt),2019,424065.0,11070.0
Mannheim,kreisfreie Stadt,Mannheim (kreisfreie Stadt),2020,400925.0,10565.0
Mannheim,kreisfreie Stadt,Mannheim (kreisfreie Stadt),2021,429744.0,11351.0
Mannheim,kreisfreie Stadt,Mannheim (kreisfreie Stadt),2022,498227.0,13157.0
Mannheim,kreisfreie Stadt,Mannheim (kreisfreie Stadt),2023,503331.0,13066.0
Neckar-Odenwald-Kreis,Landkreis,Neckar-Odenwald-Kreis (Landkreis),1995,70815.0,5042.0
Neckar-Odenwald-Kreis,Landkreis,Neckar-Odenwald-Kreis (Landkreis),1996,66033.0,4996.0
Neckar-Odenwald-Kreis,Landkreis,Neckar-Odenwald-Kreis (Landkreis),1997,69781.0,5277.0
Neckar-Odenwald-Kreis,Landkreis,Neckar-Odenwald-Kreis (Landkreis),1998,75887.0,5493.0
Neckar-Odenwald-Kreis,Landkreis,Neckar-Odenwald-Kreis (Landkreis),1999,66459.0,4795.0
Neckar-Odenwald-Kreis,Landkreis,Neckar-Odenwald-Kreis (Landkreis),2000,73213.0,5168.0
Neckar-Odenwald-Kreis,Landkreis,Neckar-Odenwald-Kreis (Landkreis),2001,73734.0,5321.0
Neckar-Odenwald-Kreis,Landkreis,Neckar-Odenwald-Kreis (Landkreis),2002,72033.0,5210.0
Neckar-Odenwald-Kreis,Landkreis,Neckar-Odenwald-Kreis (Landkreis),2003,78413.0,5780.0
Neckar-Odenwald-Kreis,Landkreis,Neckar-Odenwald-Kreis (Landkreis),2004,69315.0,5150.0
Neckar-Odenwald-Kreis,Landkreis,Neckar-Odenwald-Kreis (Landkreis),2005,80071.0,6102.0
Neckar-Odenwald-Kreis,Landkreis,Neckar-Odenwald-Kreis (Landkreis),2006,78045.0,5772.0
Neckar-Odenwald-Kreis,Landkreis,Neckar-Odenwald-Kreis (Landkreis),2007,102418.0,7329.0
Neckar-Odenwald-Kreis,Landkreis,Neckar-Odenwald-Kreis (Landkreis),2008,82656.0,5800.0
Neckar-Odenwald-Kreis,Landkreis,Neckar-Odenwald-Kreis (Landkreis),2009,50352.0,3748.0
Neckar-Odenwald-Kreis,Landkreis,Neckar-Odenwald-Kreis (Landkreis),2010,60953.0,4470.0
Neckar-Odenwald-Kreis,Landkreis,Neckar-Odenwald-Kreis (Landkreis),2011,63200.0,4390.0
Neckar-Odenwald-Kreis,Landkreis,Neckar-Odenwald-Kreis (Landkreis),2012,85953.0,5865.0
Neckar-Odenwald-Kreis,Landkreis,Neckar-Odenwald-Kreis (Landkreis),2013,83527.0,5671.0
Neckar-Odenwald-Kreis,Landkreis,Neckar-Odenwald-Kreis (Landkreis),2014,104180.0,6901.0
Neckar-Odenwald-Kreis,Landkreis,Neckar-Odenwald-Kreis (Landkreis),2015,84428.0,5557.0
Neckar-Odenwald-Kreis,Landkreis,Neckar-Odenwald-Kreis (Landkreis),2016,99765.0,6611.0
Neckar-Odenwald-Kreis,Landkreis,Neckar-Odenwald-Kreis (Landkreis),2017,111247.0,7238.0
Neckar-Odenwald-Kreis,Landkreis,Neckar-Odenwald-Kreis (Landkreis),2018,124877.0,7948.0
Neckar-Odenwald-Kreis,Landkreis,Neckar-Odenwald-Kreis (Landkreis),2019,104851.0,6746.0
Neckar-Odenwald-Kreis,Landkreis,Neckar-Odenwald-Kreis (Landkreis),2020,86231.0,5669.0
Neckar-Odenwald-Kreis,Landkreis,Neckar-Odenwald-Kreis (Landkreis),2021,99958.0,6719.0
Neckar-Odenwald-Kreis,Landkreis,Neckar-Odenwald-Kreis (Landkreis),2022,77518.0,5175.0
Neckar-Odenwald-Kreis,Landkreis,Neckar-Odenwald-Kreis (Landkreis),2023,90233.0,6104.0
Ortenaukreis,Landkreis,Ortenaukreis (Landkreis),1995,269063.0,5390.0
Ortenaukreis,Landkreis,Ortenaukreis (Landkreis),1996,232013.0,4844.0
Ortenaukreis,Landkreis,Ortenaukreis (Landkreis),1997,240844.0,4969.0
Ortenaukreis,Landkreis,Ortenaukreis (Landkreis),1998,270408.0,5468.0
Ortenaukreis,Landkreis,Ortenaukreis (Landkreis),1999,323951.0,6504.0
Ortenaukreis,Landkreis,Ortenaukreis (Landkreis),2000,410525.0,7953.0
Ortenaukreis,Landkreis,Ortenaukreis (Landkreis),2001,364493.0,6951.0
Ortenaukreis,Landkreis,Ortenaukreis (Landkreis),2002,314887.0,6081.0
Ortenaukreis,Landkreis,Ortenaukreis (Landkreis),2003,254984.0,5154.0
Ortenaukreis,Landkreis,Ortenaukreis (Landkreis),2004,256564.0,5271.0
Ortenaukreis,Landkreis,Ortenaukreis (Landkreis),2005,335545.0,6937.0
Ortenaukreis,Landkreis,Ortenaukreis (Landkreis),2006,321945.0,6637.0
Ortenaukreis,Landkreis,Ortenaukreis (Landkreis),2007,362587.0,7299.0
Ortenaukreis,Landkreis,Ortenaukreis (Landkreis),2008,364913.0,7186.0
Ortenaukreis,Landkreis,Ortenaukreis (Landkreis),2009,274316.0,5761.0
Ortenaukreis,Landkreis,Ortenaukreis (Landkreis),2010,215449.0,4489.0
Ortenaukreis,Landkreis,Ortenaukreis (Landkreis),2011,303103.0,6116.0
Ortenaukreis,Landkreis,Ortenaukreis (Landkreis),2012,312446.0,6293.0
Ortenaukreis,Landkreis,Ortenaukreis (Landkreis),2013,306325.0,6091.0
Ortenaukreis,Landkreis,Ortenaukreis (Landkreis),2014,321873.0,6235.0
Ortenaukreis,Landkreis,Ortenaukreis (Landkreis),2015,407060.0,7776.0
Ortenaukreis,Landkreis,Ortenaukreis (Landkreis),2016,406695.0,7747.0
Ortenaukreis,Landkreis,Ortenaukreis (Landkreis),2017,457272.0,8430.0
Ortenaukreis,Landkreis,Ortenaukreis (Landkreis),2018,558596.0,9907.0
Ortenaukreis,Landkreis,Ortenaukreis (Landkreis),2019,585401.0,10366.0
Ortenaukreis,Landkreis,Ortenaukreis (Landkreis),2020,394717.0,7274.0
Ortenaukreis,Landkreis,Ortenaukreis (Landkreis),2021,353582.0,6507.0
Ortenaukreis,Landkreis,Ortenaukreis (Landkreis),2022,386844.0,7002.0
Ortenaukreis,Landkreis,Ortenaukreis (Landkreis),2023,463170.0,8351.0
Ostalbkreis,Landkreis,Ostalbkreis (Landkreis),1995,201170.0,4936.0
Ostalbkreis,Landkreis,Ostalbkreis (Landkreis),1996,202888.0,5091.0
Ostalbkreis,Landkreis,Ostalbkreis (Landkreis),1997,177463.0,4411.0
Ostalbkreis,Landkreis,Ostalbkreis (Landkreis),1998,232016.0,5714.0
Ostalbkreis,Landkreis,Ostalbkreis (Landkreis),1999,209730.0,5180.0
Ostalbkreis,Landkreis,Ostalbkreis (Landkreis),2000,260836.0,6382.0
Ostalbkreis,Landkreis,Ostalbkreis (Landkreis),2001,323443.0,7570.0
Ostalbkreis,Landkreis,Ostalbkreis (Landkreis),2002,332626.0,7952.0
Ostalbkreis,Landkreis,Ostalbkreis (Landkreis),2003,297075.0,7303.0
Ostalbkreis,Landkreis,Ostalbkreis (Landkreis),2004,277640.0,6884.0
Ostalbkreis,Landkreis,Ostalbkreis (Landkreis),2005,263708.0,6499.0
Ostalbkreis,Landkreis,Ostalbkreis (Landkreis),2006,305900.0,7530.0
Ostalbkreis,Landkreis,Ostalbkreis (Landkreis),2007,416973.0,10049.0
Ostalbkreis,Landkreis,Ostalbkreis (Landkreis),2008,434247.0,10037.0
Ostalbkreis,Landkreis,Ostalbkreis (Landkreis),2009,267681.0,6612.0
Ostalbkreis,Landkreis,Ostalbkreis (Landkreis),2010,251066.0,6215.0
Ostalbkreis,Landkreis,Ostalbkreis (Landkreis),2011,444086.0,10545.0
Ostalbkreis,Landkreis,Ostalbkreis (Landkreis),2012,574733.0,13181.0
Ostalbkreis,Landkreis,Ostalbkreis (Landkreis),2013,541131.0,12234.0
Ostalbkreis,Landkreis,Ostalbkreis (Landkreis),2014,405334.0,9236.0
Ostalbkreis,Landkreis,Ostalbkreis (Landkreis),2015,421417.0,9462.0
Ostalbkreis,Landkreis,Ostalbkreis (Landkreis),2016,399781.0,8903.0
Ostalbkreis,Landkreis,Ostalbkreis (Landkreis),2017,412125.0,8977.0
Ostalbkreis,Landkreis,Ostalbkreis (Landkreis),2018,561699.0,12126.0
Ostalbkreis,Landkreis,Ostalbkreis (Landkreis),2019,679220.0,14660.0
Ostalbkreis,Landkreis,Ostalbkreis (Landkreis),2020,975116.0,21659.0
Ostalbkreis,Landkreis,Ostalbkreis (Landkreis),2021,828381.0,18490.0
Ostalbkreis,Landkreis,Ostalbkreis (Landkreis),2022,758184.0,16391.0
Ostalbkreis,Landkreis,Ostalbkreis (Landkreis),2023,688800.0,14555.0
Pforzheim,kreisfreie Stadt,Pforzheim (kreisfreie Stadt),1995,56219.0,3275.0
Pforzheim,kreisfreie Stadt,Pforzheim (kreisfreie Stadt),1996,50169.0,3178.0
Pforzheim,kreisfreie Stadt,Pforzheim (kreisfreie Stadt),1997,61497.0,4025.0
Pforzheim,kreisfreie Stadt,Pforzheim (kreisfreie Stadt),1998,80018.0,5196.0
Pforzheim,kreisfreie Stadt,Pforzheim (kreisfreie Stadt),1999,84010.0,5676.0
Pforzheim,kreisfreie Stadt,Pforzheim (kreisfreie Stadt),2000,69260.0,4754.0
Pforzheim,kreisfreie Stadt,Pforzheim (kreisfreie Stadt),2001,80332.0,5740.0
Pforzheim,kreisfreie Stadt,Pforzheim (kreisfreie Stadt),2002,72955.0,5463.0
Pforzheim,kreisfreie Stadt,Pforzheim (kreisfreie Stadt),2003,57463.0,4374.0
Pforzheim,kreisfreie Stadt,Pforzheim (kreisfreie Stadt),2004,68953.0,5398.0
Pforzheim,kreisfreie Stadt,Pforzheim (kreisfreie Stadt),2005,60863.0,4865.0
Pforzheim,kreisfreie Stadt,Pforzheim (kreisfreie Stadt),2006,76310.0,5994.0
Pforzheim,kreisfreie Stadt,Pforzheim (kreisfreie Stadt),2007,83184.0,6366.0
Pforzheim,kreisfreie Stadt,Pforzheim (kreisfreie Stadt),2008,77100.0,5701.0
Pforzheim,kreisfreie Stadt,Pforzheim (kreisfreie Stadt),2009,63139.0,5173.0
Pforzheim,kreisfreie Stadt,Pforzheim (kreisfreie Stadt),2010,52108.0,4187.0
Pforzheim,kreisfreie Stadt,Pforzheim (kreisfreie Stadt),2011,84547.0,6624.0
Pforzheim,kreisfreie Stadt,Pforzheim (kreisfreie Stadt),2012,108063.0,8147.0
Pforzheim,kreisfreie Stadt,Pforzheim (kreisfreie Stadt),2013,106203.0,7942.0
Pforzheim,kreisfreie Stadt,Pforzheim (kreisfreie Stadt),2014,107098.0,7947.0
Pforzheim,kreisfreie Stadt,Pforzheim (kreisfreie Stadt),2015,73691.0,5793.0
Pforzheim,kreisfreie Stadt,Pforzheim (kreisfreie Stadt),2016,68102.0,5426.0
Pforzheim,kreisfreie Stadt,Pforzheim (kreisfreie Stadt),2017,104881.0,8167.0
Pforzheim,kreisfreie Stadt,Pforzheim (kreisfreie Stadt),2018,98834.0,7344.0
Pforzheim,kreisfreie Stadt,Pforzheim (kreisfreie Stadt),2019,81162.0,6025.0
Pforzheim,kreisfreie Stadt,Pforzheim (kreisfreie Stadt),2020,68089.0,5246.0
Pforzheim,kreisfreie Stadt,Pforzheim (kreisfreie Stadt),2021,77593.0,6193.0
Pforzheim,kreisfreie Stadt,Pforzheim (kreisfreie Stadt),2022,79088.0,6023.0
Pforzheim,kreisfreie Stadt,Pforzheim (kreisfreie Stadt),2023,94399.0,7098.0
Rastatt,Landkreis,Rastatt (Landkreis),1995,263314.0,7747.0
Rastatt,Landkreis,Rastatt (Landkreis),1996,366403.0,11141.0
Rastatt,Landkreis,Rastatt (Landkreis),1997,401969.0,11688.0
Rastatt,Landkreis,Rastatt (Landkreis),1998,204135.0,5639.0
Rastatt,Landkreis,Rastatt (Landkreis),1999,237417.0,6659.0
Rastatt,Landkreis,Rastatt (Landkreis),2000,264287.0,7225.0
Rastatt,Landkreis,Rastatt (Landkreis),2001,239216.0,6486.0
Rastatt,Landkreis,Rastatt (Landkreis),2002,395557.0,11134.0
Rastatt,Landkreis,Rastatt (Landkreis),2003,542436.0,15278.0
Rastatt,Landkreis,Rastatt (Landkreis),2004,502746.0,13479.0
Rastatt,Landkreis,Rastatt (Landkreis),2005,328780.0,8532.0
Rastatt,Landkreis,Rastatt (Landkreis),2006,259233.0,6869.0
Rastatt,Landkreis,Rastatt (Landkreis),2007,294554.0,7706.0
Rastatt,Landkreis,Rastatt (Landkreis),2008,431564.0,11354.0
Rastatt,Landkreis,Rastatt (Landkreis),2009,246797.0,6986.0
Rastatt,Landkreis,Rastatt (Landkreis),2010,388253.0,11067.0
Rastatt,Landkreis,Rastatt (Landkreis),2011,544818.0,15039.0
Rastatt,Landkreis,Rastatt (Landkreis),2012,480301.0,12908.0
Rastatt,Landkreis,Rastatt (Landkreis),2013,411651.0,11015.0
Rastatt,Landkreis,Rastatt (Landkreis),2014,322664.0,8442.0
Rastatt,Landkreis,Rastatt (Landkreis),2015,345346.0,9068.0
Rastatt,Landkreis,Rastatt (Landkreis),2016,526645.0,13588.0
Rastatt,Landkreis,Rastatt (Landkreis),2017,725879.0,18085.0
Rastatt,Landkreis,Rastatt (Landkreis),2018,800480.0,19804.0
Rastatt,Landkreis,Rastatt (Landkreis),2019,580619.0,14386.0
Rastatt,Landkreis,Rastatt (Landkreis),2020,331091.0,8483.0
Rastatt,Landkreis,Rastatt (Landkreis),2021,261083.0,6876.0
Rastatt,Landkreis,Rastatt (Landkreis),2022,359167.0,9729.0
Rastatt,Landkreis,Rastatt (Landkreis),2023,372817.0,10220.0
Ravensburg,Landkreis,Ravensburg (Landkreis),1995,144730.0,5020.0
Ravensburg,Landkreis,Ravensburg (Landkreis),1996,141932.0,5023.0
Ravensburg,Landkreis,Ravensburg (Landkreis),1997,170565.0,6004.0
Ravensburg,Landkreis,Ravensburg (Landkreis),1998,157003.0,5487.0
Ravensburg,Landkreis,Ravensburg (Landkreis),1999,151398.0,5307.0
Ravensburg,Landkreis,Ravensburg (Landkreis),2000,177355.0,6130.0
Ravensburg,Landkreis,Ravensburg (Landkreis),2001,165951.0,5761.0
Ravensburg,Landkreis,Ravensburg (Landkreis),2002,169828.0,5856.0
Ravensburg,Landkreis,Ravensburg (Landkreis),2003,156873.0,5578.0
Ravensburg,Landkreis,Ravensburg (Landkreis),2004,163642.0,5911.0
Ravensburg,Landkreis,Ravensburg (Landkreis),2005,128282.0,4723.0
Ravensburg,Landkreis,Ravensburg (Landkreis),2006,268517.0,9779.0
Ravensburg,Landkreis,Ravensburg (Landkreis),2007,221526.0,8031.0
Ravensburg,Landkreis,Ravensburg (Landkreis),2008,169761.0,6078.0
Ravensburg,Landkreis,Ravensburg (Landkreis),2009,143223.0,5405.0
Ravensburg,Landkreis,Ravensburg (Landkreis),2010,145382.0,5411.0
Ravensburg,Landkreis,Ravensburg (Landkreis),2011,179543.0,6374.0
Ravensburg,Landkreis,Ravensburg (Landkreis),2012,164885.0,5748.0
Ravensburg,Landkreis,Ravensburg (Landkreis),2013,160458.0,5410.0
Ravensburg,Landkreis,Ravensburg (Landkreis),2014,224474.0,7359.0
Ravensburg,Landkreis,Ravensburg (Landkreis),2015,273025.0,8883.0
Ravensburg,Landkreis,Ravensburg (Landkreis),2016,353014.0,11290.0
Ravensburg,Landkreis,Ravensburg (Landkreis),2017,304905.0,9406.0
Ravensburg,Landkreis,Ravensburg (Landkreis),2018,308544.0,9282.0
Ravensburg,Landkreis,Ravensburg (Landkreis),2019,312958.0,9038.0
Ravensburg,Landkreis,Ravensburg (Landkreis),2020,315172.0,9107.0
Ravensburg,Landkreis,Ravensburg (Landkreis),2021,330888.0,9384.0
Ravensburg,Landkreis,Ravensburg (Landkreis),2022,335872.0,9397.0
Ravensburg,Landkreis,Ravensburg (Landkreis),2023,413793.0,11417.0
Rems-Murr-Kreis,Landkreis,Rems-Murr-Kreis (Landkreis),1995,237185.0,4792.0
Rems-Murr-Kreis,Landkreis,Rems-Murr-Kreis (Landkreis),1996,191799.0,4158.0
Rems-Murr-Kreis,Landkreis,Rems-Murr-Kreis (Landkreis),1997,207706.0,4539.0
Rems-Murr-Kreis,Landkreis,Rems-Murr-Kreis (Landkreis),1998,259956.0,5656.0
Rems-Murr-Kreis,Landkreis,Rems-Murr-Kreis (Landkreis),1999,247200.0,5357.0
Rems-Murr-Kreis,Landkreis,Rems-Murr-Kreis (Landkreis),2000,270763.0,5836.0
Rems-Murr-Kreis,Landkreis,Rems-Murr-Kreis (Landkreis),2001,292318.0,6349.0
Rems-Murr-Kreis,Landkreis,Rems-Murr-Kreis (Landkreis),2002,247302.0,5502.0
Rems-Murr-Kreis,Landkreis,Rems-Murr-Kreis (Landkreis),2003,233438.0,5461.0
Rems-Murr-Kreis,Landkreis,Rems-Murr-Kreis (Landkreis),2004,264130.0,6179.0
Rems-Murr-Kreis,Landkreis,Rems-Murr-Kreis (Landkreis),2005,224507.0,5475.0
Rems-Murr-Kreis,Landkreis,Rems-Murr-Kreis (Landkreis),2006,247550.0,5928.0
Rems-Murr-Kreis,Landkreis,Rems-Murr-Kreis (Landkreis),2007,286112.0,6841.0
Rems-Murr-Kreis,Landkreis,Rems-Murr-Kreis (Landkreis),2008,307566.0,7369.0
Rems-Murr-Kreis,Landkreis,Rems-Murr-Kreis (Landkreis),2009,216688.0,5746.0
Rems-Murr-Kreis,Landkreis,Rems-Murr-Kreis (Landkreis),2010,207227.0,5441.0
Rems-Murr-Kreis,Landkreis,Rems-Murr-Kreis (Landkreis),2011,245085.0,6374.0
Rems-Murr-Kreis,Landkreis,Rems-Murr-Kreis (Landkreis),2012,242806.0,6309.0
Rems-Murr-Kreis,Landkreis,Rems-Murr-Kreis (Landkreis),2013,217960.0,5577.0
Rems-Murr-Kreis,Landkreis,Rems-Murr-Kreis (Landkreis),2014,305047.0,7700.0
Rems-Murr-Kreis,Landkreis,Rems-Murr-Kreis (Landkreis),2015,349702.0,8778.0
Rems-Murr-Kreis,Landkreis,Rems-Murr-Kreis (Landkreis),2016,299339.0,7337.0
Rems-Murr-Kreis,Landkreis,Rems-Murr-Kreis (Landkreis),2017,285631.0,6829.0
Rems-Murr-Kreis,Landkreis,Rems-Murr-Kreis (Landkreis),2018,376819.0,8910.0
Rems-Murr-Kreis,Landkreis,Rems-Murr-Kreis (Landkreis),2019,318186.0,7492.0
Rems-Murr-Kreis,Landkreis,Rems-Murr-Kreis (Landkreis),2020,293834.0,7142.0
Rems-Murr-Kreis,Landkreis,Rems-Murr-Kreis (Landkreis),2021,287510.0,7018.0
Rems-Murr-Kreis,Landkreis,Rems-Murr-Kreis (Landkreis),2022,282806.0,6877.0
Rems-Murr-Kreis,Landkreis,Rems-Murr-Kreis (Landkreis),2023,360395.0,8927.0
Reutlingen,Landkreis,Reutlingen (Landkreis),1995,228702.0,6981.0
Reutlingen,Landkreis,Reutlingen (Landkreis),1996,219991.0,6982.0
Reutlingen,Landkreis,Reutlingen (Landkreis),1997,227418.0,6924.0
Reutlingen,Landkreis,Reutlingen (Landkreis),1998,324799.0,9635.0
Reutlingen,Landkreis,Reutlingen (Landkreis),1999,233577.0,6962.0
Reutlingen,Landkreis,Reutlingen (Landkreis),2000,254434.0,7410.0
Reutlingen,Landkreis,Reutlingen (Landkreis),2001,264163.0,7700.0
Reutlingen,Landkreis,Reutlingen (Landkreis),2002,211785.0,6128.0
Reutlingen,Landkreis,Reutlingen (Landkreis),2003,214070.0,6213.0
Reutlingen,Landkreis,Reutlingen (Landkreis),2004,266293.0,7615.0
Reutlingen,Landkreis,Reutlingen (Landkreis),2005,283109.0,8277.0
Reutlingen,Landkreis,Reutlingen (Landkreis),2006,285156.0,8286.0
Reutlingen,Landkreis,Reutlingen (Landkreis),2007,321908.0,9250.0
Reutlingen,Landkreis,Reutlingen (Landkreis),2008,421554.0,11978.0
Reutlingen,Landkreis,Reutlingen (Landkreis),2009,262329.0,8410.0
Reutlingen,Landkreis,Reutlingen (Landkreis),2010,284728.0,9174.0
Reutlingen,Landkreis,Reutlingen (Landkreis),2011,368746.0,11543.0
Reutlingen,Landkreis,Reutlingen (Landkreis),2012,375478.0,11436.0
Reutlingen,Landkreis,Reutlingen (Landkreis),2013,398755.0,12031.0
Reutlingen,Landkreis,Reutlingen (Landkreis),2014,389979.0,11734.0
Reutlingen,Landkreis,Reutlingen (Landkreis),2015,401278.0,11688.0
Reutlingen,Landkreis,Reutlingen (Landkreis),2016,452638.0,12903.0
Reutlingen,Landkreis,Reutlingen (Landkreis),2017,357413.0,10110.0
Reutlingen,Landkreis,Reutlingen (Landkreis),2018,426122.0,11771.0
Reutlingen,Landkreis,Reutlingen (Landkreis),2019,412625.0,11353.0
Reutlingen,Landkreis,Reutlingen (Landkreis),2020,280080.0,8087.0
Reutlingen,Landkreis,Reutlingen (Landkreis),2021,414579.0,11985.0
Reutlingen,Landkreis,Reutlingen (Landkreis),2022,483811.0,13560.0
Reutlingen,Landkreis,Reutlingen (Landkreis),2023,642798.0,17726.0
Rhein-Neckar-Kreis,Landkreis,Rhein-Neckar-Kreis (Landkreis),1995,265909.0,5982.0
Rhein-Neckar-Kreis,Landkreis,Rhein-Neckar-Kreis (Landkreis),1996,275904.0,6601.0
Rhein-Neckar-Kreis,Landkreis,Rhein-Neckar-Kreis (Landkreis),1997,262546.0,6257.0
Rhein-Neckar-Kreis,Landkreis,Rhein-Neckar-Kreis (Landkreis),1998,278596.0,6554.0
Rhein-Neckar-Kreis,Landkreis,Rhein-Neckar-Kreis (Landkreis),1999,254133.0,6117.0
Rhein-Neckar-Kreis,Landkreis,Rhein-Neckar-Kreis (Landkreis),2000,332908.0,7976.0
Rhein-Neckar-Kreis,Landkreis,Rhein-Neckar-Kreis (Landkreis),2001,252016.0,6153.0
Rhein-Neckar-Kreis,Landkreis,Rhein-Neckar-Kreis (Landkreis),2002,254106.0,6458.0
Rhein-Neckar-Kreis,Landkreis,Rhein-Neckar-Kreis (Landkreis),2003,242833.0,6310.0
Rhein-Neckar-Kreis,Landkreis,Rhein-Neckar-Kreis (Landkreis),2004,233600.0,6137.0
Rhein-Neckar-Kreis,Landkreis,Rhein-Neckar-Kreis (Landkreis),2005,211212.0,5649.0
Rhein-Neckar-Kreis,Landkreis,Rhein-Neckar-Kreis (Landkreis),2006,210023.0,5669.0
Rhein-Neckar-Kreis,Landkreis,Rhein-Neckar-Kreis (Landkreis),2007,226727.0,6031.0
Rhein-Neckar-Kreis,Landkreis,Rhein-Neckar-Kreis (Landkreis),2008,248743.0,6555.0
Rhein-Neckar-Kreis,Landkreis,Rhein-Neckar-Kreis (Landkreis),2009,209081.0,6105.0
Rhein-Neckar-Kreis,Landkreis,Rhein-Neckar-Kreis (Landkreis),2010,170565.0,5130.0
Rhein-Neckar-Kreis,Landkreis,Rhein-Neckar-Kreis (Landkreis),2011,185681.0,5559.0
Rhein-Neckar-Kreis,Landkreis,Rhein-Neckar-Kreis (Landkreis),2012,154843.0,4644.0
Rhein-Neckar-Kreis,Landkreis,Rhein-Neckar-Kreis (Landkreis),2013,174526.0,5355.0
Rhein-Neckar-Kreis,Landkreis,Rhein-Neckar-Kreis (Landkreis),2014,184151.0,5790.0
Rhein-Neckar-Kreis,Landkreis,Rhein-Neckar-Kreis (Landkreis),2015,230384.0,7296.0
Rhein-Neckar-Kreis,Landkreis,Rhein-Neckar-Kreis (Landkreis),2016,175221.0,5589.0
Rhein-Neckar-Kreis,Landkreis,Rhein-Neckar-Kreis (Landkreis),2017,203780.0,6435.0
Rhein-Neckar-Kreis,Landkreis,Rhein-Neckar-Kreis (Landkreis),2018,250699.0,7813.0
Rhein-Neckar-Kreis,Landkreis,Rhein-Neckar-Kreis (Landkreis),2019,258380.0,7776.0
Rhein-Neckar-Kreis,Landkreis,Rhein-Neckar-Kreis (Landkreis),2020,224342.0,6931.0
Rhein-Neckar-Kreis,Landkreis,Rhein-Neckar-Kreis (Landkreis),2021,243134.0,7710.0
Rhein-Neckar-Kreis,Landkreis,Rhein-Neckar-Kreis (Landkreis),2022,275993.0,8529.0
Rhein-Neckar-Kreis,Landkreis,Rhein-Neckar-Kreis (Landkreis),2023,308568.0,9582.0
Rottweil,Landkreis,Rottweil (Landkreis),1995,108514.0,5761.0
Rottweil,Landkreis,Rottweil (Landkreis),1996,97969.0,5315.0
Rottweil,Landkreis,Rottweil (Landkreis),1997,121150.0,6495.0
Rottweil,Landkreis,Rottweil (Landkreis),1998,133413.0,6774.0
Rottweil,Landkreis,Rottweil (Landkreis),1999,142014.0,7141.0
Rottweil,Landkreis,Rottweil (Landkreis),2000,154858.0,7554.0
Rottweil,Landkreis,Rottweil (Landkreis),2001,154488.0,7380.0
Rottweil,Landkreis,Rottweil (Landkreis),2002,162585.0,7900.0
Rottweil,Landkreis,Rottweil (Landkreis),2003,114330.0,5637.0
Rottweil,Landkreis,Rottweil (Landkreis),2004,127410.0,6244.0
Rottweil,Landkreis,Rottweil (Landkreis),2005,143069.0,6922.0
Rottweil,Landkreis,Rottweil (Landkreis),2006,186246.0,8877.0
Rottweil,Landkreis,Rottweil (Landkreis),2007,173045.0,8001.0
Rottweil,Landkreis,Rottweil (Landkreis),2008,175251.0,7928.0
Rottweil,Landkreis,Rottweil (Landkreis),2009,119252.0,5829.0
Rottweil,Landkreis,Rottweil (Landkreis),2010,120656.0,5814.0
Rottweil,Landkreis,Rottweil (Landkreis),2011,127311.0,5939.0
Rottweil,Landkreis,Rottweil (Landkreis),2012,140125.0,6545.0
Rottweil,Landkreis,Rottweil (Landkreis),2013,143785.0,6661.0
Rottweil,Landkreis,Rottweil (Landkreis),2014,163339.0,7370.0
Rottweil,Landkreis,Rottweil (Landkreis),2015,158355.0,6994.0
Rottweil,Landkreis,Rottweil (Landkreis),2016,173254.0,7513.0
Rottweil,Landkreis,Rottweil (Landkreis),2017,214262.0,9003.0
Rottweil,Landkreis,Rottweil (Landkreis),2018,259391.0,10275.0
Rottweil,Landkreis,Rottweil (Landkreis),2019,237552.0,9426.0
Rottweil,Landkreis,Rottweil (Landkreis),2020,184887.0,7614.0
Rottweil,Landkreis,Rottweil (Landkreis),2021,233580.0,9437.0
Rottweil,Landkreis,Rottweil (Landkreis),2022,257968.0,10315.0
Rottweil,Landkreis,Rottweil (Landkreis),2023,257395.0,10232.0
Schwarzwald-Baar-Kreis,Landkreis,Schwarzwald-Baar-Kreis (Landkreis),1995,154014.0,5163.0
Schwarzwald-Baar-Kreis,Landkreis,Schwarzwald-Baar-Kreis (Landkreis),1996,139052.0,4880.0
Schwarzwald-Baar-Kreis,Landkreis,Schwarzwald-Baar-Kreis (Landkreis),1997,133394.0,4725.0
Schwarzwald-Baar-Kreis,Landkreis,Schwarzwald-Baar-Kreis (Landkreis),1998,164470.0,5643.0
Schwarzwald-Baar-Kreis,Landkreis,Schwarzwald-Baar-Kreis (Landkreis),1999,151829.0,5391.0
Schwarzwald-Baar-Kreis,Landkreis,Schwarzwald-Baar-Kreis (Landkreis),2000,177875.0,6207.0
Schwarzwald-Baar-Kreis,Landkreis,Schwarzwald-Baar-Kreis (Landkreis),2001,215362.0,7376.0
Schwarzwald-Baar-Kreis,Landkreis,Schwarzwald-Baar-Kreis (Landkreis),2002,136556.0,4726.0
Schwarzwald-Baar-Kreis,Landkreis,Schwarzwald-Baar-Kreis (Landkreis),2003,129738.0,4580.0
Schwarzwald-Baar-Kreis,Landkreis,Schwarzwald-Baar-Kreis (Landkreis),2004,170072.0,6129.0
Schwarzwald-Baar-Kreis,Landkreis,Schwarzwald-Baar-Kreis (Landkreis),2005,159167.0,5720.0
Schwarzwald-Baar-Kreis,Landkreis,Schwarzwald-Baar-Kreis (Landkreis),2006,175154.0,6186.0
Schwarzwald-Baar-Kreis,Landkreis,Schwarzwald-Baar-Kreis (Landkreis),2007,177690.0,6119.0
Schwarzwald-Baar-Kreis,Landkreis,Schwarzwald-Baar-Kreis (Landkreis),2008,163285.0,5512.0
Schwarzwald-Baar-Kreis,Landkreis,Schwarzwald-Baar-Kreis (Landkreis),2009,131448.0,4736.0
Schwarzwald-Baar-Kreis,Landkreis,Schwarzwald-Baar-Kreis (Landkreis),2010,164129.0,5968.0
Schwarzwald-Baar-Kreis,Landkreis,Schwarzwald-Baar-Kreis (Landkreis),2011,163029.0,5631.0
Schwarzwald-Baar-Kreis,Landkreis,Schwarzwald-Baar-Kreis (Landkreis),2012,196321.0,6646.0
Schwarzwald-Baar-Kreis,Landkreis,Schwarzwald-Baar-Kreis (Landkreis),2013,148970.0,5085.0
Schwarzwald-Baar-Kreis,Landkreis,Schwarzwald-Baar-Kreis (Landkreis),2014,203640.0,6829.0
Schwarzwald-Baar-Kreis,Landkreis,Schwarzwald-Baar-Kreis (Landkreis),2015,174313.0,5717.0
Schwarzwald-Baar-Kreis,Landkreis,Schwarzwald-Baar-Kreis (Landkreis),2016,186430.0,6044.0
Schwarzwald-Baar-Kreis,Landkreis,Schwarzwald-Baar-Kreis (Landkreis),2017,215233.0,6769.0
Schwarzwald-Baar-Kreis,Landkreis,Schwarzwald-Baar-Kreis (Landkreis),2018,258056.0,7751.0
Schwarzwald-Baar-Kreis,Landkreis,Schwarzwald-Baar-Kreis (Landkreis),2019,208618.0,6362.0
Schwarzwald-Baar-Kreis,Landkreis,Schwarzwald-Baar-Kreis (Landkreis),2020,186298.0,6026.0
Schwarzwald-Baar-Kreis,Landkreis,Schwarzwald-Baar-Kreis (Landkreis),2021,207799.0,6721.0
Schwarzwald-Baar-Kreis,Landkreis,Schwarzwald-Baar-Kreis (Landkreis),2022,214589.0,6778.0
Schwarzwald-Baar-Kreis,Landkreis,Schwarzwald-Baar-Kreis (Landkreis),2023,214292.0,6787.0
Schwäbisch Hall,Landkreis,Schwäbisch Hall (Landkreis),1995,93719.0,4616.0
Schwäbisch Hall,Landkreis,Schwäbisch Hall (Landkreis),1996,89078.0,4501.0
Schwäbisch Hall,Landkreis,Schwäbisch Hall (Landkreis),1997,88858.0,4427.0
Schwäbisch Hall,Landkreis,Schwäbisch Hall (Landkreis),1998,119609.0,5810.0
Schwäbisch Hall,Landkreis,Schwäbisch Hall (Landkreis),1999,144547.0,6890.0
Schwäbisch Hall,Landkreis,Schwäbisch Hall (Landkreis),2000,192651.0,9102.0
Schwäbisch Hall,Landkreis,Schwäbisch Hall (Landkreis),2001,193133.0,9087.0
Schwäbisch Hall,Landkreis,Schwäbisch Hall (Landkreis),2002,123758.0,5997.0
Schwäbisch Hall,Landkreis,Schwäbisch Hall (Landkreis),2003,100181.0,4958.0
Schwäbisch Hall,Landkreis,Schwäbisch Hall (Landkreis),2004,101422.0,4941.0
Schwäbisch Hall,Landkreis,Schwäbisch Hall (Landkreis),2005,90316.0,4286.0
Schwäbisch Hall,Landkreis,Schwäbisch Hall (Landkreis),2006,148567.0,6761.0
Schwäbisch Hall,Landkreis,Schwäbisch Hall (Landkreis),2007,164903.0,7159.0
Schwäbisch Hall,Landkreis,Schwäbisch Hall (Landkreis),2008,142922.0,5966.0
Schwäbisch Hall,Landkreis,Schwäbisch Hall (Landkreis),2009,119199.0,5163.0
Schwäbisch Hall,Landkreis,Schwäbisch Hall (Landkreis),2010,127971.0,5496.0
Schwäbisch Hall,Landkreis,Schwäbisch Hall (Landkreis),2011,148146.0,5896.0
Schwäbisch Hall,Landkreis,Schwäbisch Hall (Landkreis),2012,189219.0,7404.0
Schwäbisch Hall,Landkreis,Schwäbisch Hall (Landkreis),2013,164890.0,6321.0
Schwäbisch Hall,Landkreis,Schwäbisch Hall (Landkreis),2014,151338.0,5716.0
Schwäbisch Hall,Landkreis,Schwäbisch Hall (Landkreis),2015,181342.0,6681.0
Schwäbisch Hall,Landkreis,Schwäbisch Hall (Landkreis),2016,166623.0,5978.0
Schwäbisch Hall,Landkreis,Schwäbisch Hall (Landkreis),2017,164412.0,5638.0
Schwäbisch Hall,Landkreis,Schwäbisch Hall (Landkreis),2018,189259.0,6159.0
Schwäbisch Hall,Landkreis,Schwäbisch Hall (Landkreis),2019,210356.0,6655.0
Schwäbisch Hall,Landkreis,Schwäbisch Hall (Landkreis),2020,192737.0,6167.0
Schwäbisch Hall,Landkreis,Schwäbisch Hall (Landkreis),2021,169892.0,5320.0
Schwäbisch Hall,Landkreis,Schwäbisch Hall (Landkreis),2022,200554.0,6281.0
Schwäbisch Hall,Landkreis,Schwäbisch Hall (Landkreis),2023,327475.0,10015.0
Sigmaringen,Landkreis,Sigmaringen (Landkreis),1995,79683.0,5271.0
Sigmaringen,Landkreis,Sigmaringen (Landkreis),1996,68721.0,4728.0
Sigmaringen,Landkreis,Sigmaringen (Landkreis),1997,76893.0,5288.0
Sigmaringen,Landkreis,Sigmaringen (Landkreis),1998,97969.0,6844.0
Sigmaringen,Landkreis,Sigmaringen (Landkreis),1999,100618.0,7385.0
Sigmaringen,Landkreis,Sigmaringen (Landkreis),2000,74299.0,5511.0
Sigmaringen,Landkreis,Sigmaringen (Landkreis),2001,74931.0,5577.0
Sigmaringen,Landkreis,Sigmaringen (Landkreis),2002,61414.0,4630.0
Sigmaringen,Landkreis,Sigmaringen (Landkreis),2003,66440.0,5001.0
Sigmaringen,Landkreis,Sigmaringen (Landkreis),2004,64274.0,4869.0
Sigmaringen,Landkreis,Sigmaringen (Landkreis),2005,70659.0,5304.0
Sigmaringen,Landkreis,Sigmaringen (Landkreis),2006,75499.0,5574.0
Sigmaringen,Landkreis,Sigmaringen (Landkreis),2007,72528.0,5036.0
Sigmaringen,Landkreis,Sigmaringen (Landkreis),2008,131069.0,8818.0
Sigmaringen,Landkreis,Sigmaringen (Landkreis),2009,87226.0,6206.0
Sigmaringen,Landkreis,Sigmaringen (Landkreis),2010,62928.0,4593.0
Sigmaringen,Landkreis,Sigmaringen (Landkreis),2011,78479.0,5621.0
Sigmaringen,Landkreis,Sigmaringen (Landkreis),2012,99957.0,6961.0
Sigmaringen,Landkreis,Sigmaringen (Landkreis),2013,79959.0,5410.0
Sigmaringen,Landkreis,Sigmaringen (Landkreis),2014,85933.0,5572.0
Sigmaringen,Landkreis,Sigmaringen (Landkreis),2015,110881.0,6990.0
Sigmaringen,Landkreis,Sigmaringen (Landkreis),2016,116289.0,7217.0
Sigmaringen,Landkreis,Sigmaringen (Landkreis),2017,110255.0,6708.0
Sigmaringen,Landkreis,Sigmaringen (Landkreis),2018,110579.0,6582.0
Sigmaringen,Landkreis,Sigmaringen (Landkreis),2019,122050.0,7187.0
Sigmaringen,Landkreis,Sigmaringen (Landkreis),2020,102428.0,6343.0
Sigmaringen,Landkreis,Sigmaringen (Landkreis),2021,124524.0,7574.0
Sigmaringen,Landkreis,Sigmaringen (Landkreis),2022,124615.0,7499.0
Sigmaringen,Landkreis,Sigmaringen (Landkreis),2023,203595.0,12214.0
Stuttgart,kreisfreie Stadt,Stuttgart (kreisfreie Stadt),1995,604269.0,6902.0
Stuttgart,kreisfreie Stadt,Stuttgart (kreisfreie Stadt),1996,819344.0,9593.0
Stuttgart,kreisfreie Stadt,Stuttgart (kreisfreie Stadt),1997,860869.0,10102.0
Stuttgart,kreisfreie Stadt,Stuttgart (kreisfreie Stadt),1998,647641.0,7328.0
Stuttgart,kreisfreie Stadt,Stuttgart (kreisfreie Stadt),1999,704985.0,8018.0
Stuttgart,kreisfreie Stadt,Stuttgart (kreisfreie Stadt),2000,606793.0,7056.0
Stuttgart,kreisfreie Stadt,Stuttgart (kreisfreie Stadt),2001,874484.0,10236.0
Stuttgart,kreisfreie Stadt,Stuttgart (kreisfreie Stadt),2002,942527.0,11194.0
Stuttgart,kreisfreie Stadt,Stuttgart (kreisfreie Stadt),2003,1243342.0,15421.0
Stuttgart,kreisfreie Stadt,Stuttgart (kreisfreie Stadt),2004,1112790.0,14074.0
Stuttgart,kreisfreie Stadt,Stuttgart (kreisfreie Stadt),2005,683345.0,9079.0
Stuttgart,kreisfreie Stadt,Stuttgart (kreisfreie Stadt),2006,879463.0,12212.0
Stuttgart,kreisfreie Stadt,Stuttgart (kreisfreie Stadt),2007,1029724.0,14754.0
Stuttgart,kreisfreie Stadt,Stuttgart (kreisfreie Stadt),2008,1125825.0,17011.0
Stuttgart,kreisfreie Stadt,Stuttgart (kreisfreie Stadt),2009,1116994.0,18295.0
Stuttgart,kreisfreie Stadt,Stuttgart (kreisfreie Stadt),2010,1118935.0,18451.0
Stuttgart,kreisfreie Stadt,Stuttgart (kreisfreie Stadt),2011,1201586.0,19582.0
Stuttgart,kreisfreie Stadt,Stuttgart (kreisfreie Stadt),2012,1352641.0,21377.0
Stuttgart,kreisfreie Stadt,Stuttgart (kreisfreie Stadt),2013,1518431.0,23439.0
Stuttgart,kreisfreie Stadt,Stuttgart (kreisfreie Stadt),2014,1125032.0,16794.0
Stuttgart,kreisfreie Stadt,Stuttgart (kreisfreie Stadt),2015,1431847.0,20865.0
Stuttgart,kreisfreie Stadt,Stuttgart (kreisfreie Stadt),2016,2124038.0,30138.0
Stuttgart,kreisfreie Stadt,Stuttgart (kreisfreie Stadt),2017,2398613.0,33967.0
Stuttgart,kreisfreie Stadt,Stuttgart (kreisfreie Stadt),2018,2172023.0,28856.0
Stuttgart,kreisfreie Stadt,Stuttgart (kreisfreie Stadt),2019,2177275.0,28255.0
Stuttgart,kreisfreie Stadt,Stuttgart (kreisfreie Stadt),2020,1457990.0,21002.0
Stuttgart,kreisfreie Stadt,Stuttgart (kreisfreie Stadt),2021,1429213.0,20829.0
Stuttgart,kreisfreie Stadt,Stuttgart (kreisfreie Stadt),2022,1489903.0,22522.0
Stuttgart,kreisfreie Stadt,Stuttgart (kreisfreie Stadt),2023,1643300.0,24355.0
Tuttlingen,Landkreis,Tuttlingen (Landkreis),1995,100689.0,4596.0
Tuttlingen,Landkreis,Tuttlingen (Landkreis),1996,118696.0,5523.0
Tuttlingen,Landkreis,Tuttlingen (Landkreis),1997,124777.0,5568.0
Tuttlingen,Landkreis,Tuttlingen (Landkreis),1998,159312.0,6783.0
Tuttlingen,Landkreis,Tuttlingen (Landkreis),1999,173253.0,7319.0
Tuttlingen,Landkreis,Tuttlingen (Landkreis),2000,188562.0,7838.0
Tuttlingen,Landkreis,Tuttlingen (Landkreis),2001,207781.0,8372.0
Tuttlingen,Landkreis,Tuttlingen (Landkreis),2002,159620.0,6351.0
Tuttlingen,Landkreis,Tuttlingen (Landkreis),2003,172900.0,6850.0
Tuttlingen,Landkreis,Tuttlingen (Landkreis),2004,163991.0,6378.0
Tuttlingen,Landkreis,Tuttlingen (Landkreis),2005,189665.0,7205.0
Tuttlingen,Landkreis,Tuttlingen (Landkreis),2006,184986.0,6746.0
Tuttlingen,Landkreis,Tuttlingen (Landkreis),2007,246550.0,8571.0
Tuttlingen,Landkreis,Tuttlingen (Landkreis),2008,244252.0,8189.0
Tuttlingen,Landkreis,Tuttlingen (Landkreis),2009,126345.0,4564.0
Tuttlingen,Landkreis,Tuttlingen (Landkreis),2010,181082.0,6391.0
Tuttlingen,Landkreis,Tuttlingen (Landkreis),2011,249141.0,8138.0
Tuttlingen,Landkreis,Tuttlingen (Landkreis),2012,257060.0,8285.0
Tuttlingen,Landkreis,Tuttlingen (Landkreis),2013,278555.0,8829.0
Tuttlingen,Landkreis,Tuttlingen (Landkreis),2014,358042.0,11180.0
Tuttlingen,Landkreis,Tuttlingen (Landkreis),2015,259861.0,7892.0
Tuttlingen,Landkreis,Tuttlingen (Landkreis),2016,289552.0,8585.0
Tuttlingen,Landkreis,Tuttlingen (Landkreis),2017,305624.0,8826.0
Tuttlingen,Landkreis,Tuttlingen (Landkreis),2018,357889.0,9889.0
Tuttlingen,Landkreis,Tuttlingen (Landkreis),2019,269632.0,7317.0
Tuttlingen,Landkreis,Tuttlingen (Landkreis),2020,225034.0,6321.0
Tuttlingen,Landkreis,Tuttlingen (Landkreis),2021,236693.0,6567.0
Tuttlingen,Landkreis,Tuttlingen (Landkreis),2022,264890.0,7262.0
Tuttlingen,Landkreis,Tuttlingen (Landkreis),2023,292161.0,7927.0
Tübingen,Landkreis,Tübingen (Landkreis),1995,57421.0,3793.0
Tübingen,Landkreis,Tübingen (Landkreis),1996,67333.0,4660.0
Tübingen,Landkreis,Tübingen (Landkreis),1997,59798.0,4075.0
Tübingen,Landkreis,Tübingen (Landkreis),1998,69547.0,4478.0
Tübingen,Landkreis,Tübingen (Landkreis),1999,80822.0,5036.0
Tübingen,Landkreis,Tübingen (Landkreis),2000,73853.0,4587.0
Tübingen,Landkreis,Tübingen (Landkreis),2001,69595.0,4437.0
Tübingen,Landkreis,Tübingen (Landkreis),2002,60512.0,4064.0
Tübingen,Landkreis,Tübingen (Landkreis),2003,59965.0,4267.0
Tübingen,Landkreis,Tübingen (Landkreis),2004,52564.0,3681.0
Tübingen,Landkreis,Tübingen (Landkreis),2005,56685.0,4038.0
Tübingen,Landkreis,Tübingen (Landkreis),2006,85884.0,5890.0
Tübingen,Landkreis,Tübingen (Landkreis),2007,100704.0,6866.0
Tübingen,Landkreis,Tübingen (Landkreis),2008,112478.0,7378.0
Tübingen,Landkreis,Tübingen (Landkreis),2009,56480.0,4304.0
Tübingen,Landkreis,Tübingen (Landkreis),2010,72870.0,5695.0
Tübingen,Landkreis,Tübingen (Landkreis),2011,99988.0,7092.0
Tübingen,Landkreis,Tübingen (Landkreis),2012,108687.0,7323.0
Tübingen,Landkreis,Tübingen (Landkreis),2013,82593.0,5483.0
Tübingen,Landkreis,Tübingen (Landkreis),2014,68874.0,4574.0
Tübingen,Landkreis,Tübingen (Landkreis),2015,101549.0,6564.0
Tübingen,Landkreis,Tübingen (Landkreis),2016,134541.0,8034.0
Tübingen,Landkreis,Tübingen (Landkreis),2017,133530.0,7878.0
Tübingen,Landkreis,Tübingen (Landkreis),2018,137096.0,8065.0
Tübingen,Landkreis,Tübingen (Landkreis),2019,147012.0,8506.0
Tübingen,Landkreis,Tübingen (Landkreis),2020,103119.0,6190.0
Tübingen,Landkreis,Tübingen (Landkreis),2021,163968.0,9387.0
Tübingen,Landkreis,Tübingen (Landkreis),2022,201157.0,11353.0
Tübingen,Landkreis,Tübingen (Landkreis),2023,183285.0,9990.0
Ulm,kreisfreie Stadt,Ulm (kreisfreie Stadt),1995,101716.0,4362.0
Ulm,kreisfreie Stadt,Ulm (kreisfreie Stadt),1996,115756.0,5276.0
Ulm,kreisfreie Stadt,Ulm (kreisfreie Stadt),1997,91017.0,3980.0
Ulm,kreisfreie Stadt,Ulm (kreisfreie Stadt),1998,136210.0,6287.0
Ulm,kreisfreie Stadt,Ulm (kreisfreie Stadt),1999,121338.0,5474.0
Ulm,kreisfreie Stadt,Ulm (kreisfreie Stadt),2000,111953.0,5142.0
Ulm,kreisfreie Stadt,Ulm (kreisfreie Stadt),2001,138841.0,6513.0
Ulm,kreisfreie Stadt,Ulm (kreisfreie Stadt),2002,152672.0,7337.0
Ulm,kreisfreie Stadt,Ulm (kreisfreie Stadt),2003,91093.0,4347.0
Ulm,kreisfreie Stadt,Ulm (kreisfreie Stadt),2004,101652.0,4977.0
Ulm,kreisfreie Stadt,Ulm (kreisfreie Stadt),2005,109767.0,5667.0
Ulm,kreisfreie Stadt,Ulm (kreisfreie Stadt),2006,153710.0,8121.0
Ulm,kreisfreie Stadt,Ulm (kreisfreie Stadt),2007,181224.0,9045.0
Ulm,kreisfreie Stadt,Ulm (kreisfreie Stadt),2008,109675.0,5253.0
Ulm,kreisfreie Stadt,Ulm (kreisfreie Stadt),2009,73991.0,3991.0
Ulm,kreisfreie Stadt,Ulm (kreisfreie Stadt),2010,80285.0,4397.0
Ulm,kreisfreie Stadt,Ulm (kreisfreie Stadt),2011,118779.0,6634.0
Ulm,kreisfreie Stadt,Ulm (kreisfreie Stadt),2012,139105.0,7758.0
Ulm,kreisfreie Stadt,Ulm (kreisfreie Stadt),2013,108447.0,5943.0
Ulm,kreisfreie Stadt,Ulm (kreisfreie Stadt),2014,120798.0,6981.0
Ulm,kreisfreie Stadt,Ulm (kreisfreie Stadt),2015,141534.0,8271.0
Ulm,kreisfreie Stadt,Ulm (kreisfreie Stadt),2016,153172.0,8927.0
Ulm,kreisfreie Stadt,Ulm (kreisfreie Stadt),2017,143393.0,8492.0
Ulm,kreisfreie Stadt,Ulm (kreisfreie Stadt),2018,212793.0,12249.0
Ulm,kreisfreie Stadt,Ulm (kreisfreie Stadt),2019,269924.0,14950.0
Ulm,kreisfreie Stadt,Ulm (kreisfreie Stadt),2020,272290.0,15778.0
Ulm,kreisfreie Stadt,Ulm (kreisfreie Stadt),2021,262558.0,14662.0
Ulm,kreisfreie Stadt,Ulm (kreisfreie Stadt),2022,228414.0,12592.0
Ulm,kreisfreie Stadt,Ulm (kreisfreie Stadt),2023,212161.0,11414.0
Waldshut,Landkreis,Waldshut (Landkreis),1995,84729.0,5758.0
Waldshut,Landkreis,Waldshut (Landkreis),1996,83458.0,5990.0
Waldshut,Landkreis,Waldshut (Landkreis),1997,79745.0,5667.0
Waldshut,Landkreis,Waldshut (Landkreis),1998,109298.0,7831.0
Waldshut,Landkreis,Waldshut (Landkreis),1999,109595.0,7936.0
Waldshut,Landkreis,Waldshut (Landkreis),2000,127694.0,8922.0
Waldshut,Landkreis,Waldshut (Landkreis),2001,123745.0,8419.0
Waldshut,Landkreis,Waldshut (Landkreis),2002,107208.0,7400.0
Waldshut,Landkreis,Waldshut (Landkreis),2003,128299.0,8927.0
Waldshut,Landkreis,Waldshut (Landkreis),2004,91349.0,6401.0
Waldshut,Landkreis,Waldshut (Landkreis),2005,123001.0,8637.0
Waldshut,Landkreis,Waldshut (Landkreis),2006,132502.0,9125.0
Waldshut,Landkreis,Waldshut (Landkreis),2007,155305.0,10339.0
Waldshut,Landkreis,Waldshut (Landkreis),2008,122526.0,8155.0
Waldshut,Landkreis,Waldshut (Landkreis),2009,97421.0,7338.0
Waldshut,Landkreis,Waldshut (Landkreis),2010,88163.0,6663.0
Waldshut,Landkreis,Waldshut (Landkreis),2011,125343.0,8992.0
Waldshut,Landkreis,Waldshut (Landkreis),2012,107246.0,7991.0
Waldshut,Landkreis,Waldshut (Landkreis),2013,120651.0,8863.0
Waldshut,Landkreis,Waldshut (Landkreis),2014,119711.0,8626.0
Waldshut,Landkreis,Waldshut (Landkreis),2015,110003.0,7841.0
Waldshut,Landkreis,Waldshut (Landkreis),2016,135686.0,9830.0
Waldshut,Landkreis,Waldshut (Landkreis),2017,136914.0,9759.0
Waldshut,Landkreis,Waldshut (Landkreis),2018,130499.0,9234.0
Waldshut,Landkreis,Waldshut (Landkreis),2019,110983.0,8005.0
Waldshut,Landkreis,Waldshut (Landkreis),2020,97611.0,7470.0
Waldshut,Landkreis,Waldshut (Landkreis),2021,137277.0,10441.0
Waldshut,Landkreis,Waldshut (Landkreis),2022,129179.0,9805.0
Waldshut,Landkreis,Waldshut (Landkreis),2023,162943.0,12273.0
Zollernalbkreis,Landkreis,Zollernalbkreis (Landkreis),1995,122860.0,4186.0
Zollernalbkreis,Landkreis,Zollernalbkreis (Landkreis),1996,110250.0,3920.0
Zollernalbkreis,Landkreis,Zollernalbkreis (Landkreis),1997,119639.0,4403.0
Zollernalbkreis,Landkreis,Zollernalbkreis (Landkreis),1998,133876.0,4903.0
Zollernalbkreis,Landkreis,Zollernalbkreis (Landkreis),1999,154924.0,5724.0
Zollernalbkreis,Landkreis,Zollernalbkreis (Landkreis),2000,176027.0,6607.0
Zollernalbkreis,Landkreis,Zollernalbkreis (Landkreis),2001,198711.0,7471.0
Zollernalbkreis,Landkreis,Zollernalbkreis (Landkreis),2002,178963.0,6776.0
Zollernalbkreis,Landkreis,Zollernalbkreis (Landkreis),2003,109916.0,4416.0
Zollernalbkreis,Landkreis,Zollernalbkreis (Landkreis),2004,128546.0,5265.0
Zollernalbkreis,Landkreis,Zollernalbkreis (Landkreis),2005,113872.0,4775.0
Zollernalbkreis,Landkreis,Zollernalbkreis (Landkreis),2006,113763.0,4815.0
Zollernalbkreis,Landkreis,Zollernalbkreis (Landkreis),2007,135477.0,5506.0
Zollernalbkreis,Landkreis,Zollernalbkreis (Landkreis),2008,176611.0,7028.0
Zollernalbkreis,Landkreis,Zollernalbkreis (Landkreis),2009,116669.0,5157.0
Zollernalbkreis,Landkreis,Zollernalbkreis (Landkreis),2010,104339.0,4667.0
Zollernalbkreis,Landkreis,Zollernalbkreis (Landkreis),2011,140650.0,6008.0
Zollernalbkreis,Landkreis,Zollernalbkreis (Landkreis),2012,152140.0,6566.0
Zollernalbkreis,Landkreis,Zollernalbkreis (Landkreis),2013,211093.0,8994.0
Zollernalbkreis,Landkreis,Zollernalbkreis (Landkreis),2014,114175.0,4820.0
Zollernalbkreis,Landkreis,Zollernalbkreis (Landkreis),2015,190128.0,7928.0
Zollernalbkreis,Landkreis,Zollernalbkreis (Landkreis),2016,129925.0,5354.0
Zollernalbkreis,Landkreis,Zollernalbkreis (Landkreis),2017,131545.0,5222.0
Zollernalbkreis,Landkreis,Zollernalbkreis (Landkreis),2018,141322.0,5429.0
Zollernalbkreis,Landkreis,Zollernalbkreis (Landkreis),2019,161979.0,6096.0
Zollernalbkreis,Landkreis,Zollernalbkreis (Landkreis),2020,184484.0,7129.0
Zollernalbkreis,Landkreis,Zollernalbkreis (Landkreis),2021,222210.0,8439.0
Zollernalbkreis,Landkreis,Zollernalbkreis (Landkreis),2022,256279.0,9557.0
Zollernalbkreis,Landkreis,Zollernalbkreis (Landkreis),2023,261334.0,9739.0
