DName,DType,Jahr,Betriebe,Beschäftigte,Gesamtumsatz
Alb-Donau-Kreis,Landkreis,1995,152,16075.0,2087975.0
Alb-Donau-Kreis,Landkreis,1996,148,15858.0,2134438.0
Alb-Donau-Kreis,Landkreis,1997,162,16456.0,2506318.0
Alb-Donau-Kreis,Landkreis,1998,157,16590.0,2587004.0
Alb-Donau-Kreis,Landkreis,1999,164,16987.0,2845454.0
Alb-Donau-Kreis,Landkreis,2000,166,17551.0,3088531.0
Alb-Donau-Kreis,Landkreis,2001,162,17864.0,3125407.0
Alb-Donau-Kreis,Landkreis,2002,168,17345.0,3073172.0
Alb-Donau-Kreis,Landkreis,2003,162,16707.0,3021712.0
Alb-Donau-Kreis,Landkreis,2004,160,16279.0,3221256.0
Alb-Donau-Kreis,Landkreis,2005,164,16288.0,3291576.0
Alb-Donau-Kreis,Landkreis,2006,163,16465.0,3720086.0
Alb-Donau-Kreis,Landkreis,2007,162,17512.0,4175860.0
Alb-Donau-Kreis,Landkreis,2008,165,18264.0,4498407.0
Alb-Donau-Kreis,Landkreis,2009,166,17320.0,3744477.0
Alb-Donau-Kreis,Landkreis,2010,163,17544.0,4292569.0
Alb-Donau-Kreis,Landkreis,2011,164,18361.0,4687752.0
Alb-Donau-Kreis,Landkreis,2012,172,18437.0,4215001.0
Alb-Donau-Kreis,Landkreis,2013,177,18556.0,4470868.0
Alb-Donau-Kreis,Landkreis,2014,176,18871.0,4629482.0
Alb-Donau-Kreis,Landkreis,2015,177,18882.0,4781558.0
Alb-Donau-Kreis,Landkreis,2016,176,18852.0,4770085.0
Alb-Donau-Kreis,Landkreis,2017,180,19547.0,4948207.0
Alb-Donau-Kreis,Landkreis,2018,189,20470.0,5341696.0
Alb-Donau-Kreis,Landkreis,2019,192,20961.0,5469670.0
Alb-Donau-Kreis,Landkreis,2020,196,20498.0,5221626.0
Alb-Donau-Kreis,Landkreis,2021,191,20498.0,5920332.0
Alb-Donau-Kreis,Landkreis,2022,185,20944.0,6409035.0
Alb-Donau-Kreis,Landkreis,2023,187,21413.0,6854521.0
Baden-Baden,kreisfreie Stadt,1995,39,4710.0,613449.0
Baden-Baden,kreisfreie Stadt,1996,40,4830.0,619491.0
Baden-Baden,kreisfreie Stadt,1997,42,4863.0,646489.0
Baden-Baden,kreisfreie Stadt,1998,45,4960.0,669110.0
Baden-Baden,kreisfreie Stadt,1999,45,4906.0,703927.0
Baden-Baden,kreisfreie Stadt,2000,40,4904.0,732004.0
Baden-Baden,kreisfreie Stadt,2001,40,4864.0,733369.0
Baden-Baden,kreisfreie Stadt,2002,44,5079.0,776344.0
Baden-Baden,kreisfreie Stadt,2003,43,4997.0,766608.0
Baden-Baden,kreisfreie Stadt,2004,43,4967.0,780307.0
Baden-Baden,kreisfreie Stadt,2005,45,4832.0,772474.0
Baden-Baden,kreisfreie Stadt,2006,45,4812.0,811523.0
Baden-Baden,kreisfreie Stadt,2007,44,4788.0,869189.0
Baden-Baden,kreisfreie Stadt,2008,44,5154.0,938606.0
Baden-Baden,kreisfreie Stadt,2009,34,4463.0,695861.0
Baden-Baden,kreisfreie Stadt,2010,31,4129.0,718245.0
Baden-Baden,kreisfreie Stadt,2011,34,4477.0,737200.0
Baden-Baden,kreisfreie Stadt,2012,35,4483.0,804474.0
Baden-Baden,kreisfreie Stadt,2013,33,4277.0,721775.0
Baden-Baden,kreisfreie Stadt,2014,31,4247.0,767585.0
Baden-Baden,kreisfreie Stadt,2015,30,4235.0,776835.0
Baden-Baden,kreisfreie Stadt,2016,30,4262.0,810558.0
Baden-Baden,kreisfreie Stadt,2017,31,4436.0,810775.0
Baden-Baden,kreisfreie Stadt,2018,31,4487.0,866701.0
Baden-Baden,kreisfreie Stadt,2019,31,4563.0,884424.0
Baden-Baden,kreisfreie Stadt,2020,30,4384.0,808449.0
Baden-Baden,kreisfreie Stadt,2021,28,4223.0,825244.0
Baden-Baden,kreisfreie Stadt,2022,26,4059.0,896605.0
Baden-Baden,kreisfreie Stadt,2023,26,4094.0,890729.0
Biberach,Landkreis,1995,146,23161.0,3211085.0
Biberach,Landkreis,1996,148,22844.0,3115971.0
Biberach,Landkreis,1997,165,23199.0,3411759.0
Biberach,Landkreis,1998,164,23539.0,3461096.0
Biberach,Landkreis,1999,165,24092.0,3605141.0
Biberach,Landkreis,2000,165,24742.0,3898520.0
Biberach,Landkreis,2001,163,25880.0,4068342.0
Biberach,Landkreis,2002,170,26555.0,4233953.0
Biberach,Landkreis,2003,167,27471.0,4522576.0
Biberach,Landkreis,2004,167,27761.0,4931620.0
Biberach,Landkreis,2005,170,28294.0,5408156.0
Biberach,Landkreis,2006,172,29227.0,6173612.0
Biberach,Landkreis,2007,171,31242.0,6670479.0
Biberach,Landkreis,2008,174,32484.0,7055948.0
Biberach,Landkreis,2009,176,31390.0,5543326.0
Biberach,Landkreis,2010,179,31599.0,6058493.0
Biberach,Landkreis,2011,180,32630.0,6991880.0
Biberach,Landkreis,2012,181,33523.0,7199392.0
Biberach,Landkreis,2013,185,34267.0,7028789.0
Biberach,Landkreis,2014,187,35396.0,7311361.0
Biberach,Landkreis,2015,190,35593.0,7594766.0
Biberach,Landkreis,2016,199,37233.0,8101937.0
Biberach,Landkreis,2017,205,38525.0,8886748.0
Biberach,Landkreis,2018,214,40357.0,9535003.0
Biberach,Landkreis,2019,212,40727.0,9616238.0
Biberach,Landkreis,2020,219,40260.0,8685947.0
Biberach,Landkreis,2021,218,40445.0,9701418.0
Biberach,Landkreis,2022,212,41000.0,10715598.0
Biberach,Landkreis,2023,212,41696.0,11043618.0
Bodenseekreis,Landkreis,1995,122,25815.0,3226457.0
Bodenseekreis,Landkreis,1996,121,25756.0,3886252.0
Bodenseekreis,Landkreis,1997,130,25812.0,4190144.0
Bodenseekreis,Landkreis,1998,134,26549.0,4226913.0
Bodenseekreis,Landkreis,1999,131,26785.0,4612415.0
Bodenseekreis,Landkreis,2000,137,27469.0,4691216.0
Bodenseekreis,Landkreis,2001,137,28080.0,4547545.0
Bodenseekreis,Landkreis,2002,141,27797.0,5054659.0
Bodenseekreis,Landkreis,2003,148,27823.0,4666600.0
Bodenseekreis,Landkreis,2004,141,27396.0,4921245.0
Bodenseekreis,Landkreis,2005,143,27484.0,5439830.0
Bodenseekreis,Landkreis,2006,152,28130.0,6399278.0
Bodenseekreis,Landkreis,2007,152,29750.0,6815227.0
Bodenseekreis,Landkreis,2008,151,31802.0,7389724.0
Bodenseekreis,Landkreis,2009,145,30399.0,5607195.0
Bodenseekreis,Landkreis,2010,146,30293.0,6266291.0
Bodenseekreis,Landkreis,2011,147,32216.0,6861182.0
Bodenseekreis,Landkreis,2012,147,32899.0,6839869.0
Bodenseekreis,Landkreis,2013,153,34341.0,7101075.0
Bodenseekreis,Landkreis,2014,152,33884.0,7038248.0
Bodenseekreis,Landkreis,2015,151,34087.0,7170354.0
Bodenseekreis,Landkreis,2016,154,34424.0,7631193.0
Bodenseekreis,Landkreis,2017,156,34818.0,7425576.0
Bodenseekreis,Landkreis,2018,162,36015.0,8079082.0
Bodenseekreis,Landkreis,2019,167,37173.0,7748350.0
Bodenseekreis,Landkreis,2020,164,35649.0,6850002.0
Bodenseekreis,Landkreis,2021,167,35749.0,7580664.0
Bodenseekreis,Landkreis,2022,167,36595.0,8626852.0
Bodenseekreis,Landkreis,2023,167,37730.0,9397353.0
Breisgau-Hochschwarzwald,Landkreis,1995,155,15857.0,1843003.0
Breisgau-Hochschwarzwald,Landkreis,1996,153,15275.0,1871110.0
Breisgau-Hochschwarzwald,Landkreis,1997,157,15416.0,2095370.0
Breisgau-Hochschwarzwald,Landkreis,1998,156,16387.0,2270364.0
Breisgau-Hochschwarzwald,Landkreis,1999,157,16723.0,2444885.0
Breisgau-Hochschwarzwald,Landkreis,2000,163,16960.0,2670654.0
Breisgau-Hochschwarzwald,Landkreis,2001,160,17296.0,2637891.0
Breisgau-Hochschwarzwald,Landkreis,2002,164,16904.0,2499445.0
Breisgau-Hochschwarzwald,Landkreis,2003,164,16779.0,2467638.0
Breisgau-Hochschwarzwald,Landkreis,2004,167,16549.0,2576531.0
Breisgau-Hochschwarzwald,Landkreis,2005,167,15963.0,2446727.0
Breisgau-Hochschwarzwald,Landkreis,2006,163,15808.0,2673002.0
Breisgau-Hochschwarzwald,Landkreis,2007,159,16694.0,2786623.0
Breisgau-Hochschwarzwald,Landkreis,2008,158,16944.0,2814803.0
Breisgau-Hochschwarzwald,Landkreis,2009,154,16256.0,2350321.0
Breisgau-Hochschwarzwald,Landkreis,2010,158,17152.0,2991133.0
Breisgau-Hochschwarzwald,Landkreis,2011,163,18319.0,3482983.0
Breisgau-Hochschwarzwald,Landkreis,2012,164,18355.0,3415929.0
Breisgau-Hochschwarzwald,Landkreis,2013,171,19039.0,3538174.0
Breisgau-Hochschwarzwald,Landkreis,2014,173,19704.0,3622740.0
Breisgau-Hochschwarzwald,Landkreis,2015,171,19844.0,3671505.0
Breisgau-Hochschwarzwald,Landkreis,2016,171,20241.0,3876134.0
Breisgau-Hochschwarzwald,Landkreis,2017,172,20672.0,3908397.0
Breisgau-Hochschwarzwald,Landkreis,2018,175,21662.0,4223179.0
Breisgau-Hochschwarzwald,Landkreis,2019,181,21725.0,4149044.0
Breisgau-Hochschwarzwald,Landkreis,2020,183,21164.0,3942832.0
Breisgau-Hochschwarzwald,Landkreis,2021,179,20958.0,4219438.0
Breisgau-Hochschwarzwald,Landkreis,2022,182,21258.0,4488423.0
Breisgau-Hochschwarzwald,Landkreis,2023,187,21933.0,4910574.0
Böblingen,Landkreis,1995,225,67051.0,17192228.0
Böblingen,Landkreis,1996,225,66517.0,18782019.0
Böblingen,Landkreis,1997,242,67157.0,20594038.0
Böblingen,Landkreis,1998,234,66542.0,22994265.0
Böblingen,Landkreis,1999,240,70052.0,26636601.0
Böblingen,Landkreis,2000,239,73554.0,31812733.0
Böblingen,Landkreis,2001,232,76229.0,32548807.0
Böblingen,Landkreis,2002,239,76055.0,32042151.0
Böblingen,Landkreis,2003,225,74881.0,32399659.0
Böblingen,Landkreis,2004,220,73331.0,30082906.0
Böblingen,Landkreis,2005,221,70657.0,28837790.0
Böblingen,Landkreis,2006,219,67438.0,32940754.0
Böblingen,Landkreis,2007,215,66805.0,33786493.0
Böblingen,Landkreis,2008,209,67472.0,29599293.0
Böblingen,Landkreis,2009,190,63831.0,21332946.0
Böblingen,Landkreis,2010,192,64253.0,
Böblingen,Landkreis,2011,194,65847.0,
Böblingen,Landkreis,2012,195,66765.0,
Böblingen,Landkreis,2013,193,68320.0,
Böblingen,Landkreis,2014,198,69958.0,
Böblingen,Landkreis,2015,198,70900.0,
Böblingen,Landkreis,2016,196,73171.0,
Böblingen,Landkreis,2017,197,74662.0,
Böblingen,Landkreis,2018,200,76488.0,
Böblingen,Landkreis,2019,203,76653.0,
Böblingen,Landkreis,2020,213,73005.0,
Böblingen,Landkreis,2021,212,71614.0,
Böblingen,Landkreis,2022,208,73278.0,
Böblingen,Landkreis,2023,211,74211.0,
Calw,Landkreis,1995,108,11334.0,1245197.0
Calw,Landkreis,1996,106,10700.0,1185062.0
Calw,Landkreis,1997,110,10563.0,1226486.0
Calw,Landkreis,1998,107,10451.0,1180456.0
Calw,Landkreis,1999,109,10165.0,1181894.0
Calw,Landkreis,2000,109,9876.0,1286303.0
Calw,Landkreis,2001,106,10217.0,1349918.0
Calw,Landkreis,2002,113,10322.0,1394003.0
Calw,Landkreis,2003,108,9947.0,1459912.0
Calw,Landkreis,2004,106,10129.0,1572389.0
Calw,Landkreis,2005,109,10424.0,1631121.0
Calw,Landkreis,2006,109,10729.0,1853903.0
Calw,Landkreis,2007,113,11270.0,2064692.0
Calw,Landkreis,2008,109,11467.0,2095292.0
Calw,Landkreis,2009,109,10746.0,1795176.0
Calw,Landkreis,2010,107,10812.0,2123774.0
Calw,Landkreis,2011,107,11197.0,2550292.0
Calw,Landkreis,2012,109,11520.0,2589827.0
Calw,Landkreis,2013,109,11442.0,2594806.0
Calw,Landkreis,2014,108,11322.0,2605971.0
Calw,Landkreis,2015,103,11068.0,2797291.0
Calw,Landkreis,2016,106,11254.0,2955574.0
Calw,Landkreis,2017,104,11332.0,3040876.0
Calw,Landkreis,2018,101,11763.0,3615507.0
Calw,Landkreis,2019,105,11726.0,3747972.0
Calw,Landkreis,2020,108,11253.0,3169342.0
Calw,Landkreis,2021,108,11425.0,3326306.0
Calw,Landkreis,2022,110,11961.0,4357094.0
Calw,Landkreis,2023,111,12009.0,4343273.0
Emmendingen,Landkreis,1995,127,13661.0,1353461.0
Emmendingen,Landkreis,1996,128,13267.0,1342636.0
Emmendingen,Landkreis,1997,129,13008.0,1426415.0
Emmendingen,Landkreis,1998,129,13124.0,1554470.0
Emmendingen,Landkreis,1999,132,13216.0,1569460.0
Emmendingen,Landkreis,2000,139,13789.0,1694596.0
Emmendingen,Landkreis,2001,137,14037.0,1759824.0
Emmendingen,Landkreis,2002,138,13348.0,1730910.0
Emmendingen,Landkreis,2003,135,13123.0,1758159.0
Emmendingen,Landkreis,2004,140,13031.0,1795538.0
Emmendingen,Landkreis,2005,144,12901.0,1784320.0
Emmendingen,Landkreis,2006,143,13152.0,2013931.0
Emmendingen,Landkreis,2007,141,13728.0,2214840.0
Emmendingen,Landkreis,2008,137,13828.0,2116848.0
Emmendingen,Landkreis,2009,138,13004.0,1733730.0
Emmendingen,Landkreis,2010,140,13120.0,2134631.0
Emmendingen,Landkreis,2011,139,13849.0,2370159.0
Emmendingen,Landkreis,2012,140,13954.0,2386588.0
Emmendingen,Landkreis,2013,140,14200.0,2415205.0
Emmendingen,Landkreis,2014,145,14716.0,2594165.0
Emmendingen,Landkreis,2015,142,14995.0,2641446.0
Emmendingen,Landkreis,2016,146,15586.0,2701804.0
Emmendingen,Landkreis,2017,147,16191.0,2907473.0
Emmendingen,Landkreis,2018,147,16948.0,3073984.0
Emmendingen,Landkreis,2019,150,17111.0,3022938.0
Emmendingen,Landkreis,2020,157,16967.0,2902139.0
Emmendingen,Landkreis,2021,156,17004.0,2997961.0
Emmendingen,Landkreis,2022,163,18029.0,3286466.0
Emmendingen,Landkreis,2023,159,18355.0,3268407.0
Enzkreis,Landkreis,1995,244,22743.0,2275124.0
Enzkreis,Landkreis,1996,253,22840.0,2321268.0
Enzkreis,Landkreis,1997,262,23150.0,2600057.0
Enzkreis,Landkreis,1998,266,24151.0,2781269.0
Enzkreis,Landkreis,1999,267,24511.0,3043003.0
Enzkreis,Landkreis,2000,256,24270.0,3147020.0
Enzkreis,Landkreis,2001,251,24737.0,3140457.0
Enzkreis,Landkreis,2002,268,24716.0,3406221.0
Enzkreis,Landkreis,2003,255,23936.0,3360580.0
Enzkreis,Landkreis,2004,247,23721.0,3563900.0
Enzkreis,Landkreis,2005,249,24133.0,3831524.0
Enzkreis,Landkreis,2006,246,24498.0,4154821.0
Enzkreis,Landkreis,2007,246,25595.0,4370186.0
Enzkreis,Landkreis,2008,242,25605.0,4430833.0
Enzkreis,Landkreis,2009,234,22859.0,3404356.0
Enzkreis,Landkreis,2010,235,23070.0,4015611.0
Enzkreis,Landkreis,2011,239,24281.0,4620419.0
Enzkreis,Landkreis,2012,248,24719.0,4574238.0
Enzkreis,Landkreis,2013,255,24894.0,4524183.0
Enzkreis,Landkreis,2014,255,24741.0,4508593.0
Enzkreis,Landkreis,2015,254,25239.0,4730816.0
Enzkreis,Landkreis,2016,263,25908.0,5620828.0
Enzkreis,Landkreis,2017,272,26445.0,5830672.0
Enzkreis,Landkreis,2018,278,27394.0,6308584.0
Enzkreis,Landkreis,2019,282,27934.0,6538074.0
Enzkreis,Landkreis,2020,292,26868.0,6047949.0
Enzkreis,Landkreis,2021,291,27370.0,6655849.0
Enzkreis,Landkreis,2022,289,27354.0,7315155.0
Enzkreis,Landkreis,2023,282,27405.0,7919265.0
Esslingen,Landkreis,1995,471,72892.0,9352609.0
Esslingen,Landkreis,1996,464,70661.0,9195907.0
Esslingen,Landkreis,1997,477,69893.0,9709016.0
Esslingen,Landkreis,1998,469,69601.0,10122488.0
Esslingen,Landkreis,1999,474,68264.0,10239087.0
Esslingen,Landkreis,2000,468,67918.0,10917733.0
Esslingen,Landkreis,2001,458,69226.0,11007584.0
Esslingen,Landkreis,2002,467,68771.0,10669587.0
Esslingen,Landkreis,2003,449,67254.0,10700442.0
Esslingen,Landkreis,2004,430,66587.0,11009178.0
Esslingen,Landkreis,2005,429,65497.0,11306669.0
Esslingen,Landkreis,2006,419,63774.0,12039557.0
Esslingen,Landkreis,2007,424,64611.0,13192043.0
Esslingen,Landkreis,2008,432,65645.0,13507508.0
Esslingen,Landkreis,2009,413,60309.0,9945918.0
Esslingen,Landkreis,2010,408,59968.0,11738683.0
Esslingen,Landkreis,2011,402,61401.0,12748944.0
Esslingen,Landkreis,2012,399,61913.0,13140927.0
Esslingen,Landkreis,2013,416,62764.0,13337796.0
Esslingen,Landkreis,2014,415,64252.0,13872749.0
Esslingen,Landkreis,2015,406,64799.0,14478312.0
Esslingen,Landkreis,2016,402,63252.0,14823558.0
Esslingen,Landkreis,2017,407,64083.0,14299899.0
Esslingen,Landkreis,2018,406,64236.0,14282703.0
Esslingen,Landkreis,2019,413,62864.0,13188012.0
Esslingen,Landkreis,2020,415,60414.0,12011968.0
Esslingen,Landkreis,2021,414,59195.0,13568311.0
Esslingen,Landkreis,2022,411,61403.0,14361625.0
Esslingen,Landkreis,2023,408,61371.0,14689501.0
Freiburg im Breisgau,kreisfreie Stadt,1995,86,14272.0,2038618.0
Freiburg im Breisgau,kreisfreie Stadt,1996,87,13408.0,2041661.0
Freiburg im Breisgau,kreisfreie Stadt,1997,94,13357.0,2190245.0
Freiburg im Breisgau,kreisfreie Stadt,1998,97,14028.0,2357785.0
Freiburg im Breisgau,kreisfreie Stadt,1999,99,13961.0,2541417.0
Freiburg im Breisgau,kreisfreie Stadt,2000,97,14100.0,2790681.0
Freiburg im Breisgau,kreisfreie Stadt,2001,99,13631.0,2629587.0
Freiburg im Breisgau,kreisfreie Stadt,2002,106,13165.0,2657463.0
Freiburg im Breisgau,kreisfreie Stadt,2003,99,12798.0,2618617.0
Freiburg im Breisgau,kreisfreie Stadt,2004,98,12493.0,2775534.0
Freiburg im Breisgau,kreisfreie Stadt,2005,94,12380.0,2762706.0
Freiburg im Breisgau,kreisfreie Stadt,2006,90,12149.0,2782028.0
Freiburg im Breisgau,kreisfreie Stadt,2007,91,12097.0,2841123.0
Freiburg im Breisgau,kreisfreie Stadt,2008,93,12356.0,3006613.0
Freiburg im Breisgau,kreisfreie Stadt,2009,81,9970.0,2343381.0
Freiburg im Breisgau,kreisfreie Stadt,2010,81,9641.0,2618692.0
Freiburg im Breisgau,kreisfreie Stadt,2011,81,9674.0,2507291.0
Freiburg im Breisgau,kreisfreie Stadt,2012,75,9494.0,2430531.0
Freiburg im Breisgau,kreisfreie Stadt,2013,80,9792.0,2371009.0
Freiburg im Breisgau,kreisfreie Stadt,2014,78,9726.0,2436939.0
Freiburg im Breisgau,kreisfreie Stadt,2015,80,9677.0,2443596.0
Freiburg im Breisgau,kreisfreie Stadt,2016,78,9700.0,2485437.0
Freiburg im Breisgau,kreisfreie Stadt,2017,81,10004.0,2569546.0
Freiburg im Breisgau,kreisfreie Stadt,2018,84,10675.0,2679773.0
Freiburg im Breisgau,kreisfreie Stadt,2019,82,10907.0,2806275.0
Freiburg im Breisgau,kreisfreie Stadt,2020,83,11155.0,2734482.0
Freiburg im Breisgau,kreisfreie Stadt,2021,79,11669.0,3019930.0
Freiburg im Breisgau,kreisfreie Stadt,2022,78,12137.0,3404923.0
Freiburg im Breisgau,kreisfreie Stadt,2023,76,12186.0,3441834.0
Freudenstadt,Landkreis,1995,133,14154.0,1651544.0
Freudenstadt,Landkreis,1996,130,13976.0,1687387.0
Freudenstadt,Landkreis,1997,135,14301.0,1805968.0
Freudenstadt,Landkreis,1998,137,14961.0,1990406.0
Freudenstadt,Landkreis,1999,136,15313.0,2014649.0
Freudenstadt,Landkreis,2000,130,15634.0,2310318.0
Freudenstadt,Landkreis,2001,130,16189.0,2295415.0
Freudenstadt,Landkreis,2002,135,16254.0,2201344.0
Freudenstadt,Landkreis,2003,133,15742.0,2183542.0
Freudenstadt,Landkreis,2004,134,15448.0,2417439.0
Freudenstadt,Landkreis,2005,132,15576.0,2514681.0
Freudenstadt,Landkreis,2006,131,15824.0,2850880.0
Freudenstadt,Landkreis,2007,128,16973.0,3161121.0
Freudenstadt,Landkreis,2008,129,17763.0,3271087.0
Freudenstadt,Landkreis,2009,129,16864.0,2563876.0
Freudenstadt,Landkreis,2010,129,16913.0,3234657.0
Freudenstadt,Landkreis,2011,132,17534.0,3600084.0
Freudenstadt,Landkreis,2012,130,17475.0,3433907.0
Freudenstadt,Landkreis,2013,135,17250.0,3387733.0
Freudenstadt,Landkreis,2014,131,17165.0,3569173.0
Freudenstadt,Landkreis,2015,129,17237.0,3692696.0
Freudenstadt,Landkreis,2016,131,17328.0,3804487.0
Freudenstadt,Landkreis,2017,132,17925.0,4096266.0
Freudenstadt,Landkreis,2018,135,18682.0,4541928.0
Freudenstadt,Landkreis,2019,136,19112.0,4473541.0
Freudenstadt,Landkreis,2020,139,18770.0,3885252.0
Freudenstadt,Landkreis,2021,139,19074.0,4535520.0
Freudenstadt,Landkreis,2022,134,19483.0,5222245.0
Freudenstadt,Landkreis,2023,135,19590.0,5081861.0
Göppingen,Landkreis,1995,245,31266.0,3601136.0
Göppingen,Landkreis,1996,241,30793.0,3582827.0
Göppingen,Landkreis,1997,256,30512.0,3856686.0
Göppingen,Landkreis,1998,254,30614.0,3992967.0
Göppingen,Landkreis,1999,263,30154.0,4021927.0
Göppingen,Landkreis,2000,259,30243.0,4304497.0
Göppingen,Landkreis,2001,257,30391.0,4516027.0
Göppingen,Landkreis,2002,270,30374.0,4488413.0
Göppingen,Landkreis,2003,256,29471.0,4368955.0
Göppingen,Landkreis,2004,251,28513.0,4459255.0
Göppingen,Landkreis,2005,247,27627.0,4457440.0
Göppingen,Landkreis,2006,244,27350.0,4622884.0
Göppingen,Landkreis,2007,242,28217.0,5132100.0
Göppingen,Landkreis,2008,246,28635.0,5217650.0
Göppingen,Landkreis,2009,241,24897.0,3862979.0
Göppingen,Landkreis,2010,230,24281.0,
Göppingen,Landkreis,2011,232,25046.0,
Göppingen,Landkreis,2012,235,26413.0,
Göppingen,Landkreis,2013,238,26817.0,
Göppingen,Landkreis,2014,233,26995.0,
Göppingen,Landkreis,2015,230,26853.0,
Göppingen,Landkreis,2016,230,26954.0,
Göppingen,Landkreis,2017,232,28144.0,
Göppingen,Landkreis,2018,236,29034.0,
Göppingen,Landkreis,2019,240,28328.0,
Göppingen,Landkreis,2020,244,26733.0,
Göppingen,Landkreis,2021,239,25037.0,
Göppingen,Landkreis,2022,237,24700.0,
Göppingen,Landkreis,2023,241,24759.0,
Heidelberg,kreisfreie Stadt,1995,64,11761.0,2584432.0
Heidelberg,kreisfreie Stadt,1996,60,11264.0,1407340.0
Heidelberg,kreisfreie Stadt,1997,65,11247.0,1418387.0
Heidelberg,kreisfreie Stadt,1998,66,11453.0,1519204.0
Heidelberg,kreisfreie Stadt,1999,63,11319.0,1501310.0
Heidelberg,kreisfreie Stadt,2000,58,11160.0,1567753.0
Heidelberg,kreisfreie Stadt,2001,53,11053.0,1533940.0
Heidelberg,kreisfreie Stadt,2002,54,11309.0,1450142.0
Heidelberg,kreisfreie Stadt,2003,54,11154.0,1387338.0
Heidelberg,kreisfreie Stadt,2004,53,10669.0,1410606.0
Heidelberg,kreisfreie Stadt,2005,54,10693.0,1442577.0
Heidelberg,kreisfreie Stadt,2006,56,11066.0,1831863.0
Heidelberg,kreisfreie Stadt,2007,58,11453.0,2046713.0
Heidelberg,kreisfreie Stadt,2008,58,11643.0,2135858.0
Heidelberg,kreisfreie Stadt,2009,44,9681.0,1277852.0
Heidelberg,kreisfreie Stadt,2010,46,9549.0,1548401.0
Heidelberg,kreisfreie Stadt,2011,45,9499.0,1730240.0
Heidelberg,kreisfreie Stadt,2012,44,9331.0,1714364.0
Heidelberg,kreisfreie Stadt,2013,44,9194.0,1643299.0
Heidelberg,kreisfreie Stadt,2014,45,9295.0,1690727.0
Heidelberg,kreisfreie Stadt,2015,45,8856.0,1676849.0
Heidelberg,kreisfreie Stadt,2016,48,8954.0,1686320.0
Heidelberg,kreisfreie Stadt,2017,49,9119.0,1757144.0
Heidelberg,kreisfreie Stadt,2018,52,9197.0,1731157.0
Heidelberg,kreisfreie Stadt,2019,53,8305.0,1918599.0
Heidelberg,kreisfreie Stadt,2020,52,8088.0,1776607.0
Heidelberg,kreisfreie Stadt,2021,53,8199.0,1933741.0
Heidelberg,kreisfreie Stadt,2022,52,8170.0,2051634.0
Heidelberg,kreisfreie Stadt,2023,53,8259.0,1950952.0
Heidenheim,Landkreis,1995,118,23592.0,2472009.0
Heidenheim,Landkreis,1996,118,22916.0,2699578.0
Heidenheim,Landkreis,1997,124,22940.0,2761355.0
Heidenheim,Landkreis,1998,127,23499.0,2908685.0
Heidenheim,Landkreis,1999,130,23173.0,
Heidenheim,Landkreis,2000,130,23241.0,
Heidenheim,Landkreis,2001,127,22642.0,3667716.0
Heidenheim,Landkreis,2002,133,,
Heidenheim,Landkreis,2003,131,21265.0,3467993.0
Heidenheim,Landkreis,2004,125,20216.0,3827710.0
Heidenheim,Landkreis,2005,127,19576.0,3626727.0
Heidenheim,Landkreis,2006,130,19354.0,3902658.0
Heidenheim,Landkreis,2007,124,19924.0,4011160.0
Heidenheim,Landkreis,2008,122,20396.0,4003339.0
Heidenheim,Landkreis,2009,120,19439.0,4064842.0
Heidenheim,Landkreis,2010,121,19244.0,4244125.0
Heidenheim,Landkreis,2011,123,19730.0,4460268.0
Heidenheim,Landkreis,2012,123,19918.0,4209150.0
Heidenheim,Landkreis,2013,120,18269.0,3605653.0
Heidenheim,Landkreis,2014,116,17960.0,3604676.0
Heidenheim,Landkreis,2015,114,18062.0,3824016.0
Heidenheim,Landkreis,2016,115,17700.0,4263164.0
Heidenheim,Landkreis,2017,118,17874.0,4163074.0
Heidenheim,Landkreis,2018,118,18116.0,3924398.0
Heidenheim,Landkreis,2019,119,18595.0,3839452.0
Heidenheim,Landkreis,2020,123,18414.0,3822877.0
Heidenheim,Landkreis,2021,121,18185.0,3722152.0
Heidenheim,Landkreis,2022,121,18544.0,4219169.0
Heidenheim,Landkreis,2023,117,18162.0,3950187.0
Heilbronn,Landkreis,1995,255,33378.0,6088592.0
Heilbronn,Landkreis,1996,253,32815.0,5816574.0
Heilbronn,Landkreis,1997,277,34930.0,7184084.0
Heilbronn,Landkreis,1998,279,36553.0,8729743.0
Heilbronn,Landkreis,1999,288,38052.0,9028680.0
Heilbronn,Landkreis,2000,292,40103.0,10488883.0
Heilbronn,Landkreis,2001,291,41254.0,10689155.0
Heilbronn,Landkreis,2002,294,41296.0,10938562.0
Heilbronn,Landkreis,2003,289,41633.0,11294557.0
Heilbronn,Landkreis,2004,292,42590.0,11783846.0
Heilbronn,Landkreis,2005,295,42892.0,13230645.0
Heilbronn,Landkreis,2006,296,44046.0,14824732.0
Heilbronn,Landkreis,2007,295,46200.0,15290300.0
Heilbronn,Landkreis,2008,300,47888.0,15834064.0
Heilbronn,Landkreis,2009,302,45948.0,11993688.0
Heilbronn,Landkreis,2010,304,46424.0,14337511.0
Heilbronn,Landkreis,2011,308,47274.0,17608542.0
Heilbronn,Landkreis,2012,310,48260.0,18263046.0
Heilbronn,Landkreis,2013,315,48781.0,18286359.0
Heilbronn,Landkreis,2014,312,50004.0,18291469.0
Heilbronn,Landkreis,2015,312,50843.0,18635976.0
Heilbronn,Landkreis,2016,317,52557.0,17928359.0
Heilbronn,Landkreis,2017,322,54623.0,16131294.0
Heilbronn,Landkreis,2018,317,56315.0,16325286.0
Heilbronn,Landkreis,2019,325,57658.0,17421802.0
Heilbronn,Landkreis,2020,325,54665.0,16842798.0
Heilbronn,Landkreis,2021,322,54580.0,17296011.0
Heilbronn,Landkreis,2022,314,54736.0,18594435.0
Heilbronn,Landkreis,2023,317,55443.0,18934580.0
Heilbronn,kreisfreie Stadt,1995,102,16724.0,2425436.0
Heilbronn,kreisfreie Stadt,1996,94,16296.0,2464698.0
Heilbronn,kreisfreie Stadt,1997,99,15935.0,2703625.0
Heilbronn,kreisfreie Stadt,1998,97,15659.0,3199006.0
Heilbronn,kreisfreie Stadt,1999,96,15444.0,3279508.0
Heilbronn,kreisfreie Stadt,2000,95,15586.0,3604378.0
Heilbronn,kreisfreie Stadt,2001,93,15620.0,3458704.0
Heilbronn,kreisfreie Stadt,2002,97,15471.0,3624513.0
Heilbronn,kreisfreie Stadt,2003,98,15203.0,3293262.0
Heilbronn,kreisfreie Stadt,2004,98,15032.0,3313622.0
Heilbronn,kreisfreie Stadt,2005,100,15004.0,3517042.0
Heilbronn,kreisfreie Stadt,2006,97,14628.0,3626556.0
Heilbronn,kreisfreie Stadt,2007,94,13411.0,3641727.0
Heilbronn,kreisfreie Stadt,2008,96,13251.0,3301430.0
Heilbronn,kreisfreie Stadt,2009,88,11964.0,2600339.0
Heilbronn,kreisfreie Stadt,2010,83,11661.0,3237354.0
Heilbronn,kreisfreie Stadt,2011,82,11889.0,3326558.0
Heilbronn,kreisfreie Stadt,2012,78,11411.0,3136268.0
Heilbronn,kreisfreie Stadt,2013,79,11241.0,2923969.0
Heilbronn,kreisfreie Stadt,2014,76,10799.0,2797564.0
Heilbronn,kreisfreie Stadt,2015,75,11354.0,2980111.0
Heilbronn,kreisfreie Stadt,2016,76,11808.0,3103631.0
Heilbronn,kreisfreie Stadt,2017,77,11890.0,3221556.0
Heilbronn,kreisfreie Stadt,2018,81,11935.0,2916376.0
Heilbronn,kreisfreie Stadt,2019,76,11518.0,2800405.0
Heilbronn,kreisfreie Stadt,2020,74,11363.0,2696848.0
Heilbronn,kreisfreie Stadt,2021,74,11661.0,3033151.0
Heilbronn,kreisfreie Stadt,2022,76,11687.0,3258122.0
Heilbronn,kreisfreie Stadt,2023,71,11501.0,3304078.0
Hohenlohekreis,Landkreis,1995,96,15346.0,1722679.0
Hohenlohekreis,Landkreis,1996,93,15455.0,1716130.0
Hohenlohekreis,Landkreis,1997,103,15877.0,1839474.0
Hohenlohekreis,Landkreis,1998,101,16376.0,1953658.0
Hohenlohekreis,Landkreis,1999,107,16660.0,2044374.0
Hohenlohekreis,Landkreis,2000,108,17062.0,2452076.0
Hohenlohekreis,Landkreis,2001,104,17548.0,2498966.0
Hohenlohekreis,Landkreis,2002,108,17016.0,2680236.0
Hohenlohekreis,Landkreis,2003,109,16645.0,2707174.0
Hohenlohekreis,Landkreis,2004,105,16414.0,2819684.0
Hohenlohekreis,Landkreis,2005,108,16508.0,2926480.0
Hohenlohekreis,Landkreis,2006,108,17041.0,3355093.0
Hohenlohekreis,Landkreis,2007,107,18148.0,3702260.0
Hohenlohekreis,Landkreis,2008,109,18552.0,3737004.0
Hohenlohekreis,Landkreis,2009,112,17636.0,3149637.0
Hohenlohekreis,Landkreis,2010,116,18311.0,3611914.0
Hohenlohekreis,Landkreis,2011,121,19461.0,3874844.0
Hohenlohekreis,Landkreis,2012,127,20281.0,3848095.0
Hohenlohekreis,Landkreis,2013,133,20448.0,3993836.0
Hohenlohekreis,Landkreis,2014,132,21183.0,4206095.0
Hohenlohekreis,Landkreis,2015,132,21070.0,4137143.0
Hohenlohekreis,Landkreis,2016,134,21866.0,4624680.0
Hohenlohekreis,Landkreis,2017,132,22274.0,4959244.0
Hohenlohekreis,Landkreis,2018,135,23265.0,5383807.0
Hohenlohekreis,Landkreis,2019,134,23628.0,5478042.0
Hohenlohekreis,Landkreis,2020,135,23043.0,5120265.0
Hohenlohekreis,Landkreis,2021,134,23476.0,5619049.0
Hohenlohekreis,Landkreis,2022,133,23939.0,6187416.0
Hohenlohekreis,Landkreis,2023,132,24336.0,6501468.0
Karlsruhe,Landkreis,1995,313,40224.0,5047647.0
Karlsruhe,Landkreis,1996,301,37962.0,4990737.0
Karlsruhe,Landkreis,1997,316,37313.0,6770861.0
Karlsruhe,Landkreis,1998,306,37551.0,7133793.0
Karlsruhe,Landkreis,1999,318,38201.0,7417549.0
Karlsruhe,Landkreis,2000,323,39896.0,8754511.0
Karlsruhe,Landkreis,2001,330,41394.0,10205169.0
Karlsruhe,Landkreis,2002,332,41267.0,8425405.0
Karlsruhe,Landkreis,2003,329,40486.0,8708044.0
Karlsruhe,Landkreis,2004,318,39894.0,8454305.0
Karlsruhe,Landkreis,2005,323,39308.0,8300244.0
Karlsruhe,Landkreis,2006,322,39210.0,8864588.0
Karlsruhe,Landkreis,2007,317,40887.0,9385666.0
Karlsruhe,Landkreis,2008,321,41377.0,9210078.0
Karlsruhe,Landkreis,2009,310,38381.0,7285736.0
Karlsruhe,Landkreis,2010,310,37569.0,8187995.0
Karlsruhe,Landkreis,2011,312,38788.0,9265529.0
Karlsruhe,Landkreis,2012,302,39002.0,9171621.0
Karlsruhe,Landkreis,2013,303,39104.0,9110315.0
Karlsruhe,Landkreis,2014,304,39257.0,9977322.0
Karlsruhe,Landkreis,2015,299,39164.0,9949025.0
Karlsruhe,Landkreis,2016,296,38362.0,10277494.0
Karlsruhe,Landkreis,2017,299,38717.0,10782246.0
Karlsruhe,Landkreis,2018,304,39059.0,11128780.0
Karlsruhe,Landkreis,2019,309,39611.0,11003711.0
Karlsruhe,Landkreis,2020,318,38525.0,10303199.0
Karlsruhe,Landkreis,2021,311,38923.0,11485521.0
Karlsruhe,Landkreis,2022,307,38442.0,11094547.0
Karlsruhe,Landkreis,2023,302,37998.0,10960794.0
Karlsruhe,kreisfreie Stadt,1995,171,27638.0,7529306.0
Karlsruhe,kreisfreie Stadt,1996,161,25278.0,7604572.0
Karlsruhe,kreisfreie Stadt,1997,154,24949.0,7188763.0
Karlsruhe,kreisfreie Stadt,1998,160,24540.0,7626532.0
Karlsruhe,kreisfreie Stadt,1999,163,23533.0,7521660.0
Karlsruhe,kreisfreie Stadt,2000,156,23165.0,7934487.0
Karlsruhe,kreisfreie Stadt,2001,157,23025.0,8150977.0
Karlsruhe,kreisfreie Stadt,2002,154,22575.0,8296613.0
Karlsruhe,kreisfreie Stadt,2003,150,21900.0,8684529.0
Karlsruhe,kreisfreie Stadt,2004,143,20996.0,8715914.0
Karlsruhe,kreisfreie Stadt,2005,136,20696.0,8709207.0
Karlsruhe,kreisfreie Stadt,2006,130,20831.0,9115747.0
Karlsruhe,kreisfreie Stadt,2007,128,21073.0,9357760.0
Karlsruhe,kreisfreie Stadt,2008,130,21001.0,9708829.0
Karlsruhe,kreisfreie Stadt,2009,117,19386.0,8567546.0
Karlsruhe,kreisfreie Stadt,2010,109,19195.0,8672700.0
Karlsruhe,kreisfreie Stadt,2011,107,19393.0,9422329.0
Karlsruhe,kreisfreie Stadt,2012,106,19132.0,9589910.0
Karlsruhe,kreisfreie Stadt,2013,106,19174.0,9522235.0
Karlsruhe,kreisfreie Stadt,2014,103,19237.0,9672439.0
Karlsruhe,kreisfreie Stadt,2015,99,18697.0,9477643.0
Karlsruhe,kreisfreie Stadt,2016,97,18590.0,9728581.0
Karlsruhe,kreisfreie Stadt,2017,99,18712.0,10408401.0
Karlsruhe,kreisfreie Stadt,2018,98,18853.0,10810170.0
Karlsruhe,kreisfreie Stadt,2019,98,18672.0,10569144.0
Karlsruhe,kreisfreie Stadt,2020,96,17680.0,10094278.0
Karlsruhe,kreisfreie Stadt,2021,99,17496.0,11193598.0
Karlsruhe,kreisfreie Stadt,2022,100,17747.0,12151877.0
Karlsruhe,kreisfreie Stadt,2023,99,17657.0,12780891.0
Konstanz,Landkreis,1995,164,26163.0,3821491.0
Konstanz,Landkreis,1996,159,25101.0,3656958.0
Konstanz,Landkreis,1997,170,24899.0,3882740.0
Konstanz,Landkreis,1998,170,24892.0,4114441.0
Konstanz,Landkreis,1999,169,24299.0,4165915.0
Konstanz,Landkreis,2000,168,23835.0,4533102.0
Konstanz,Landkreis,2001,168,23458.0,4826280.0
Konstanz,Landkreis,2002,169,22893.0,4783424.0
Konstanz,Landkreis,2003,172,22313.0,4731759.0
Konstanz,Landkreis,2004,165,22280.0,5012339.0
Konstanz,Landkreis,2005,166,22161.0,5172851.0
Konstanz,Landkreis,2006,165,22225.0,5818818.0
Konstanz,Landkreis,2007,163,21710.0,6028912.0
Konstanz,Landkreis,2008,167,21955.0,5843823.0
Konstanz,Landkreis,2009,159,19891.0,4674796.0
Konstanz,Landkreis,2010,161,19712.0,5234664.0
Konstanz,Landkreis,2011,163,20345.0,5871293.0
Konstanz,Landkreis,2012,167,19935.0,5531889.0
Konstanz,Landkreis,2013,162,19104.0,5643825.0
Konstanz,Landkreis,2014,167,19229.0,5894455.0
Konstanz,Landkreis,2015,165,19182.0,5953985.0
Konstanz,Landkreis,2016,172,19543.0,5839079.0
Konstanz,Landkreis,2017,174,19952.0,6112426.0
Konstanz,Landkreis,2018,171,20747.0,5852273.0
Konstanz,Landkreis,2019,173,20691.0,5785282.0
Konstanz,Landkreis,2020,179,20271.0,5876912.0
Konstanz,Landkreis,2021,176,20144.0,6930362.0
Konstanz,Landkreis,2022,177,20593.0,7766759.0
Konstanz,Landkreis,2023,175,20844.0,7633747.0
Ludwigsburg,Landkreis,1995,423,58309.0,6865777.0
Ludwigsburg,Landkreis,1996,413,57116.0,6951485.0
Ludwigsburg,Landkreis,1997,430,57319.0,7323525.0
Ludwigsburg,Landkreis,1998,439,58487.0,7649461.0
Ludwigsburg,Landkreis,1999,430,56895.0,7548800.0
Ludwigsburg,Landkreis,2000,437,57482.0,8180623.0
Ludwigsburg,Landkreis,2001,432,58507.0,8733281.0
Ludwigsburg,Landkreis,2002,444,57064.0,8708946.0
Ludwigsburg,Landkreis,2003,433,55910.0,8761327.0
Ludwigsburg,Landkreis,2004,406,53204.0,9085676.0
Ludwigsburg,Landkreis,2005,406,53274.0,9514184.0
Ludwigsburg,Landkreis,2006,395,53713.0,10107005.0
Ludwigsburg,Landkreis,2007,386,55085.0,11110154.0
Ludwigsburg,Landkreis,2008,382,56450.0,11147335.0
Ludwigsburg,Landkreis,2009,356,52011.0,8217436.0
Ludwigsburg,Landkreis,2010,340,51519.0,9778761.0
Ludwigsburg,Landkreis,2011,343,53961.0,11004514.0
Ludwigsburg,Landkreis,2012,348,55146.0,11584883.0
Ludwigsburg,Landkreis,2013,361,55426.0,11470213.0
Ludwigsburg,Landkreis,2014,361,55877.0,12298183.0
Ludwigsburg,Landkreis,2015,357,56242.0,13388771.0
Ludwigsburg,Landkreis,2016,359,56489.0,13785280.0
Ludwigsburg,Landkreis,2017,369,58057.0,15050678.0
Ludwigsburg,Landkreis,2018,380,59338.0,15847940.0
Ludwigsburg,Landkreis,2019,373,59409.0,15572102.0
Ludwigsburg,Landkreis,2020,385,57665.0,13693591.0
Ludwigsburg,Landkreis,2021,382,57058.0,14359151.0
Ludwigsburg,Landkreis,2022,376,57516.0,15997329.0
Ludwigsburg,Landkreis,2023,375,58006.0,16629509.0
Lörrach,Landkreis,1995,151,24079.0,4113645.0
Lörrach,Landkreis,1996,155,23849.0,4111461.0
Lörrach,Landkreis,1997,161,23479.0,4381894.0
Lörrach,Landkreis,1998,162,23680.0,4497211.0
Lörrach,Landkreis,1999,164,23748.0,4310576.0
Lörrach,Landkreis,2000,160,23708.0,4836518.0
Lörrach,Landkreis,2001,159,22511.0,4443198.0
Lörrach,Landkreis,2002,160,21821.0,4092977.0
Lörrach,Landkreis,2003,155,21449.0,3878715.0
Lörrach,Landkreis,2004,156,20823.0,4530742.0
Lörrach,Landkreis,2005,156,20323.0,4367675.0
Lörrach,Landkreis,2006,156,20071.0,4887737.0
Lörrach,Landkreis,2007,158,20383.0,5085301.0
Lörrach,Landkreis,2008,160,21376.0,5279700.0
Lörrach,Landkreis,2009,156,20019.0,3866497.0
Lörrach,Landkreis,2010,156,19849.0,4472365.0
Lörrach,Landkreis,2011,158,19987.0,5007572.0
Lörrach,Landkreis,2012,161,20459.0,4929474.0
Lörrach,Landkreis,2013,170,20720.0,5004005.0
Lörrach,Landkreis,2014,168,20854.0,5117964.0
Lörrach,Landkreis,2015,170,20614.0,5277207.0
Lörrach,Landkreis,2016,172,20623.0,4789957.0
Lörrach,Landkreis,2017,171,20528.0,4952793.0
Lörrach,Landkreis,2018,173,20739.0,5057472.0
Lörrach,Landkreis,2019,174,20309.0,4661319.0
Lörrach,Landkreis,2020,171,19432.0,4052823.0
Lörrach,Landkreis,2021,159,18808.0,4149851.0
Lörrach,Landkreis,2022,162,19132.0,4709293.0
Lörrach,Landkreis,2023,162,19550.0,4929673.0
Main-Tauber-Kreis,Landkreis,1995,130,15700.0,1693271.0
Main-Tauber-Kreis,Landkreis,1996,125,15611.0,1695884.0
Main-Tauber-Kreis,Landkreis,1997,133,15646.0,1797554.0
Main-Tauber-Kreis,Landkreis,1998,135,15962.0,1948255.0
Main-Tauber-Kreis,Landkreis,1999,138,15914.0,1993278.0
Main-Tauber-Kreis,Landkreis,2000,141,16324.0,2235304.0
Main-Tauber-Kreis,Landkreis,2001,139,16587.0,2265902.0
Main-Tauber-Kreis,Landkreis,2002,143,16649.0,2259921.0
Main-Tauber-Kreis,Landkreis,2003,142,16429.0,2300799.0
Main-Tauber-Kreis,Landkreis,2004,142,16516.0,2490794.0
Main-Tauber-Kreis,Landkreis,2005,145,16705.0,2519083.0
Main-Tauber-Kreis,Landkreis,2006,144,16773.0,2717936.0
Main-Tauber-Kreis,Landkreis,2007,142,17994.0,2884525.0
Main-Tauber-Kreis,Landkreis,2008,143,18674.0,3035972.0
Main-Tauber-Kreis,Landkreis,2009,135,17360.0,2363373.0
Main-Tauber-Kreis,Landkreis,2010,133,17720.0,2583628.0
Main-Tauber-Kreis,Landkreis,2011,135,18361.0,2933605.0
Main-Tauber-Kreis,Landkreis,2012,137,18838.0,2960888.0
Main-Tauber-Kreis,Landkreis,2013,140,18856.0,2996855.0
Main-Tauber-Kreis,Landkreis,2014,141,18943.0,3055360.0
Main-Tauber-Kreis,Landkreis,2015,138,18902.0,3174154.0
Main-Tauber-Kreis,Landkreis,2016,136,19280.0,3233660.0
Main-Tauber-Kreis,Landkreis,2017,135,20010.0,3432860.0
Main-Tauber-Kreis,Landkreis,2018,135,20428.0,3510397.0
Main-Tauber-Kreis,Landkreis,2019,139,20848.0,3599705.0
Main-Tauber-Kreis,Landkreis,2020,138,20132.0,3291725.0
Main-Tauber-Kreis,Landkreis,2021,138,19893.0,3582295.0
Main-Tauber-Kreis,Landkreis,2022,136,20137.0,3990538.0
Main-Tauber-Kreis,Landkreis,2023,137,20162.0,3986005.0
Mannheim,kreisfreie Stadt,1995,171,50845.0,8828780.0
Mannheim,kreisfreie Stadt,1996,160,49107.0,9096408.0
Mannheim,kreisfreie Stadt,1997,160,47802.0,9147420.0
Mannheim,kreisfreie Stadt,1998,153,46927.0,9086161.0
Mannheim,kreisfreie Stadt,1999,149,45797.0,8836650.0
Mannheim,kreisfreie Stadt,2000,147,46187.0,10188972.0
Mannheim,kreisfreie Stadt,2001,148,47456.0,10169033.0
Mannheim,kreisfreie Stadt,2002,148,45970.0,10811282.0
Mannheim,kreisfreie Stadt,2003,144,44833.0,11331801.0
Mannheim,kreisfreie Stadt,2004,143,42839.0,11170832.0
Mannheim,kreisfreie Stadt,2005,140,42108.0,11645208.0
Mannheim,kreisfreie Stadt,2006,134,41667.0,12201320.0
Mannheim,kreisfreie Stadt,2007,135,42288.0,14321626.0
Mannheim,kreisfreie Stadt,2008,141,43547.0,16226205.0
Mannheim,kreisfreie Stadt,2009,131,41403.0,14110889.0
Mannheim,kreisfreie Stadt,2010,132,39651.0,14352805.0
Mannheim,kreisfreie Stadt,2011,129,39287.0,15013885.0
Mannheim,kreisfreie Stadt,2012,130,39229.0,13739868.0
Mannheim,kreisfreie Stadt,2013,132,39099.0,14584465.0
Mannheim,kreisfreie Stadt,2014,131,39777.0,14341079.0
Mannheim,kreisfreie Stadt,2015,132,39299.0,14958387.0
Mannheim,kreisfreie Stadt,2016,132,39113.0,15291172.0
Mannheim,kreisfreie Stadt,2017,133,38688.0,17322592.0
Mannheim,kreisfreie Stadt,2018,129,38600.0,16613814.0
Mannheim,kreisfreie Stadt,2019,136,38339.0,16223698.0
Mannheim,kreisfreie Stadt,2020,141,38003.0,17132863.0
Mannheim,kreisfreie Stadt,2021,138,37933.0,19902136.0
Mannheim,kreisfreie Stadt,2022,134,37922.0,19269162.0
Mannheim,kreisfreie Stadt,2023,134,38648.0,19966895.0
Neckar-Odenwald-Kreis,Landkreis,1995,140,13832.0,1601044.0
Neckar-Odenwald-Kreis,Landkreis,1996,133,13367.0,1551383.0
Neckar-Odenwald-Kreis,Landkreis,1997,133,13316.0,1643852.0
Neckar-Odenwald-Kreis,Landkreis,1998,131,13622.0,1747615.0
Neckar-Odenwald-Kreis,Landkreis,1999,136,13895.0,1775467.0
Neckar-Odenwald-Kreis,Landkreis,2000,135,13946.0,1852412.0
Neckar-Odenwald-Kreis,Landkreis,2001,134,13979.0,1895419.0
Neckar-Odenwald-Kreis,Landkreis,2002,138,13920.0,1920444.0
Neckar-Odenwald-Kreis,Landkreis,2003,135,13522.0,1819747.0
Neckar-Odenwald-Kreis,Landkreis,2004,139,13394.0,1845247.0
Neckar-Odenwald-Kreis,Landkreis,2005,139,13209.0,1824639.0
Neckar-Odenwald-Kreis,Landkreis,2006,135,13341.0,1876649.0
Neckar-Odenwald-Kreis,Landkreis,2007,138,14029.0,1967789.0
Neckar-Odenwald-Kreis,Landkreis,2008,136,14289.0,2089166.0
Neckar-Odenwald-Kreis,Landkreis,2009,132,13475.0,1594793.0
Neckar-Odenwald-Kreis,Landkreis,2010,134,13718.0,1638757.0
Neckar-Odenwald-Kreis,Landkreis,2011,140,14449.0,2174135.0
Neckar-Odenwald-Kreis,Landkreis,2012,140,14750.0,2226094.0
Neckar-Odenwald-Kreis,Landkreis,2013,138,14737.0,2229229.0
Neckar-Odenwald-Kreis,Landkreis,2014,141,15122.0,2385365.0
Neckar-Odenwald-Kreis,Landkreis,2015,139,15210.0,2461665.0
Neckar-Odenwald-Kreis,Landkreis,2016,142,15092.0,2471146.0
Neckar-Odenwald-Kreis,Landkreis,2017,144,15402.0,2549517.0
Neckar-Odenwald-Kreis,Landkreis,2018,142,15688.0,2618016.0
Neckar-Odenwald-Kreis,Landkreis,2019,143,15789.0,2511615.0
Neckar-Odenwald-Kreis,Landkreis,2020,141,15259.0,2217352.0
Neckar-Odenwald-Kreis,Landkreis,2021,142,14995.0,2480292.0
Neckar-Odenwald-Kreis,Landkreis,2022,140,14984.0,2695672.0
Neckar-Odenwald-Kreis,Landkreis,2023,140,14784.0,2700561.0
Ortenaukreis,Landkreis,1995,427,49981.0,7236324.0
Ortenaukreis,Landkreis,1996,428,48615.0,7284805.0
Ortenaukreis,Landkreis,1997,441,48511.0,7634716.0
Ortenaukreis,Landkreis,1998,437,49326.0,8164915.0
Ortenaukreis,Landkreis,1999,444,50094.0,8579421.0
Ortenaukreis,Landkreis,2000,452,51532.0,9219872.0
Ortenaukreis,Landkreis,2001,445,52478.0,9366293.0
Ortenaukreis,Landkreis,2002,466,52351.0,9408369.0
Ortenaukreis,Landkreis,2003,439,50091.0,9338108.0
Ortenaukreis,Landkreis,2004,434,49005.0,10586297.0
Ortenaukreis,Landkreis,2005,440,48553.0,10828468.0
Ortenaukreis,Landkreis,2006,438,48533.0,10997742.0
Ortenaukreis,Landkreis,2007,420,50011.0,12201611.0
Ortenaukreis,Landkreis,2008,428,50986.0,12512076.0
Ortenaukreis,Landkreis,2009,415,47831.0,9969145.0
Ortenaukreis,Landkreis,2010,422,48271.0,11127216.0
Ortenaukreis,Landkreis,2011,423,49797.0,12467667.0
Ortenaukreis,Landkreis,2012,419,50102.0,12319397.0
Ortenaukreis,Landkreis,2013,428,50447.0,12119036.0
Ortenaukreis,Landkreis,2014,438,51771.0,12269306.0
Ortenaukreis,Landkreis,2015,431,52507.0,12457781.0
Ortenaukreis,Landkreis,2016,423,52538.0,12692214.0
Ortenaukreis,Landkreis,2017,428,54355.0,13421418.0
Ortenaukreis,Landkreis,2018,428,56412.0,14251739.0
Ortenaukreis,Landkreis,2019,432,56589.0,13876256.0
Ortenaukreis,Landkreis,2020,434,54627.0,12542673.0
Ortenaukreis,Landkreis,2021,440,54508.0,13950221.0
Ortenaukreis,Landkreis,2022,437,55443.0,15429897.0
Ortenaukreis,Landkreis,2023,439,55616.0,15034776.0
Ostalbkreis,Landkreis,1995,256,41216.0,4829504.0
Ostalbkreis,Landkreis,1996,250,40024.0,4766798.0
Ostalbkreis,Landkreis,1997,267,40229.0,4965196.0
Ostalbkreis,Landkreis,1998,267,40581.0,5167112.0
Ostalbkreis,Landkreis,1999,272,40390.0,5360473.0
Ostalbkreis,Landkreis,2000,267,40874.0,5857812.0
Ostalbkreis,Landkreis,2001,268,41740.0,6002022.0
Ostalbkreis,Landkreis,2002,275,41730.0,6024237.0
Ostalbkreis,Landkreis,2003,266,40883.0,6350932.0
Ostalbkreis,Landkreis,2004,260,40443.0,6940486.0
Ostalbkreis,Landkreis,2005,265,40363.0,7354798.0
Ostalbkreis,Landkreis,2006,269,40429.0,8150779.0
Ostalbkreis,Landkreis,2007,267,41619.0,8967446.0
Ostalbkreis,Landkreis,2008,267,43296.0,8977191.0
Ostalbkreis,Landkreis,2009,258,40503.0,7094729.0
Ostalbkreis,Landkreis,2010,257,40513.0,9083858.0
Ostalbkreis,Landkreis,2011,257,42235.0,10416149.0
Ostalbkreis,Landkreis,2012,255,43705.0,10351316.0
Ostalbkreis,Landkreis,2013,260,44501.0,10680728.0
Ostalbkreis,Landkreis,2014,259,43825.0,10848390.0
Ostalbkreis,Landkreis,2015,256,44627.0,11033003.0
Ostalbkreis,Landkreis,2016,259,44988.0,11408468.0
Ostalbkreis,Landkreis,2017,261,46018.0,12336427.0
Ostalbkreis,Landkreis,2018,264,46461.0,12933331.0
Ostalbkreis,Landkreis,2019,263,46470.0,12979221.0
Ostalbkreis,Landkreis,2020,268,45167.0,12302089.0
Ostalbkreis,Landkreis,2021,266,44906.0,13474016.0
Ostalbkreis,Landkreis,2022,264,46334.0,14577601.0
Ostalbkreis,Landkreis,2023,263,47848.0,15689942.0
Pforzheim,kreisfreie Stadt,1995,187,17336.0,1624968.0
Pforzheim,kreisfreie Stadt,1996,178,16248.0,1578587.0
Pforzheim,kreisfreie Stadt,1997,164,15335.0,1611293.0
Pforzheim,kreisfreie Stadt,1998,160,15423.0,1563746.0
Pforzheim,kreisfreie Stadt,1999,153,14860.0,1635766.0
Pforzheim,kreisfreie Stadt,2000,153,14674.0,1788830.0
Pforzheim,kreisfreie Stadt,2001,144,14212.0,1685759.0
Pforzheim,kreisfreie Stadt,2002,138,13572.0,1679887.0
Pforzheim,kreisfreie Stadt,2003,129,13148.0,1676328.0
Pforzheim,kreisfreie Stadt,2004,125,12890.0,1839032.0
Pforzheim,kreisfreie Stadt,2005,119,12509.0,1838626.0
Pforzheim,kreisfreie Stadt,2006,120,12626.0,2095172.0
Pforzheim,kreisfreie Stadt,2007,118,13081.0,2306584.0
Pforzheim,kreisfreie Stadt,2008,119,13523.0,2458269.0
Pforzheim,kreisfreie Stadt,2009,117,12252.0,2168077.0
Pforzheim,kreisfreie Stadt,2010,113,12479.0,2788835.0
Pforzheim,kreisfreie Stadt,2011,108,12846.0,5204763.0
Pforzheim,kreisfreie Stadt,2012,110,13338.0,5328480.0
Pforzheim,kreisfreie Stadt,2013,108,13465.0,4072437.0
Pforzheim,kreisfreie Stadt,2014,109,13495.0,3719469.0
Pforzheim,kreisfreie Stadt,2015,108,12923.0,3846699.0
Pforzheim,kreisfreie Stadt,2016,108,12571.0,3550897.0
Pforzheim,kreisfreie Stadt,2017,110,12856.0,3430030.0
Pforzheim,kreisfreie Stadt,2018,110,13473.0,3404079.0
Pforzheim,kreisfreie Stadt,2019,108,13489.0,3840691.0
Pforzheim,kreisfreie Stadt,2020,108,12980.0,4271821.0
Pforzheim,kreisfreie Stadt,2021,107,12849.0,5057039.0
Pforzheim,kreisfreie Stadt,2022,103,13174.0,6319959.0
Pforzheim,kreisfreie Stadt,2023,101,13351.0,5273250.0
Rastatt,Landkreis,1995,171,33759.0,4479843.0
Rastatt,Landkreis,1996,168,32960.0,4230923.0
Rastatt,Landkreis,1997,166,33479.0,3936140.0
Rastatt,Landkreis,1998,177,35692.0,6415251.0
Rastatt,Landkreis,1999,176,35957.0,7088100.0
Rastatt,Landkreis,2000,178,36442.0,7086646.0
Rastatt,Landkreis,2001,175,36846.0,7137459.0
Rastatt,Landkreis,2002,193,36086.0,7147338.0
Rastatt,Landkreis,2003,186,35336.0,7369536.0
Rastatt,Landkreis,2004,181,36489.0,8195485.0
Rastatt,Landkreis,2005,185,38329.0,11176233.0
Rastatt,Landkreis,2006,183,37743.0,11850546.0
Rastatt,Landkreis,2007,184,38330.0,11771719.0
Rastatt,Landkreis,2008,183,38111.0,11568425.0
Rastatt,Landkreis,2009,162,35357.0,9277069.0
Rastatt,Landkreis,2010,157,35138.0,10853311.0
Rastatt,Landkreis,2011,155,36340.0,10526725.0
Rastatt,Landkreis,2012,154,37234.0,12078934.0
Rastatt,Landkreis,2013,161,37492.0,15457922.0
Rastatt,Landkreis,2014,161,38279.0,18426981.0
Rastatt,Landkreis,2015,162,37973.0,21867241.0
Rastatt,Landkreis,2016,165,38821.0,20936600.0
Rastatt,Landkreis,2017,172,40167.0,21921555.0
Rastatt,Landkreis,2018,174,40551.0,20766920.0
Rastatt,Landkreis,2019,173,40411.0,22086484.0
Rastatt,Landkreis,2020,181,39135.0,20101920.0
Rastatt,Landkreis,2021,177,38074.0,19022790.0
Rastatt,Landkreis,2022,172,37242.0,23115233.0
Rastatt,Landkreis,2023,171,36564.0,24098295.0
Ravensburg,Landkreis,1995,219,28824.0,3969375.0
Ravensburg,Landkreis,1996,216,28286.0,4156262.0
Ravensburg,Landkreis,1997,225,28165.0,4176581.0
Ravensburg,Landkreis,1998,218,28395.0,4389901.0
Ravensburg,Landkreis,1999,215,28452.0,4235730.0
Ravensburg,Landkreis,2000,220,28791.0,4663998.0
Ravensburg,Landkreis,2001,225,29200.0,4671806.0
Ravensburg,Landkreis,2002,235,29036.0,4968746.0
Ravensburg,Landkreis,2003,228,28283.0,5155797.0
Ravensburg,Landkreis,2004,221,27631.0,5314651.0
Ravensburg,Landkreis,2005,227,27087.0,5530833.0
Ravensburg,Landkreis,2006,229,27245.0,5711560.0
Ravensburg,Landkreis,2007,222,27706.0,6031523.0
Ravensburg,Landkreis,2008,224,28058.0,6039281.0
Ravensburg,Landkreis,2009,213,26548.0,5033922.0
Ravensburg,Landkreis,2010,216,26962.0,5478255.0
Ravensburg,Landkreis,2011,226,28249.0,6045911.0
Ravensburg,Landkreis,2012,226,28828.0,6089275.0
Ravensburg,Landkreis,2013,229,29732.0,6566950.0
Ravensburg,Landkreis,2014,235,30478.0,6715885.0
Ravensburg,Landkreis,2015,237,30788.0,6769615.0
Ravensburg,Landkreis,2016,240,31284.0,7063414.0
Ravensburg,Landkreis,2017,247,32491.0,7292919.0
Ravensburg,Landkreis,2018,254,33321.0,7711155.0
Ravensburg,Landkreis,2019,260,34709.0,8263002.0
Ravensburg,Landkreis,2020,264,34716.0,8057950.0
Ravensburg,Landkreis,2021,256,35374.0,8921825.0
Ravensburg,Landkreis,2022,254,35814.0,9764812.0
Ravensburg,Landkreis,2023,263,36436.0,9719030.0
Rems-Murr-Kreis,Landkreis,1995,373,49589.0,6197994.0
Rems-Murr-Kreis,Landkreis,1996,367,46613.0,5931540.0
Rems-Murr-Kreis,Landkreis,1997,380,45839.0,6163396.0
Rems-Murr-Kreis,Landkreis,1998,376,46302.0,6311202.0
Rems-Murr-Kreis,Landkreis,1999,368,45614.0,6513535.0
Rems-Murr-Kreis,Landkreis,2000,364,46204.0,7169152.0
Rems-Murr-Kreis,Landkreis,2001,366,46421.0,7049989.0
Rems-Murr-Kreis,Landkreis,2002,372,45378.0,6836643.0
Rems-Murr-Kreis,Landkreis,2003,356,43111.0,6564712.0
Rems-Murr-Kreis,Landkreis,2004,351,42435.0,6654240.0
Rems-Murr-Kreis,Landkreis,2005,344,41681.0,7353447.0
Rems-Murr-Kreis,Landkreis,2006,339,41567.0,7912910.0
Rems-Murr-Kreis,Landkreis,2007,334,41880.0,7861710.0
Rems-Murr-Kreis,Landkreis,2008,327,41827.0,7415505.0
Rems-Murr-Kreis,Landkreis,2009,315,37805.0,5863657.0
Rems-Murr-Kreis,Landkreis,2010,317,38544.0,6545580.0
Rems-Murr-Kreis,Landkreis,2011,317,38528.0,7329589.0
Rems-Murr-Kreis,Landkreis,2012,317,38588.0,7446642.0
Rems-Murr-Kreis,Landkreis,2013,326,39210.0,7652942.0
Rems-Murr-Kreis,Landkreis,2014,328,39619.0,7834568.0
Rems-Murr-Kreis,Landkreis,2015,327,39877.0,8102678.0
Rems-Murr-Kreis,Landkreis,2016,329,40750.0,8192912.0
Rems-Murr-Kreis,Landkreis,2017,337,41988.0,8632423.0
Rems-Murr-Kreis,Landkreis,2018,331,42386.0,9014832.0
Rems-Murr-Kreis,Landkreis,2019,326,42536.0,8760855.0
Rems-Murr-Kreis,Landkreis,2020,338,41197.0,8226626.0
Rems-Murr-Kreis,Landkreis,2021,339,41067.0,9398122.0
Rems-Murr-Kreis,Landkreis,2022,332,41344.0,9964925.0
Rems-Murr-Kreis,Landkreis,2023,328,40716.0,9833422.0
Reutlingen,Landkreis,1995,276,32821.0,3557694.0
Reutlingen,Landkreis,1996,266,32182.0,3543295.0
Reutlingen,Landkreis,1997,278,32717.0,3915991.0
Reutlingen,Landkreis,1998,275,33530.0,4065174.0
Reutlingen,Landkreis,1999,273,33770.0,4509747.0
Reutlingen,Landkreis,2000,262,34237.0,4999811.0
Reutlingen,Landkreis,2001,260,34401.0,5788169.0
Reutlingen,Landkreis,2002,270,34549.0,5641995.0
Reutlingen,Landkreis,2003,262,34306.0,5818807.0
Reutlingen,Landkreis,2004,260,34196.0,6365041.0
Reutlingen,Landkreis,2005,257,34284.0,6398090.0
Reutlingen,Landkreis,2006,251,34358.0,6897027.0
Reutlingen,Landkreis,2007,245,34925.0,7598511.0
Reutlingen,Landkreis,2008,248,35247.0,7817650.0
Reutlingen,Landkreis,2009,234,31820.0,4989019.0
Reutlingen,Landkreis,2010,228,31195.0,6044165.0
Reutlingen,Landkreis,2011,229,32012.0,6586809.0
Reutlingen,Landkreis,2012,235,32978.0,7432459.0
Reutlingen,Landkreis,2013,240,33303.0,7679199.0
Reutlingen,Landkreis,2014,235,33341.0,8111446.0
Reutlingen,Landkreis,2015,234,34409.0,8832126.0
Reutlingen,Landkreis,2016,243,35165.0,9347345.0
Reutlingen,Landkreis,2017,238,35387.0,10046706.0
Reutlingen,Landkreis,2018,240,36215.0,10684951.0
Reutlingen,Landkreis,2019,245,36390.0,10576546.0
Reutlingen,Landkreis,2020,251,34790.0,10568096.0
Reutlingen,Landkreis,2021,242,34615.0,12457316.0
Reutlingen,Landkreis,2022,248,35772.0,15352745.0
Reutlingen,Landkreis,2023,244,36332.0,15971888.0
Rhein-Neckar-Kreis,Landkreis,1995,313,44396.0,5732227.0
Rhein-Neckar-Kreis,Landkreis,1996,313,41989.0,7307993.0
Rhein-Neckar-Kreis,Landkreis,1997,322,41898.0,7629500.0
Rhein-Neckar-Kreis,Landkreis,1998,327,42180.0,7909695.0
Rhein-Neckar-Kreis,Landkreis,1999,323,41546.0,7833339.0
Rhein-Neckar-Kreis,Landkreis,2000,311,41415.0,8037833.0
Rhein-Neckar-Kreis,Landkreis,2001,309,41223.0,8299933.0
Rhein-Neckar-Kreis,Landkreis,2002,315,39722.0,7742241.0
Rhein-Neckar-Kreis,Landkreis,2003,305,38471.0,7296771.0
Rhein-Neckar-Kreis,Landkreis,2004,303,37970.0,7706855.0
Rhein-Neckar-Kreis,Landkreis,2005,308,37587.0,8013860.0
Rhein-Neckar-Kreis,Landkreis,2006,294,36927.0,8218022.0
Rhein-Neckar-Kreis,Landkreis,2007,288,37701.0,8458040.0
Rhein-Neckar-Kreis,Landkreis,2008,287,37971.0,8434266.0
Rhein-Neckar-Kreis,Landkreis,2009,270,34471.0,6486660.0
Rhein-Neckar-Kreis,Landkreis,2010,264,33341.0,7013148.0
Rhein-Neckar-Kreis,Landkreis,2011,264,33406.0,7507527.0
Rhein-Neckar-Kreis,Landkreis,2012,270,33394.0,7337725.0
Rhein-Neckar-Kreis,Landkreis,2013,270,32669.0,7334936.0
Rhein-Neckar-Kreis,Landkreis,2014,270,31996.0,7155852.0
Rhein-Neckar-Kreis,Landkreis,2015,263,31726.0,7149410.0
Rhein-Neckar-Kreis,Landkreis,2016,263,31378.0,7094437.0
Rhein-Neckar-Kreis,Landkreis,2017,265,31734.0,7414019.0
Rhein-Neckar-Kreis,Landkreis,2018,271,32217.0,7679203.0
Rhein-Neckar-Kreis,Landkreis,2019,274,33301.0,7594795.0
Rhein-Neckar-Kreis,Landkreis,2020,280,32459.0,6978872.0
Rhein-Neckar-Kreis,Landkreis,2021,277,31946.0,7806665.0
Rhein-Neckar-Kreis,Landkreis,2022,272,32406.0,8958595.0
Rhein-Neckar-Kreis,Landkreis,2023,273,32489.0,8978276.0
Rottweil,Landkreis,1995,171,18842.0,2254402.0
Rottweil,Landkreis,1996,176,18662.0,2244370.0
Rottweil,Landkreis,1997,177,18771.0,2397311.0
Rottweil,Landkreis,1998,181,19587.0,2537447.0
Rottweil,Landkreis,1999,187,19894.0,2695923.0
Rottweil,Landkreis,2000,184,20259.0,2850304.0
Rottweil,Landkreis,2001,188,20938.0,2980868.0
Rottweil,Landkreis,2002,193,20767.0,2965671.0
Rottweil,Landkreis,2003,189,20318.0,3048434.0
Rottweil,Landkreis,2004,181,20394.0,3290356.0
Rottweil,Landkreis,2005,180,20672.0,3411042.0
Rottweil,Landkreis,2006,180,20804.0,3735549.0
Rottweil,Landkreis,2007,182,21768.0,4260032.0
Rottweil,Landkreis,2008,188,22124.0,4272373.0
Rottweil,Landkreis,2009,181,20510.0,3318154.0
Rottweil,Landkreis,2010,180,20776.0,4048606.0
Rottweil,Landkreis,2011,176,21458.0,4565692.0
Rottweil,Landkreis,2012,178,21484.0,4595825.0
Rottweil,Landkreis,2013,181,21690.0,4678204.0
Rottweil,Landkreis,2014,178,22285.0,4788857.0
Rottweil,Landkreis,2015,174,22655.0,4962119.0
Rottweil,Landkreis,2016,179,23057.0,5087682.0
Rottweil,Landkreis,2017,183,23922.0,5384094.0
Rottweil,Landkreis,2018,185,25163.0,5706066.0
Rottweil,Landkreis,2019,185,25238.0,5417272.0
Rottweil,Landkreis,2020,187,24346.0,4885503.0
Rottweil,Landkreis,2021,187,24804.0,5784774.0
Rottweil,Landkreis,2022,186,25250.0,6599261.0
Rottweil,Landkreis,2023,186,25486.0,6636333.0
Schwarzwald-Baar-Kreis,Landkreis,1995,278,29995.0,3173058.0
Schwarzwald-Baar-Kreis,Landkreis,1996,281,28794.0,3260669.0
Schwarzwald-Baar-Kreis,Landkreis,1997,280,28345.0,3445519.0
Schwarzwald-Baar-Kreis,Landkreis,1998,276,28928.0,3586122.0
Schwarzwald-Baar-Kreis,Landkreis,1999,278,28462.0,3555512.0
Schwarzwald-Baar-Kreis,Landkreis,2000,273,28333.0,3847079.0
Schwarzwald-Baar-Kreis,Landkreis,2001,286,29288.0,3956288.0
Schwarzwald-Baar-Kreis,Landkreis,2002,296,29108.0,3759173.0
Schwarzwald-Baar-Kreis,Landkreis,2003,287,28389.0,3860932.0
Schwarzwald-Baar-Kreis,Landkreis,2004,279,27742.0,3971877.0
Schwarzwald-Baar-Kreis,Landkreis,2005,272,27697.0,4053166.0
Schwarzwald-Baar-Kreis,Landkreis,2006,275,27992.0,4488288.0
Schwarzwald-Baar-Kreis,Landkreis,2007,271,29101.0,4709662.0
Schwarzwald-Baar-Kreis,Landkreis,2008,272,29667.0,4758999.0
Schwarzwald-Baar-Kreis,Landkreis,2009,271,27753.0,3625943.0
Schwarzwald-Baar-Kreis,Landkreis,2010,264,27611.0,4461606.0
Schwarzwald-Baar-Kreis,Landkreis,2011,262,29063.0,5155195.0
Schwarzwald-Baar-Kreis,Landkreis,2012,263,29576.0,4904619.0
Schwarzwald-Baar-Kreis,Landkreis,2013,268,29462.0,4957139.0
Schwarzwald-Baar-Kreis,Landkreis,2014,265,29897.0,5123209.0
Schwarzwald-Baar-Kreis,Landkreis,2015,265,30634.0,5404609.0
Schwarzwald-Baar-Kreis,Landkreis,2016,270,30951.0,5463009.0
Schwarzwald-Baar-Kreis,Landkreis,2017,266,31822.0,5841862.0
Schwarzwald-Baar-Kreis,Landkreis,2018,275,33266.0,6051483.0
Schwarzwald-Baar-Kreis,Landkreis,2019,276,32874.0,5871260.0
Schwarzwald-Baar-Kreis,Landkreis,2020,279,31033.0,5271331.0
Schwarzwald-Baar-Kreis,Landkreis,2021,277,31237.0,6058391.0
Schwarzwald-Baar-Kreis,Landkreis,2022,270,31520.0,6620273.0
Schwarzwald-Baar-Kreis,Landkreis,2023,272,31678.0,6735572.0
Schwäbisch Hall,Landkreis,1995,190,20214.0,2831746.0
Schwäbisch Hall,Landkreis,1996,190,19877.0,2807628.0
Schwäbisch Hall,Landkreis,1997,202,20037.0,2617696.0
Schwäbisch Hall,Landkreis,1998,200,20523.0,2727139.0
Schwäbisch Hall,Landkreis,1999,213,20964.0,2900236.0
Schwäbisch Hall,Landkreis,2000,210,21246.0,3100021.0
Schwäbisch Hall,Landkreis,2001,204,21511.0,3135183.0
Schwäbisch Hall,Landkreis,2002,208,20872.0,3143601.0
Schwäbisch Hall,Landkreis,2003,199,20257.0,3132758.0
Schwäbisch Hall,Landkreis,2004,202,20418.0,3430239.0
Schwäbisch Hall,Landkreis,2005,207,21002.0,3637982.0
Schwäbisch Hall,Landkreis,2006,204,21617.0,4135387.0
Schwäbisch Hall,Landkreis,2007,208,23431.0,4605498.0
Schwäbisch Hall,Landkreis,2008,206,23984.0,4817936.0
Schwäbisch Hall,Landkreis,2009,198,23134.0,4294022.0
Schwäbisch Hall,Landkreis,2010,203,23368.0,4800093.0
Schwäbisch Hall,Landkreis,2011,213,25218.0,5487505.0
Schwäbisch Hall,Landkreis,2012,213,25882.0,5515317.0
Schwäbisch Hall,Landkreis,2013,211,26159.0,5683617.0
Schwäbisch Hall,Landkreis,2014,213,26738.0,5807290.0
Schwäbisch Hall,Landkreis,2015,214,27224.0,5739019.0
Schwäbisch Hall,Landkreis,2016,216,27921.0,6067683.0
Schwäbisch Hall,Landkreis,2017,222,29173.0,6383876.0
Schwäbisch Hall,Landkreis,2018,233,30814.0,6897879.0
Schwäbisch Hall,Landkreis,2019,235,31633.0,7000878.0
Schwäbisch Hall,Landkreis,2020,238,31313.0,6796794.0
Schwäbisch Hall,Landkreis,2021,235,31982.0,7370694.0
Schwäbisch Hall,Landkreis,2022,230,32326.0,8182966.0
Schwäbisch Hall,Landkreis,2023,227,32730.0,8518096.0
Sigmaringen,Landkreis,1995,152,15096.0,1882877.0
Sigmaringen,Landkreis,1996,151,14821.0,1871638.0
Sigmaringen,Landkreis,1997,151,14712.0,1866826.0
Sigmaringen,Landkreis,1998,146,14341.0,1903840.0
Sigmaringen,Landkreis,1999,146,13791.0,1923053.0
Sigmaringen,Landkreis,2000,146,13641.0,1967185.0
Sigmaringen,Landkreis,2001,144,13677.0,1958498.0
Sigmaringen,Landkreis,2002,147,13358.0,1962375.0
Sigmaringen,Landkreis,2003,146,13226.0,1894990.0
Sigmaringen,Landkreis,2004,143,13147.0,1990621.0
Sigmaringen,Landkreis,2005,145,13336.0,2110964.0
Sigmaringen,Landkreis,2006,143,13485.0,2394566.0
Sigmaringen,Landkreis,2007,144,14471.0,2604129.0
Sigmaringen,Landkreis,2008,144,14961.0,2894136.0
Sigmaringen,Landkreis,2009,146,14071.0,2251899.0
Sigmaringen,Landkreis,2010,142,13772.0,2471122.0
Sigmaringen,Landkreis,2011,140,14010.0,2550086.0
Sigmaringen,Landkreis,2012,142,14405.0,2540302.0
Sigmaringen,Landkreis,2013,149,14840.0,2561263.0
Sigmaringen,Landkreis,2014,154,15391.0,2724567.0
Sigmaringen,Landkreis,2015,156,15915.0,2775675.0
Sigmaringen,Landkreis,2016,159,16194.0,2755201.0
Sigmaringen,Landkreis,2017,160,16511.0,2930265.0
Sigmaringen,Landkreis,2018,159,16834.0,3095802.0
Sigmaringen,Landkreis,2019,163,17043.0,3128646.0
Sigmaringen,Landkreis,2020,164,16250.0,2889900.0
Sigmaringen,Landkreis,2021,161,16487.0,4225469.0
Sigmaringen,Landkreis,2022,159,16704.0,4705651.0
Sigmaringen,Landkreis,2023,162,16826.0,4935316.0
Stuttgart,kreisfreie Stadt,1995,288,87623.0,13411109.0
Stuttgart,kreisfreie Stadt,1996,275,85018.0,13543836.0
Stuttgart,kreisfreie Stadt,1997,279,84333.0,14122832.0
Stuttgart,kreisfreie Stadt,1998,280,87772.0,15037954.0
Stuttgart,kreisfreie Stadt,1999,278,87898.0,14761023.0
Stuttgart,kreisfreie Stadt,2000,273,85816.0,15342873.0
Stuttgart,kreisfreie Stadt,2001,272,85055.0,16642218.0
Stuttgart,kreisfreie Stadt,2002,269,84558.0,16117279.0
Stuttgart,kreisfreie Stadt,2003,248,80746.0,16317557.0
Stuttgart,kreisfreie Stadt,2004,240,78907.0,19210007.0
Stuttgart,kreisfreie Stadt,2005,238,76102.0,20697988.0
Stuttgart,kreisfreie Stadt,2006,232,71861.0,21304236.0
Stuttgart,kreisfreie Stadt,2007,226,69799.0,22630989.0
Stuttgart,kreisfreie Stadt,2008,225,70448.0,20973227.0
Stuttgart,kreisfreie Stadt,2009,177,62381.0,14047669.0
Stuttgart,kreisfreie Stadt,2010,175,60710.0,17410078.0
Stuttgart,kreisfreie Stadt,2011,164,61629.0,19884808.0
Stuttgart,kreisfreie Stadt,2012,158,63414.0,22570784.0
Stuttgart,kreisfreie Stadt,2013,158,64908.0,23881894.0
Stuttgart,kreisfreie Stadt,2014,150,66891.0,29871170.0
Stuttgart,kreisfreie Stadt,2015,146,68697.0,30571073.0
Stuttgart,kreisfreie Stadt,2016,144,70502.0,30826020.0
Stuttgart,kreisfreie Stadt,2017,145,71489.0,30794807.0
Stuttgart,kreisfreie Stadt,2018,148,75334.0,32682043.0
Stuttgart,kreisfreie Stadt,2019,147,77112.0,33411760.0
Stuttgart,kreisfreie Stadt,2020,149,70450.0,31909390.0
Stuttgart,kreisfreie Stadt,2021,139,68653.0,36065456.0
Stuttgart,kreisfreie Stadt,2022,135,66184.0,41383353.0
Stuttgart,kreisfreie Stadt,2023,133,67647.0,43458238.0
Tuttlingen,Landkreis,1995,218,21710.0,2176839.0
Tuttlingen,Landkreis,1996,212,21585.0,2331087.0
Tuttlingen,Landkreis,1997,222,22202.0,2555739.0
Tuttlingen,Landkreis,1998,225,23186.0,2834819.0
Tuttlingen,Landkreis,1999,238,23783.0,2899554.0
Tuttlingen,Landkreis,2000,224,23900.0,3263791.0
Tuttlingen,Landkreis,2001,222,24585.0,3436942.0
Tuttlingen,Landkreis,2002,236,25093.0,3491527.0
Tuttlingen,Landkreis,2003,233,25233.0,3588898.0
Tuttlingen,Landkreis,2004,231,25568.0,3905671.0
Tuttlingen,Landkreis,2005,232,26196.0,4169285.0
Tuttlingen,Landkreis,2006,240,26981.0,4626376.0
Tuttlingen,Landkreis,2007,240,28804.0,5098541.0
Tuttlingen,Landkreis,2008,246,29875.0,5304576.0
Tuttlingen,Landkreis,2009,247,27728.0,3997777.0
Tuttlingen,Landkreis,2010,246,28367.0,4928174.0
Tuttlingen,Landkreis,2011,258,30639.0,5694359.0
Tuttlingen,Landkreis,2012,261,31112.0,5795621.0
Tuttlingen,Landkreis,2013,258,31617.0,5976006.0
Tuttlingen,Landkreis,2014,262,32109.0,6383689.0
Tuttlingen,Landkreis,2015,261,32955.0,6783230.0
Tuttlingen,Landkreis,2016,269,33823.0,7086532.0
Tuttlingen,Landkreis,2017,271,34653.0,7575088.0
Tuttlingen,Landkreis,2018,275,36267.0,8054565.0
Tuttlingen,Landkreis,2019,282,36929.0,8005897.0
Tuttlingen,Landkreis,2020,285,35667.0,6799063.0
Tuttlingen,Landkreis,2021,287,36073.0,7847984.0
Tuttlingen,Landkreis,2022,284,36526.0,8620982.0
Tuttlingen,Landkreis,2023,285,36922.0,9215157.0
Tübingen,Landkreis,1995,155,14880.0,1702959.0
Tübingen,Landkreis,1996,154,14605.0,1710248.0
Tübingen,Landkreis,1997,155,14722.0,1803140.0
Tübingen,Landkreis,1998,155,15391.0,1985540.0
Tübingen,Landkreis,1999,155,15955.0,2143316.0
Tübingen,Landkreis,2000,153,15970.0,2260914.0
Tübingen,Landkreis,2001,156,15943.0,2321145.0
Tübingen,Landkreis,2002,162,15076.0,2226774.0
Tübingen,Landkreis,2003,159,14328.0,2191125.0
Tübingen,Landkreis,2004,150,14060.0,2362873.0
Tübingen,Landkreis,2005,149,14011.0,2602297.0
Tübingen,Landkreis,2006,147,14322.0,2850531.0
Tübingen,Landkreis,2007,148,14695.0,2914223.0
Tübingen,Landkreis,2008,149,15260.0,2940506.0
Tübingen,Landkreis,2009,131,13336.0,2059979.0
Tübingen,Landkreis,2010,126,12942.0,2242379.0
Tübingen,Landkreis,2011,130,14121.0,2561607.0
Tübingen,Landkreis,2012,131,14872.0,2614720.0
Tübingen,Landkreis,2013,131,15077.0,2722367.0
Tübingen,Landkreis,2014,131,15411.0,2720222.0
Tübingen,Landkreis,2015,130,15547.0,2528683.0
Tübingen,Landkreis,2016,133,,2737737.0
Tübingen,Landkreis,2017,136,16984.0,2892996.0
Tübingen,Landkreis,2018,138,17086.0,2861881.0
Tübingen,Landkreis,2019,135,17310.0,2847844.0
Tübingen,Landkreis,2020,134,16690.0,2652212.0
Tübingen,Landkreis,2021,141,17505.0,3066855.0
Tübingen,Landkreis,2022,139,17756.0,3271161.0
Tübingen,Landkreis,2023,142,18404.0,3273667.0
Ulm,kreisfreie Stadt,1995,97,23156.0,3964502.0
Ulm,kreisfreie Stadt,1996,94,22201.0,4020523.0
Ulm,kreisfreie Stadt,1997,97,21636.0,4135544.0
Ulm,kreisfreie Stadt,1998,102,21839.0,4345680.0
Ulm,kreisfreie Stadt,1999,105,21975.0,4545678.0
Ulm,kreisfreie Stadt,2000,107,21885.0,4739361.0
Ulm,kreisfreie Stadt,2001,106,21201.0,4781589.0
Ulm,kreisfreie Stadt,2002,108,21042.0,4805394.0
Ulm,kreisfreie Stadt,2003,109,20614.0,4945827.0
Ulm,kreisfreie Stadt,2004,106,20470.0,5234259.0
Ulm,kreisfreie Stadt,2005,101,19514.0,5294423.0
Ulm,kreisfreie Stadt,2006,98,19084.0,5757818.0
Ulm,kreisfreie Stadt,2007,100,20157.0,6336734.0
Ulm,kreisfreie Stadt,2008,101,20885.0,6791317.0
Ulm,kreisfreie Stadt,2009,94,18652.0,4907538.0
Ulm,kreisfreie Stadt,2010,95,18369.0,5094967.0
Ulm,kreisfreie Stadt,2011,94,17969.0,5514808.0
Ulm,kreisfreie Stadt,2012,90,17938.0,5245280.0
Ulm,kreisfreie Stadt,2013,88,18276.0,5145147.0
Ulm,kreisfreie Stadt,2014,86,17292.0,4250492.0
Ulm,kreisfreie Stadt,2015,84,17119.0,4319163.0
Ulm,kreisfreie Stadt,2016,84,17215.0,4811707.0
Ulm,kreisfreie Stadt,2017,80,16894.0,5105945.0
Ulm,kreisfreie Stadt,2018,81,17389.0,5381664.0
Ulm,kreisfreie Stadt,2019,82,18055.0,5516306.0
Ulm,kreisfreie Stadt,2020,82,17276.0,5526164.0
Ulm,kreisfreie Stadt,2021,81,17907.0,5988076.0
Ulm,kreisfreie Stadt,2022,81,18139.0,6582298.0
Ulm,kreisfreie Stadt,2023,83,18626.0,7033415.0
Waldshut,Landkreis,1995,128,14873.0,2238533.0
Waldshut,Landkreis,1996,124,14168.0,2051431.0
Waldshut,Landkreis,1997,125,14135.0,2405002.0
Waldshut,Landkreis,1998,127,13981.0,2659099.0
Waldshut,Landkreis,1999,122,13911.0,2950161.0
Waldshut,Landkreis,2000,124,14264.0,3150602.0
Waldshut,Landkreis,2001,121,14669.0,3219034.0
Waldshut,Landkreis,2002,123,14570.0,3221278.0
Waldshut,Landkreis,2003,124,14471.0,3263053.0
Waldshut,Landkreis,2004,121,14295.0,2564894.0
Waldshut,Landkreis,2005,122,14326.0,2749842.0
Waldshut,Landkreis,2006,119,14344.0,3038551.0
Waldshut,Landkreis,2007,118,15098.0,3223709.0
Waldshut,Landkreis,2008,116,15040.0,3256537.0
Waldshut,Landkreis,2009,109,13395.0,2639258.0
Waldshut,Landkreis,2010,107,13306.0,2886811.0
Waldshut,Landkreis,2011,108,13967.0,3096885.0
Waldshut,Landkreis,2012,102,13430.0,2900291.0
Waldshut,Landkreis,2013,109,13646.0,2992875.0
Waldshut,Landkreis,2014,111,13907.0,3052354.0
Waldshut,Landkreis,2015,111,14095.0,3407160.0
Waldshut,Landkreis,2016,110,13753.0,3293735.0
Waldshut,Landkreis,2017,113,14060.0,3375976.0
Waldshut,Landkreis,2018,114,14133.0,3395249.0
Waldshut,Landkreis,2019,114,13889.0,3888186.0
Waldshut,Landkreis,2020,111,13178.0,4322432.0
Waldshut,Landkreis,2021,108,13223.0,5002986.0
Waldshut,Landkreis,2022,107,13248.0,5546685.0
Waldshut,Landkreis,2023,113,13349.0,5683532.0
Zollernalbkreis,Landkreis,1995,305,29680.0,3204333.0
Zollernalbkreis,Landkreis,1996,286,28524.0,3180708.0
Zollernalbkreis,Landkreis,1997,282,27513.0,3259357.0
Zollernalbkreis,Landkreis,1998,268,27297.0,3375199.0
Zollernalbkreis,Landkreis,1999,267,27294.0,3460063.0
Zollernalbkreis,Landkreis,2000,259,26751.0,3562995.0
Zollernalbkreis,Landkreis,2001,244,26625.0,3515852.0
Zollernalbkreis,Landkreis,2002,239,26841.0,3402380.0
Zollernalbkreis,Landkreis,2003,219,25391.0,3243004.0
Zollernalbkreis,Landkreis,2004,215,24490.0,3310656.0
Zollernalbkreis,Landkreis,2005,216,23745.0,3427370.0
Zollernalbkreis,Landkreis,2006,213,23558.0,3655969.0
Zollernalbkreis,Landkreis,2007,206,24697.0,3944729.0
Zollernalbkreis,Landkreis,2008,207,25117.0,3979457.0
Zollernalbkreis,Landkreis,2009,197,22621.0,3075798.0
Zollernalbkreis,Landkreis,2010,191,22420.0,3544267.0
Zollernalbkreis,Landkreis,2011,198,23495.0,3869557.0
Zollernalbkreis,Landkreis,2012,192,23319.0,3859443.0
Zollernalbkreis,Landkreis,2013,192,23499.0,3968211.0
Zollernalbkreis,Landkreis,2014,193,23733.0,4116568.0
Zollernalbkreis,Landkreis,2015,190,24007.0,4399167.0
Zollernalbkreis,Landkreis,2016,193,24315.0,4607166.0
Zollernalbkreis,Landkreis,2017,192,25219.0,4814846.0
Zollernalbkreis,Landkreis,2018,197,26067.0,5077195.0
Zollernalbkreis,Landkreis,2019,204,26692.0,4937553.0
Zollernalbkreis,Landkreis,2020,209,25925.0,4561740.0
Zollernalbkreis,Landkreis,2021,212,26422.0,5225240.0
Zollernalbkreis,Landkreis,2022,211,26844.0,5552210.0
Zollernalbkreis,Landkreis,2023,214,26958.0,5610840.0
